"trip_id","taxi_id","trip_start_timestamp","trip_end_timestamp","trip_seconds","trip_miles","pickup_census_tract","dropoff_census_tract","pickup_community_area","dropoff_community_area","fare","tips","tolls","extras","trip_total","payment_type","company","pickup_centroid_latitude","pickup_centroid_longitude","pickup_centroid_location","dropoff_centroid_latitude","dropoff_centroid_longitude","dropoff_centroid_location"
"6ed9af5d9c52fdf5535fb38b760bc0bae8a5bd51","e3231f11a2e775788c4bcc58852ae4d4e3b2d78e8a2cb482b9fbdb5bf1830d8dae2ca6bb57db22d6114520b480fc36a1230e7ad84611c41004be995076d7a898","2026-05-01T00:00:00.000","2026-05-01T00:30:00.000","1672","18.25",,,"76","28","45.5","10","0","4","60","Credit Card","Sun Taxi","41.980264315","-87.913624596","POINT (-87.913624596 41.9802643146)","41.874005383","-87.66351755","POINT (-87.6635175498 41.874005383)"
"c107c04a1b74fa964072ae605bca82d9aa76d2eb","38d00610debf2306201a33902c298ea78df627880d3d19d0e190983205911a16a3ff9b26c952506731328985f618da9b074ef0d8d89970493748c8f8d2087f08","2026-05-01T00:00:00.000","2026-05-01T00:00:00.000","399","1.38",,,"8","8","6.75","0","0","0","6.75","Cash","Flash Cab","41.899602111","-87.633308037","POINT (-87.6333080367 41.899602111)","41.899602111","-87.633308037","POINT (-87.6333080367 41.899602111)"
"497b50a57cb828b7d2b8f4cff0e09394fdb539ec","b972ec70e50b0f04e4fa382c61337d527d0cdfcf2c3007f28776933fe723960f4f35af95829923b98de387e054b62c6e7b1d233e0783c19d80e4226f45581494","2026-05-01T00:00:00.000","2026-05-01T00:00:00.000","600","1.7",,,"28","8","8.75","2","0","0","10.75","Credit Card","Transit Administrative Center Inc","41.874005383","-87.66351755","POINT (-87.6635175498 41.874005383)","41.899602111","-87.633308037","POINT (-87.6333080367 41.899602111)"
"f48c3b6c5c3bb929f585a167a9fd1f7280eafaf2","85c39e068db414d181c6252a89fd822afc2e169a9a9e853a14000c4e8d301ab4158f92ddb7d420aad7b979d438b7b61b5bd888bc8803a0050af936b7f6c3e370","2026-05-01T00:00:00.000","2026-05-01T00:00:00.000","398","1.16",,,"32","8","6.75","2","0","1","10.25","Credit Card","Blue Ribbon Taxi Association","41.878865584","-87.625192142","POINT (-87.6251921424 41.8788655841)","41.899602111","-87.633308037","POINT (-87.6333080367 41.899602111)"
"14272d1dedb28d0954d3fff687788f379e0eabf7","2bb3cec6c1f7c3ea064aff56988b02be67da8f90a02af8ffe64d88b042564125da6abbcd3448bd6f7bc0836827aa8c40007fb6a72e8acd3122983486e6c26222","2026-05-01T00:00:00.000","2026-05-01T00:15:00.000","1632","18.59",,,"76","8","46.25","10.15","0","4","60.9","Credit Card","Sun Taxi","41.980264315","-87.913624596","POINT (-87.913624596 41.9802643146)","41.899602111","-87.633308037","POINT (-87.6333080367 41.899602111)"
"c245a51b52b8d78b6320fac83b6a9dbb4c9e0f69","119db775284b2ff29c31eba3cd0166a049b0a48e4f3a6ccbfbf4ce07aa861fcf363a52f35885851d6948616b46b4f77eaba65ab72567e7ebe624d243b0c8d82e","2026-05-01T00:00:00.000","2026-05-01T00:15:00.000","1212","10.77",,,"56","33","29.25","7.35","0","7","44.1","Mobile","Medallion Leasin","41.79259236","-87.769615453","POINT (-87.7696154528 41.7925923603)","41.857183858","-87.620334624","POINT (-87.6203346241 41.8571838585)"
"baecce6901ab1ef6ffeaae590b41fbfa4aa3faaa","ca83178fa4ea3bcd66fe18442103abfb68222d7a44086870f2a2ad16a8ae091062277415b3eb36b5208e701f033ff98c5a3a1ec47abe044b0c475d49e7bb1950","2026-05-01T00:00:00.000","2026-05-01T00:15:00.000","1261","11.82",,,"42","7","30.75","0","0","0","30.75","Prcard","Flash Cab","41.77887686","-87.594925439","POINT (-87.5949254391 41.7788768603)","41.922686284","-87.649488729","POINT (-87.6494887289 41.9226862843)"
"2a8a4f2ebf353692695b453f97a76bd57aa6247a","0ee86e2a204cc2224e9ff2494686ee474cce6aba093a1b9eb96b84fb0210d351254024e4ce9c9304e90372c6899ed1d35e8dce702882ba12d72ca651de70ad16","2026-05-01T00:00:00.000","2026-05-01T00:30:00.000","1923","21.48","17031980000",,"76",,"52","15","0","36.5","104","Credit Card","Sun Taxi","41.97907082","-87.903039661","POINT (-87.9030396611 41.9790708201)",,,
"2e96dbb28bb463f8bc6151f00aeecbee8bcd4706","34766262f2e312774b1ad4651b99dc23b780dbd00b658fd9425073c510a15d39b21d2c5835fdf71c447ecadcdf2211013d245331c588b302a74eb3128c5b0f83","2026-05-01T00:00:00.000","2026-05-01T00:15:00.000","1269","13.04",,,"56","39","33","7.7","0","5","46.2","Credit Card","Taxicab Insurance Agency Llc","41.79259236","-87.769615453","POINT (-87.7696154528 41.7925923603)","41.808916283","-87.596183344","POINT (-87.5961833442 41.8089162826)"
"c53dc818bc94e87ad7dc88f3725edf99afdda4aa","d6e1a9e103336c396201abe9ceb00795fcd41e14ccbf548bddc575066b1624fed9b5b8f6a4da7feaac63928742dc21554af766c0e71eef4bfa910191fe8ad001","2026-05-01T00:00:00.000","2026-05-01T00:00:00.000","422","1.57",,,"32","28","7.36","0","0","0","7.86","Mobile","Flash Cab","41.878865584","-87.625192142","POINT (-87.6251921424 41.8788655841)","41.874005383","-87.66351755","POINT (-87.6635175498 41.874005383)"
"9e3f618498fc014a30379126a03d428d01c1ddf1","3f959f9e67fb058ff7179003776c6db313d0faee0424799df92ca0c07134836fa6186ac7217c193dd51d147dce90dcc8e8e9abc840fec1fc9ed67de76e72556a","2026-05-01T00:00:00.000","2026-05-01T00:00:00.000","16","0",,,"24","24","12","0","0","0","12.5","Credit Card","Sun Taxi","41.901206994","-87.676355989","POINT (-87.6763559892 41.9012069941)","41.901206994","-87.676355989","POINT (-87.6763559892 41.9012069941)"
"e4d6e70bb24a040d511144a0b9f827d279e9b9c2","137d4f780c3823fdc5f26cec160a8c9f8eb952f769c5bc70d0bc747b3eda1d77f6c5df60f9caccccfecc6ded275a85c2cb5afcf4994f42473c445e8ef4a71e35","2026-05-01T00:00:00.000","2026-05-01T00:00:00.000","146","0.41",,,"28","28","8.5","1.2","0","0","10.2","Mobile","5 Star Taxi","41.874005383","-87.66351755","POINT (-87.6635175498 41.874005383)","41.874005383","-87.66351755","POINT (-87.6635175498 41.874005383)"
"7fa1602d02f19444055bd833307cbdd594ef26de","0d6436587c309cd68793fd45e1ca9b82b7d076cb80abd021856cc8731bcd2a6973ec8236584cfdf6a9e4c040e3724e40b6cf1dff40875c4ae7354a517eb71360","2026-05-01T00:00:00.000","2026-05-01T00:00:00.000","360","0.8",,,"28","28","9.85","0","0","0","9.85","Credit Card","Transit Administrative Center Inc","41.874005383","-87.66351755","POINT (-87.6635175498 41.874005383)","41.874005383","-87.66351755","POINT (-87.6635175498 41.874005383)"
"83defb6f253341e24be3c2d010c6e253ba38ca47","03906d62f91d139ab93f74f50d1b208805b7fbb61e8d1e414a446e6e4432a07c7e297c4aab3835173aa7e6c20088ddb3f86c6fb75cae7d6c90a483181772c2bb","2026-05-01T00:00:00.000","2026-05-01T00:15:00.000","1083","9.93",,,"76",,"26.25","0","0","5","31.25","Cash","5 Star Taxi","41.980264315","-87.913624596","POINT (-87.913624596 41.9802643146)",,,
"7e3a36bc71c6cb13398de16811585e78925adf80","eead1e2c21b26570411277cb384d3d8d072fc6da913b0617c841cfd3f6cdf40c508395c589a56d12afd2ec4002948fdeb56cb029227274b760200d7c0e2dcb1c","2026-05-01T00:00:00.000","2026-05-01T00:15:00.000","870","7.92",,,"8","35","22.55","6.96","0","0","30.01","Mobile","5 Star Taxi","41.899602111","-87.633308037","POINT (-87.6333080367 41.899602111)","41.835117986","-87.618677767","POINT (-87.6186777673 41.8351179863)"
"a3791197a61f582816bdfbdf14c70225a36919d5","1626953f5dfefe1c62e73836adb90d16258a243e46f69e3acce8d7e3ca2c283d3cffefbe5a12f7edc501101d65832fba4c1deb851c52f8652756619c56ad3bcb","2026-05-01T00:00:00.000","2026-05-01T00:00:00.000","47","0.04",,,"28","28","3.5","0","0","0","3.5","Cash","Globe Taxi","41.874005383","-87.66351755","POINT (-87.6635175498 41.874005383)","41.874005383","-87.66351755","POINT (-87.6635175498 41.874005383)"
"d06eddc331367e8282eb138f0a0157730f3a0470","f1ed053acb7ee562f935ec0660878752bf1e1de1aa458b7bbaf9fafe036c83bcb2b21c12864ffe6af9e5e0184cbf3f04b784cf4895bf999e701877809ac0fceb","2026-05-01T00:00:00.000","2026-05-01T00:15:00.000","1161","11.41",,,"76","14","29.25","0","0","0","29.25","Cash","Chicago Independents","41.980264315","-87.913624596","POINT (-87.913624596 41.9802643146)","41.968069","-87.721559063","POINT (-87.7215590627 41.968069)"
"73aa32851994d0e16993c4ba45260c853009fc5d","b889c2489ef79cdbcc7d26375dc93bdb4eb77de9f7e393990343d80168ff7bd7013ccd0b3dcd6456924ba204c257a8e145403a1f0ccc3ee9ed67e253863ac35c","2026-05-01T00:00:00.000","2026-05-01T00:30:00.000","1457","11.64",,,"8","67","30.5","0","0","0","30.5","Prcard","Flash Cab","41.899602111","-87.633308037","POINT (-87.6333080367 41.899602111)","41.775928827","-87.666596265","POINT (-87.6665962653 41.7759288274)"
"08ef88dc90712c9d7cfcb5d1edac9d6fb070d9db","38f6145c9a2b848dc1baa16fd91087e606b12bcb8757a9eb003dfab2c031fcaeb931c1ae6b486fab5f1c21037f33a187d1cb97080f4334a63f7ce0713d0f47b4","2026-05-01T00:00:00.000","2026-05-01T00:15:00.000","1260","4.7",,,"8","23","16","0","0","0","16","Cash","Transit Administrative Center Inc","41.899602111","-87.633308037","POINT (-87.6333080367 41.899602111)","41.900069603","-87.720918238","POINT (-87.7209182385 41.9000696026)"
"30dd5eafa4c47509d108e096c413c7b59c7a52c5","8023557dc87c352423d1acd20c4f6e8390d29f01902c2373f3098571125397d4b081e980e10361dde63a16a1d422175aa1589d6bd9bdffe99fcd59ebaea2ab08","2026-05-01T00:00:00.000","2026-05-01T00:15:00.000","1399","14.55",,,"76","22","55","15","0","4.5","75","Credit Card","Flash Cab","41.980264315","-87.913624596","POINT (-87.913624596 41.9802643146)","41.92276062","-87.699155343","POINT (-87.6991553432 41.9227606205)"
"56962dd71e2bc8d47a240dce7e62d96f30ab7c78","58c784c628cc2b0b77468e6a406acea729301abbc17a6240eed68ac3b5ce5a9378deffab5b2b940db6c83e7c9553eacd8fdb8d10593e071cefffe2b388af3bd7","2026-05-01T00:00:00.000","2026-05-01T00:15:00.000","1065","12.53",,,"76","22","32","10.95","0","4","47.45","Credit Card","Taxicab Insurance Agency Llc","41.980264315","-87.913624596","POINT (-87.913624596 41.9802643146)","41.92276062","-87.699155343","POINT (-87.6991553432 41.9227606205)"
"ec94d6d233061d415f0c89cb9222e94e65667326","b3ee94a13b61037620cbbfc6a4a106d2ad628a06f0988f1eba5586d5387776d3781d71244392ff9c1afd5b69e65dfec45b2a936c2d101209044ff6365121ed6f","2026-05-01T00:00:00.000","2026-05-01T00:15:00.000","780","2",,,"8","28","9.5","4","0","2","15.5","Credit Card","Transit Administrative Center Inc","41.899602111","-87.633308037","POINT (-87.6333080367 41.899602111)","41.874005383","-87.66351755","POINT (-87.6635175498 41.874005383)"
"09eed8a4728538948d277396a42aafe6b036d538","35057a271731c5b976bda25efe85aa0c1901d0a5fc9ba2b7068508375a4c43033b282303a439c95d4ef479c592268f31ac7eb0b3db8f3998aaa79e82458a1d71","2026-05-01T00:00:00.000","2026-05-01T00:30:00.000","1457","18.96",,,"76","32","46.25","12.69","0","4","63.44","Credit Card","Chicago Independents","41.980264315","-87.913624596","POINT (-87.913624596 41.9802643146)","41.878865584","-87.625192142","POINT (-87.6251921424 41.8788655841)"
"863b9b2b00af33990eb59400b6db1ac586d58a16","f9bc93a0ba6b1f18c9709a96c99bb9c5a99054b1711f80ddfe986a0f78a02470f146c48fd7d66bf74fe374f53d032676cb2fb7871afce4314dfdac97d4f22d32","2026-05-01T00:00:00.000","2026-05-01T00:00:00.000","648","3.55",,,"76",,"12","0","0","4","16.5","Credit Card","City Service","41.980264315","-87.913624596","POINT (-87.913624596 41.9802643146)",,,
"5ae99d533287be4ef9935446cb15b528280bb702","c81a672f30763423ddc7abac2b2e20a2f1ea045088ef77c48fd28823020204b955ebb5fa6cbc3b927c6ee044aaae2f09f174e1dac4195c8a378c14a2cc952093","2026-05-01T00:00:00.000","2026-05-01T00:00:00.000","296","0.51",,,"8","8","5","4.1","0","15","24.6","Credit Card","Flash Cab","41.899602111","-87.633308037","POINT (-87.6333080367 41.899602111)","41.899602111","-87.633308037","POINT (-87.6333080367 41.899602111)"
"9360cffa2936c678348fa228fc5ba0570767b25b","48c0b5669ed50a0dcd8bf0e69fd99bb2669cb027ec06c0b76f9781a5497dcb8cb04b1d3106e61447749bfbb5b6547bc82fc3e94ce2ea87b154d3f53ad364be98","2026-05-01T00:00:00.000","2026-05-01T00:00:00.000","698","3.82",,,"28","8","25","5.1","0","0","30.6","Credit Card","Flash Cab","41.874005383","-87.66351755","POINT (-87.6635175498 41.874005383)","41.899602111","-87.633308037","POINT (-87.6333080367 41.899602111)"
"954c3b4006793e96c39ea56df7db1cf4283aede9","b5ad9d970e0745256fbb7517babae43abcb43115d076dfcf4f08b427f18135fe75de72c1e3ebba579bc0a464055ca9ae6869f49fab8cc793a829e5c9f11cdf0b","2026-05-01T00:00:00.000","2026-05-01T00:30:00.000","1980","13.9",,,"56","8","37.5","0","0","4","41.5","Cash","Transit Administrative Center Inc","41.79259236","-87.769615453","POINT (-87.7696154528 41.7925923603)","41.899602111","-87.633308037","POINT (-87.6333080367 41.899602111)"
"7d5a2364bd929c1e5c07bf9e8ae6f60fc99fbcf7","02ef8f01232b1b1828f4e5e1b8e8a85cd71b67c449afafbd2dd7ab726b2bb72795fcd00a9bb2477dfa6f8a325bbfde41ae888127ecd354096a1117f5e6fd9e0d","2026-05-01T00:00:00.000","2026-05-01T00:30:00.000","1967","16.39",,,"7","71","42.75","8.65","0","0","51.4","Prcard","City Service","41.922686284","-87.649488729","POINT (-87.6494887289 41.9226862843)","41.744205146","-87.656305986","POINT (-87.6563059862 41.7442051463)"
"e3aa4f40022e5b2151ee837990c103f3d97f65c7","e168baf6e4ae34f44dd0fe4181d53ced50df8150c08c851137ae5588dbada70ccbabcad901461c5c2cdd7e8fbfb8f49a6b1bb637163f953dc7cde54469693302","2026-05-01T00:00:00.000","2026-05-01T00:30:00.000","1525","18.54",,,"76","32","45.5","5","0","5","56","Credit Card","Sun Taxi","41.980264315","-87.913624596","POINT (-87.913624596 41.9802643146)","41.878865584","-87.625192142","POINT (-87.6251921424 41.8788655841)"
"615a5749db72b8094af8fd1ff8409fe65c364e2d","617d878f0486c82431cd73a6c1cee0992947dea1140244ca6e4ad1e1e167c0e7f1f8437e3b03c2a0ba0fd5b3f3eed869ee7e1ba9c3e0afe008e819cd4aa477d4","2026-05-01T00:00:00.000","2026-05-01T00:30:00.000","1920","14.1",,,"56",,"36","0","0","22","58","Credit Card","Transit Administrative Center Inc","41.79259236","-87.769615453","POINT (-87.7696154528 41.7925923603)",,,
"7f9a8b3ce1e8c341fb313510bb5940201efd7e8b","a0144e27e6b11720292c08c38cc696f14e6254bbbad9719b78f017a6b01f99447cb485124377fdcc851e412403e14575490b637104cf6f1bf65858571a8e1e9f","2026-05-01T00:00:00.000","2026-05-01T00:15:00.000","1320","10.8",,,"56","28","28.5","0","0","4","32.5","Cash","Transit Administrative Center Inc","41.79259236","-87.769615453","POINT (-87.7696154528 41.7925923603)","41.874005383","-87.66351755","POINT (-87.6635175498 41.874005383)"
"814742b2bd5f50ca56256a6555089c9596b4f938","cb9492c5c6fd621dc2732b3bb6ade16360b9102b3e7ab8f75ebbcb3e6525cc60c199947d2e37000d7924c63390aad723b7375152b7ea09c56ab367451b8ada6c","2026-05-01T00:00:00.000","2026-05-01T00:30:00.000","1687","19.68",,,"76","33","48.25","8.06","0","5","61.81","Credit Card","Flash Cab","41.980264315","-87.913624596","POINT (-87.913624596 41.9802643146)","41.857183858","-87.620334624","POINT (-87.6203346241 41.8571838585)"
"e96d8e910cc577d191447dfdf5dc59a6a5ddc9f5","0c758d798a3980ff73e5f1a334db48be8aa4271db5d6cfa8ad373bfb347a446ac55c929253225ae8f378b24b9de916231a7b9abb29e8e33834a3500af7a20c7f","2026-05-01T00:00:00.000","2026-05-01T00:00:00.000","36","0.18",,,"56","56","3.5","0","0","0","3.5","Cash","Sun Taxi","41.79259236","-87.769615453","POINT (-87.7696154528 41.7925923603)","41.79259236","-87.769615453","POINT (-87.7696154528 41.7925923603)"
"8eade13ae0a01d0bddad2d0982ee970890f7bd56","6cf97b9e8e3e1c183c090cdd868df381de772a52987239ed053d86e2fea9e557453f8d0870893ec0a24f24b29f636671064c64f328dce32489df6de582ad95e2","2026-05-01T00:00:00.000","2026-05-01T00:15:00.000","979","13.51",,,"76","22","34","7.7","0","4","46.2","Credit Card","Flash Cab","41.980264315","-87.913624596","POINT (-87.913624596 41.9802643146)","41.92276062","-87.699155343","POINT (-87.6991553432 41.9227606205)"
"bef1b452ac62e3be4242bd82047b50b2303c9d2b","501280246f63bb05a144c72919f7c442c3a50fd9cfc2c7268fbe9f070a84024f57f633847c53bc69a4f15fddc86cc21bd454c68a1ec66839aaacb3d46646c5b2","2026-04-30T23:45:00.000","2026-05-01T00:00:00.000","918","8.61",,,"76","15","23","5.5","0","4","33","Mobile","Blue Ribbon Taxi Association","41.980264315","-87.913624596","POINT (-87.913624596 41.9802643146)","41.954027649","-87.763399032","POINT (-87.7633990316 41.9540276487)"
"1eca77bbd0410f77b32c6d1f367b6ec7e087fb1a","6a23e62ff9add07c054168d9bb0ee5c00d1a4306b3467c98f31501bb7298646ba50c1f8c8b59344393a10b79067a115eb2611486a25fb20e02dc2c92b69fcef4","2026-04-30T23:45:00.000","2026-05-01T00:00:00.000","600","1.4",,,"8","8","7.5","0","0","0","7.5","Cash","Transit Administrative Center Inc","41.899602111","-87.633308037","POINT (-87.6333080367 41.899602111)","41.899602111","-87.633308037","POINT (-87.6333080367 41.899602111)"
"7cee7a009410c98784925677835154a5187644ad","a500c0da8fa893c9bdff48770ab8acfcb8d874014a09a9bfbff7f3e682919e522adb81b4d4036f38f7fd9b6475d1bfe50c0ec5d1805bc67d21281e800073adcf","2026-04-30T23:45:00.000","2026-04-30T23:45:00.000","240","0","17031320100","17031081403","32","8","19","3.9","0","0","22.9","Credit Card","Transit Administrative Center Inc","41.884987192","-87.620992913","POINT (-87.6209929134 41.8849871918)","41.890922026","-87.618868355","POINT (-87.6188683546 41.8909220259)"
"c2eb19f44a474284126f526f921e654d56fe73b8","bb6b240ec1c7f81d5172ba0542c877115b459bb4dda1ab05b702b13bfbade6998c07cccf0607decfff9c403e40d08a631e7b5e946a8ebdc5dc4f36e662246e58","2026-04-30T23:45:00.000","2026-05-01T00:15:00.000","1491","18.09",,,"76","32","44.75","9.85","0","4","59.1","Credit Card","5 Star Taxi","41.980264315","-87.913624596","POINT (-87.913624596 41.9802643146)","41.878865584","-87.625192142","POINT (-87.6251921424 41.8788655841)"
"4e1fac22ab4844e899869a22963aa02a05a265d1","d7de5a594d0efed735dbce1fe6b9ae0651df194867e00426b93f70cadd9c00ebb6e0951de8d95cf4a50a32eb302e46f0c092453bcae803baa0a3b1b547979592","2026-04-30T23:45:00.000","2026-05-01T00:00:00.000","1019","4.8",,,"32","35","19.23","0","0","0","19.73","Mobile","Taxicab Insurance Agency Llc","41.878865584","-87.625192142","POINT (-87.6251921424 41.8788655841)","41.835117986","-87.618677767","POINT (-87.6186777673 41.8351179863)"
"a02b508fb2182d73637dc8b8ff302be4a393ad8c","a3a20d914e95d3614ffba9e5e61415aaa3aa987cb5d503e4e95a54385bdf764b102029cecdf2a544580f2e64840aae51defbb37b4eb5af247af9d6257dbc6ff0","2026-04-30T23:45:00.000","2026-05-01T00:15:00.000","1320","0",,,"56","8","65","0","0","0","65","Cash","Transit Administrative Center Inc","41.79259236","-87.769615453","POINT (-87.7696154528 41.7925923603)","41.899602111","-87.633308037","POINT (-87.6333080367 41.899602111)"
"876f1c50d59ac611ff5daca49934a046c951de40","3f365e125eb1d15aae0ae8a4bf53a01191478f26ccf00c877528ac2dcecf8cea91c1ee67aa49721351839fbc0a8fd976abc65438225bd6a39e6ef2e905977225","2026-04-30T23:45:00.000","2026-05-01T00:00:00.000","1297","17.1","17031980000","17031833000","76","28","42.25","0","0","5","47.25","Cash","5 Star Taxi","41.97907082","-87.903039661","POINT (-87.9030396611 41.9790708201)","41.88528132","-87.6572332","POINT (-87.6572331997 41.8852813201)"
"c9603edddf1f7bdda2bde73bd27113d6e1f5a983","e8d374b4e7bc344add5893f1a1ae3b611823439ac1caf06087c4bf2cb6fe114201a38c49646f2851d86f9e73c21c1e99f29903cceb84612fd1118e3224528b2b","2026-04-30T23:45:00.000","2026-04-30T23:45:00.000","3","0",,,"19","19","20.75","0","0","0","20.75","Cash","Tac - Yellow Cab Association","41.927260956","-87.765501609","POINT (-87.7655016086 41.9272609555)","41.927260956","-87.765501609","POINT (-87.7655016086 41.9272609555)"
"ee1b769f32df89036d52fce497d37e8456193516","48c0b5669ed50a0dcd8bf0e69fd99bb2669cb027ec06c0b76f9781a5497dcb8cb04b1d3106e61447749bfbb5b6547bc82fc3e94ce2ea87b154d3f53ad364be98","2026-04-30T23:45:00.000","2026-04-30T23:45:00.000","518","1.89",,,"32","28","10.36","0","0","0","10.86","Mobile","Flash Cab","41.878865584","-87.625192142","POINT (-87.6251921424 41.8788655841)","41.874005383","-87.66351755","POINT (-87.6635175498 41.874005383)"
"3e559b4e069e013429fea1fd5ae790a5c3fff68e","342474dd3a24c9d5b7dbc2514032a01ecb396624638be510614948e1bfbcaff802b12a713e58742d8597899edbcf1c4926ae2238b9612b4f8c10faad33621650","2026-04-30T23:45:00.000","2026-05-01T00:15:00.000","1920","18.6",,,"76","8","46.75","10.25","0","4","61","Credit Card","Transit Administrative Center Inc","41.980264315","-87.913624596","POINT (-87.913624596 41.9802643146)","41.899602111","-87.633308037","POINT (-87.6333080367 41.899602111)"
"17a32e9c3be4c0077d9bc6a9caa2b8521bfe488b","a5f044a163af0da6eaeff3ff2d44cead115185433a283a1d18756c23004bb5d543b779de5a0c4df2dbfb81a087bdb8ce8e724df29a7f0419fc640328c1030794","2026-04-30T23:45:00.000","2026-05-01T00:15:00.000","1260","9",,,"76",,"25.5","0","0","5","30.5","Cash","Transit Administrative Center Inc","41.980264315","-87.913624596","POINT (-87.913624596 41.9802643146)",,,
"1cbdf8c4b5a309fd58b2db98bc726d3bcfecdadd","98bce2b72cd4ab0b4eff6a8e583554a5b42a4403647952a3e1824a20e29da3f61936ff9680f72989e55c7aeece0cfe8622c587a6c36ecd1b524a0cfa533c677e","2026-04-30T23:45:00.000","2026-05-01T00:00:00.000","1266","16.08",,,"76","7","39.75","9.75","0","8.5","58.5","Mobile","Taxicab Insurance Agency Llc","41.980264315","-87.913624596","POINT (-87.913624596 41.9802643146)","41.922686284","-87.649488729","POINT (-87.6494887289 41.9226862843)"
"35d1701495493d9dd7d73798d5a280a7709cc21a","847cf962bd6f62040673e6c24c24940aeb2d7fdaa54677eed6a0aaa4aeef61984916b32d763b4baa6c32476531543bb77e2346cd64f505618f6b9d562243f950","2026-04-30T23:45:00.000","2026-04-30T23:45:00.000","180","0",,,"6","6","65","19.6","0","0","84.6","Credit Card","Transit Administrative Center Inc","41.944226601","-87.655998182","POINT (-87.6559981815 41.9442266014)","41.944226601","-87.655998182","POINT (-87.6559981815 41.9442266014)"
"58204e701f491e2755630a3562fd7047ef9332b2","309ff9f30190e038d6801051fc1b42cdefdd4169e46eedb04f92f30da4c28a40e15bbe4d1d986f074ffb17b879f817ab3ed2cf2aa1f050908b3015cf8d0fae3c","2026-04-30T23:45:00.000","2026-05-01T00:00:00.000","1326","17.76",,,"76","8","60","0","0","0","60.5","Credit Card","Taxicab Insurance Agency Llc","41.980264315","-87.913624596","POINT (-87.913624596 41.9802643146)","41.899602111","-87.633308037","POINT (-87.6333080367 41.899602111)"
"f34b28afe19d7b3932c6673a48f6f44c55264cd7","ac1f0defd00d6b7417e39256ebe1cad16b64955f9a64f2eaecee6f54e52ec118133f687c8b6603d6e9a27d86a8921fc30e1458e804686d05f9cb83751fac3382","2026-04-30T23:45:00.000","2026-05-01T00:00:00.000","1491","14.63",,,"76","6","37.5","8.4","0","4","50.4","Credit Card","City Service","41.980264315","-87.913624596","POINT (-87.913624596 41.9802643146)","41.944226601","-87.655998182","POINT (-87.6559981815 41.9442266014)"
"929e0876ecd09cca80aa5f807190f1451cb5fd2c","1f041942ef7c61fea34c62c89aea8231e4277ca158d54ef1a738be59f3099e32f7f6626f22cdd82e425bdff13f179feb3f1b12f34b8c1addd999239551c17d2d","2026-04-30T23:45:00.000","2026-05-01T00:15:00.000","1113","13.56",,,"56","41","34","0","0","5","39","Cash","Flash Cab","41.79259236","-87.769615453","POINT (-87.7696154528 41.7925923603)","41.794090253","-87.592310855","POINT (-87.592310855 41.794090253)"
"68cd09b14719518e8e61834aa0dbd6d7746ff4f6","1b7aef0344f45914e7942efad05553934fe222c880a1cb19de79fbf7c4c42213cb82f74d26f02a4ef8f42bdba220392fef9e31be732048be89111a59fedafbf4","2026-04-30T23:45:00.000","2026-05-01T00:00:00.000","1434","14.32",,,"76","6","36.25","6.11","0","4","46.86","Mobile","Globe Taxi","41.980264315","-87.913624596","POINT (-87.913624596 41.9802643146)","41.944226601","-87.655998182","POINT (-87.6559981815 41.9442266014)"
"5d9e23fa8a4beb9d495f5c4c7c00bf33026b561e","fb1ed566274f6a66dfcddbe4c014bbe87ac3516412dfe6fd4c8cb8e1a6d673215953d8fc03cdb28fcfd3b60fc9379e6d27104879c16306fbf3a1fb45c1148d83","2026-04-30T23:45:00.000","2026-05-01T00:00:00.000","425","1.41","17031833000","17031320400","28","32","7.95","0","0","0","8.45","Mobile","Sun Taxi","41.88528132","-87.6572332","POINT (-87.6572331997 41.8852813201)","41.877406123","-87.621971652","POINT (-87.6219716519 41.8774061234)"
"9c5be3ec807f94a61ed290a38685e02bdb86fbdc","68493b3174493e98d99b8493bc0902735bc099df7761d06718f1d63353a8ffbabad8499e26d59e3f7612050b815787d4699742b5b7f879a0cb92b797456e3642","2026-04-30T23:45:00.000","2026-05-01T00:00:00.000","875","2.59",,,"8","32","10.05","0","0","0","10.55","Mobile","Taxicab Insurance Agency Llc","41.899602111","-87.633308037","POINT (-87.6333080367 41.899602111)","41.878865584","-87.625192142","POINT (-87.6251921424 41.8788655841)"
"40e23fec34db143b61590019c180bffa2032997b","3f2a24e813695ce63232d6cccfc688ad3875df09b609fa761fade5314d178e3107a4e8cde05936a4d0bf8f03186e3b6f88e620da8b50a225c1d2169cdc40d10a","2026-04-30T23:45:00.000","2026-05-01T00:15:00.000","1080","7.5",,,"8","77","21.5","0","0","0","21.5","Cash","Chicago City Taxi Association","41.899602111","-87.633308037","POINT (-87.6333080367 41.899602111)","41.9867118","-87.663416405","POINT (-87.6634164054 41.9867117999)"
"7461f9861db3e64244ac2b013953ff8c8a9dcd1f","bd54bee5660726988fc54355ab54fc7cfd5c3917d911f944e24b89fc2f4c803737abffe70492bb56ee0fe0d47fe94729011e1d377b3f49092324b817599921ad","2026-04-30T23:45:00.000","2026-05-01T00:15:00.000","1733","12.96",,,"76","4","34.5","0","0","0","34.5","Cash","Taxicab Insurance Agency Llc","41.980264315","-87.913624596","POINT (-87.913624596 41.9802643146)","41.975170943","-87.687515515","POINT (-87.6875155152 41.9751709433)"
"8cfcba1b63a784bfec600eac097ed3b576717c25","38da359b5809a1970dce1d6723e217590f4cd1f8e80541b6524f8704089c4f064563caa7779299e50251b9897fc21e0420e628e75ca9f079276f3a98bc27d376","2026-04-30T23:45:00.000","2026-04-30T23:45:00.000","0","0",,,"8","8","12","3","0","0","15","Credit Card","Taxicab Insurance Agency  LLC","41.899602111","-87.633308037","POINT (-87.6333080367 41.899602111)","41.899602111","-87.633308037","POINT (-87.6333080367 41.899602111)"
"26323c04c0b182e354b3e1284e06cdc431b1fa12","2db2ec3555e44930a5d41596cb7935af41c30c30381672d3dacbddba622be2709acc6d1a40ae60e8c735765cc25983ce4a49e971b2ad6e256f413c5aefcf4606","2026-04-30T23:45:00.000","2026-05-01T00:15:00.000","1691","18.45",,,"76","8","45.75","7.54","0","4","57.79","Credit Card","Globe Taxi","41.980264315","-87.913624596","POINT (-87.913624596 41.9802643146)","41.899602111","-87.633308037","POINT (-87.6333080367 41.899602111)"
"c029286d9b9e286495349d327b86923d071837b0","f8f44c9d76773e3c761356078d786b151d2f206685454f64f76736d54bda25d7b9b96bb2271718561132707b3d65d14afbd26f146b8e6f659013376c82989ce0","2026-04-30T23:45:00.000","2026-05-01T00:15:00.000","1440","15.2",,,"76","7","38.5","8.55","0","4","51.05","Credit Card","Transit Administrative Center Inc","41.980264315","-87.913624596","POINT (-87.913624596 41.9802643146)","41.922686284","-87.649488729","POINT (-87.6494887289 41.9226862843)"
"43c1c4a7d83c9e122e0419f47288a897fd0fe9e9","58ba68a5ed675f1dd391281aa8853366f7759face1a388abf6b64c8a9e5f24d65de820eb60b293a3a8b6dbd48e8019439535d20faf2576989701a5936c4e77b8","2026-04-30T23:45:00.000","2026-04-30T23:45:00.000","120","0.2",,,"8","8","4","0","0","0","4","Cash","Transit Administrative Center Inc","41.899602111","-87.633308037","POINT (-87.6333080367 41.899602111)","41.899602111","-87.633308037","POINT (-87.6333080367 41.899602111)"
"565ecfd8b83e942f6f45ecbf9919ade9741926b3","a0cdba8d4e07e8a004a922fcafc76fb8f0105e33b923470f5d4fcb5da605c8a1c260654d038e830f2f94af40f49b296e88e4754a2cf30611d17d423db46bc433","2026-04-30T23:45:00.000","2026-05-01T00:15:00.000","1491","3.28",,,"56","56","13.25","0","0","0","13.25","Cash","Chicago Independents","41.79259236","-87.769615453","POINT (-87.7696154528 41.7925923603)","41.79259236","-87.769615453","POINT (-87.7696154528 41.7925923603)"
"8e22c5028803f2eef7b867e15b0efc853ecbf57b","f35fcc7d28fd3ca0324ad6b42c6bf1dd0413320a9c4b65cb10b92def1ea763bd2bd706f4e189be46b08d37e56f1ddb72f06d89e6a64e0cb7172e3618e519c33e","2026-04-30T23:45:00.000","2026-05-01T00:00:00.000","1517","16.49",,,"76","24","41","9.3","0","5","55.8","Credit Card","Medallion Leasin","41.980264315","-87.913624596","POINT (-87.913624596 41.9802643146)","41.901206994","-87.676355989","POINT (-87.6763559892 41.9012069941)"
"e4e0b43f81cc8b91684e64fe8ea42f8ab50f650a","8a0cbb4528e81a685396639a29b35d67d6d48bee0f6b96293ac8f5c90ad4ad9889a8b2b445c04c8dfcc90aa02eeea5d965fa469fd3854bc950b8a7357065d8e3","2026-04-30T23:45:00.000","2026-05-01T00:00:00.000","420","1.9",,,"56","65","8","10","0","4","22","Credit Card","Transit Administrative Center Inc","41.79259236","-87.769615453","POINT (-87.7696154528 41.7925923603)","41.769778059","-87.726929842","POINT (-87.7269298425 41.7697780588)"
"c08f2d7fb1c10bd1316bb3542b0872e713b4263f","2b28c5925147c07cce6761560dd01e17d5fe37d95ec609a3bf2c55e822207e20075e19a3a8f324e16fbc8589e64d241428aa788b6e794083dab6747dc34d69cf","2026-04-30T23:45:00.000","2026-05-01T00:00:00.000","1321","16.09",,,"76","7","39.75","6","0","4","50.25","Credit Card","Taxicab Insurance Agency Llc","41.980264315","-87.913624596","POINT (-87.913624596 41.9802643146)","41.922686284","-87.649488729","POINT (-87.6494887289 41.9226862843)"
"665977c5c3ccac1f9c393f013cd23dc412bd38bd","ea4daf4e61f0f63ebcab3cf3a5e6400c14f65b95b191b26a179aff51bdbf6bc692ec775a6ce1509e71434c6add26df7052ba53676268dd9ae34c58580120f430","2026-04-30T23:45:00.000","2026-05-01T00:00:00.000","1680","9.8",,,"28","43","27.25","0","0","0","27.25","Cash","Transit Administrative Center Inc","41.874005383","-87.66351755","POINT (-87.6635175498 41.874005383)","41.761577908","-87.572781987","POINT (-87.5727819867 41.7615779081)"
"95d0de95f4aa11c59fdaf00bddb83e87a5b51a80","6e40306a3a76d2e41f2530cc314ecfbd2520aae13202d7fcef97373649d1f5631936ac2b91bdfc48617f8837dc331171eaf7915604b75c8aa40ee707b68ad0da","2026-04-30T23:45:00.000","2026-05-01T00:00:00.000","891","0",,,,"28","6.25","0","0","0","6.25","Cash","Tac - Blue Diamond Dispatch",,,,"41.874005383","-87.66351755","POINT (-87.6635175498 41.874005383)"
"7746e4105ae91037532cb11a0a01ad7c1d39e755","4864601f96d54f4cf49dbf644d3ed67f3d7298f0dec20b44e78856ef064208a70977d6706cdd904a2b5b4b8bbffeaa46eb489067260e1cabea91a0663002c812","2026-04-30T23:45:00.000","2026-05-01T00:15:00.000","1714","15.99",,,"76","6","39","8.7","0","4","52.2","Credit Card","Flash Cab","41.980264315","-87.913624596","POINT (-87.913624596 41.9802643146)","41.944226601","-87.655998182","POINT (-87.6559981815 41.9442266014)"
"8793df53934b38ea48b970c9bd1dd2a634ec0ccf","7ae35df0e9996a29e76fcb12863c5a1eee8d6512695aff517344da28f1baaac08d71a805c75ded64918bb9689430e65f11f33edf8201a29c24aa363b3f845707","2026-04-30T23:45:00.000","2026-05-01T00:00:00.000","520","2.71",,,"28","8","9.75","0","0","0","9.75","Cash","Flash Cab","41.874005383","-87.66351755","POINT (-87.6635175498 41.874005383)","41.899602111","-87.633308037","POINT (-87.6333080367 41.899602111)"
"251dd56955f26f05345c70febf3cb7d5e8d1b967","d2a9362483decbe7b2d28d38ff371f05fafd542a60e8c9e4d5e3150e2c0b41b9e2b69e561807859b9ccb8c0f27922c183460b9f858df03f53b9656b8b829ceb1","2026-04-30T23:45:00.000","2026-05-01T00:15:00.000","2095","27.84","17031980000",,"76",,"66.25","26.94","0","41","134.69","Credit Card","Flash Cab","41.97907082","-87.903039661","POINT (-87.9030396611 41.9790708201)",,,
"2862e7d69fb406099e875b57952bd1f7997da75b","3b443d58fee461cd803cdf9a032f474964aabb042fc5f64d206727da21b521387e9d3c2f79fb13b467e9d74de6c8e106d446f7406d5640f6d633a18f5d9dedf7","2026-04-30T23:45:00.000","2026-05-01T00:15:00.000","1497","18.4",,,"76","8","45.25","10.75","0","8","64.5","Credit Card","City Service","41.980264315","-87.913624596","POINT (-87.913624596 41.9802643146)","41.899602111","-87.633308037","POINT (-87.6333080367 41.899602111)"
"286976b4c11ae3b76d6470e6b9bf1786b7dbd871","00c152d49563ae56e208fde25f6c65b08511d0f50259d1d902901595502fc63779169df8a8e232c444151efd3aa8fc404272dc3956cf0dedfedccea5c7cfe024","2026-04-30T23:45:00.000","2026-05-01T00:00:00.000","879","5.74",,,"76",,"16.75","5.31","0","4","26.56","Credit Card","City Service","41.980264315","-87.913624596","POINT (-87.913624596 41.9802643146)",,,
"ba86b329e583ccc342102bd83c38b31f9ca4150b","c237d44351f69d2afc9dc0cbc54c7812080b78b0e6910e3e377cfb6a2ec338bdc84e791d2ad532b15ba06bd3164795153a05c2e8878839f026d9e5493899ab18","2026-04-30T23:45:00.000","2026-05-01T00:30:00.000","1988","0.2",,,"76","76","14.25","0","0","0","14.25","Cash","Sun Taxi","41.980264315","-87.913624596","POINT (-87.913624596 41.9802643146)","41.980264315","-87.913624596","POINT (-87.913624596 41.9802643146)"
"31e8e08b2b2ac42fec14f8516dd92673bf645fea","d6ce95b77b84d97b8ef41b3410ede13388e250cba571fb12d0794f97c7f29e4c8acbfb614b0ea69e8352e6aa1cf4a3cd145e30e2855d942ce019f09c7c873db2","2026-04-30T23:45:00.000","2026-05-01T00:00:00.000","759","4.11",,,"76",,"14","4.1","0","6","24.6","Credit Card","5 Star Taxi","41.980264315","-87.913624596","POINT (-87.913624596 41.9802643146)",,,
"42ed245c5b2821ced18d1e8794e51b88758aee1a","d5dc4a704805faed89d18144387c3f5f9150df85c6ea5d15f988362001bac1e33fb467a0d76feab795533fbaffe2c25d7b3143001877fdc143f4ff3e24ae29aa","2026-04-30T23:45:00.000","2026-05-01T00:00:00.000","1316","17.14","17031980000","17031081800","76","8","42","9.3","0","4","55.8","Credit Card","Sun Taxi","41.97907082","-87.903039661","POINT (-87.9030396611 41.9790708201)","41.89321636","-87.63784421","POINT (-87.6378442095 41.8932163595)"
"b71e93b631d4f7153708fdfb7811d5bd89448df7","a04ded5c1365641c170cd53f6befbcf7d3e6234337d0f4c5d959bcb2de70fb28f57511670bdd1ad6490aa5a942a9cf685fb4deda4121e82de1b3d0c368b715e2","2026-04-30T23:45:00.000","2026-05-01T00:15:00.000","1640","15.49",,,"76","7","38.75","10.81","0","4","54.06","Credit Card","Sun Taxi","41.980264315","-87.913624596","POINT (-87.913624596 41.9802643146)","41.922686284","-87.649488729","POINT (-87.6494887289 41.9226862843)"
"1f0f55f2417922bbbb7d6b4ef6351de52872354b","6e40306a3a76d2e41f2530cc314ecfbd2520aae13202d7fcef97373649d1f5631936ac2b91bdfc48617f8837dc331171eaf7915604b75c8aa40ee707b68ad0da","2026-04-30T23:45:00.000","2026-04-30T23:45:00.000","388","0",,,,"28","10","0","0","0","10","Cash","Tac - Blue Diamond Dispatch",,,,"41.874005383","-87.66351755","POINT (-87.6635175498 41.874005383)"
"dc0e815c35b2098d7d241192905d6b6df43dba6e","3c98a2c64db2125afaac2c6966384270320132a6759497ff2b2d73d11acea48a591ed51e8c6607d72c3c2112a7b15499d23798a1ab591ab86c64ff416fa99114","2026-04-30T23:45:00.000","2026-05-01T00:00:00.000","1337","18.12","17031980000","17031320400","76","32","44","7.58","0","6","58.08","Credit Card","Medallion Leasin","41.97907082","-87.903039661","POINT (-87.9030396611 41.9790708201)","41.877406123","-87.621971652","POINT (-87.6219716519 41.8774061234)"
"d0b330c90feefa75cb6e22afbbc3cbaa5bc50c0a","062551a6a256e259d266eb4904910a6d2fe1b649bc71441bf11c66054074cf9baf7024dc1d632e89f19f3539d6fce906dfc13e45449f873cbb46509e03e52764","2026-04-30T23:45:00.000","2026-05-01T00:00:00.000","673","7.13",,,"76","10","19.75","0","0","4","23.75","Cash","Taxicab Insurance Agency Llc","41.980264315","-87.913624596","POINT (-87.913624596 41.9802643146)","41.985015101","-87.804532006","POINT (-87.8045320063 41.9850151008)"
"3c45b1d8b80823ca855c02069d672f2b9be3ab89","6f3c8bee0eb9f2eb5b7bd4c279792dbf7c2e1bd5f5c6db017087b4ee58875dc8552fb74f6345eb0e21afa044814a63c14079116be3fdd3708eea8d28d6b52f47","2026-04-30T23:45:00.000","2026-05-01T00:00:00.000","1561","15.09",,,"76","6","38.25","8.55","0","4","51.3","Credit Card","Flash Cab","41.980264315","-87.913624596","POINT (-87.913624596 41.9802643146)","41.944226601","-87.655998182","POINT (-87.6559981815 41.9442266014)"
"a1e30fb944a6fd2598a9c3caf0192121f0e39dea","249d932165de24c10140f979fa81b350183cff7ac630991ebc0e2b567883a3c60780ed9dd4f087f74022f6af1eb04d11f888b84b182f90a5e1996bc87da1fa70","2026-04-30T23:45:00.000","2026-05-01T00:00:00.000","261","0.4","17031833000","17031833000","28","28","4.5","0","0","0","5","Mobile","Globe Taxi","41.88528132","-87.6572332","POINT (-87.6572331997 41.8852813201)","41.88528132","-87.6572332","POINT (-87.6572331997 41.8852813201)"
"bf341e3243371ffaed91406ed540f233656f9f01","42bfc19863617733aaa5ef96de670e3307690921a42d3df9e13ff7a35fa621088d7656cf297d3bb44306fa4ebc03bc631afc3c050b0562dea4b0b833e85818d2","2026-04-30T23:45:00.000","2026-05-01T00:00:00.000","625","3.39",,,"7","8","13.97","0","0","0","14.47","Mobile","Sun Taxi","41.922686284","-87.649488729","POINT (-87.6494887289 41.9226862843)","41.899602111","-87.633308037","POINT (-87.6333080367 41.899602111)"
"d86f2b2f0d7a2d078ebf49001e0daba2e2e46b47","d79d3e19a1d5f6cb0cd4449d5579412262a2f1b182799d84c7d713a3f94407a121a9000223cae430e4d4b55a23b94d61d064c5c17d1f6bcf227e9df554921b77","2026-04-30T23:45:00.000","2026-05-01T00:00:00.000","425","2.26",,,"8","7","9.45","2.27","0","0","12.22","Mobile","5 Star Taxi","41.899602111","-87.633308037","POINT (-87.6333080367 41.899602111)","41.922686284","-87.649488729","POINT (-87.6494887289 41.9226862843)"
"258132313206e675f223d41dfe3de8e24166a78b","2f8c51760f8358b29119959a9a4864d3d320e18a642b598248ccab958908a1da90ed708a7665d4a22a6c0c986b048239e4cd8fcff79c744d5ea2713259678b6a","2026-04-30T23:45:00.000","2026-04-30T23:45:00.000","346","1.02",,,"32","32","6","2","0","0","8.5","Credit Card","City Service","41.878865584","-87.625192142","POINT (-87.6251921424 41.8788655841)","41.878865584","-87.625192142","POINT (-87.6251921424 41.8788655841)"
"2e5f646e29a8aff68d9614dea7ccdc0f1cd50a1a","dd2844d5f13c91c2d50ff5092bacd0f339c5b3c17376b56fa06e0acf5a7142a133994bb6aa0c8d7bbf24684cc8ed4d566533121b031f5dd76787b8bb7b1abf01","2026-04-30T23:45:00.000","2026-04-30T23:45:00.000","496","2.2",,,"24","8","9.51","1.27","0","0","11.28","Mobile","City Service","41.901206994","-87.676355989","POINT (-87.6763559892 41.9012069941)","41.899602111","-87.633308037","POINT (-87.6333080367 41.899602111)"
"f705c600caba35aff8abc20dfd7f5e1effed0ed2","c8a6bf06c8c876d9b39866d7bc6ebd853115316b3317168b3524870568672bb1eae86dd92c8b3c799cea1898add288008635a48b317b7023c427122da15d7aa2","2026-04-30T23:45:00.000","2026-04-30T23:45:00.000","0","0",,,,,"65","13.1","0","0","78.1","Credit Card","Choice Taxi Association Inc",,,,,,
"f4e332b8db3f73e115a907f8d47deae3b4a59028","38f6145c9a2b848dc1baa16fd91087e606b12bcb8757a9eb003dfab2c031fcaeb931c1ae6b486fab5f1c21037f33a187d1cb97080f4334a63f7ce0713d0f47b4","2026-04-30T23:45:00.000","2026-04-30T23:45:00.000","240","0.4",,,"8","8","5","0","0","0","5","Cash","Transit Administrative Center Inc","41.899602111","-87.633308037","POINT (-87.6333080367 41.899602111)","41.899602111","-87.633308037","POINT (-87.6333080367 41.899602111)"
"2f58650ad2f6b811b4a4add64e7c1455fcb1abef","6fd459ffaac2670ce6a096faf040b54b265ba8e619befa0f6e0b32de3ea7396d0c9632a2b9bea05ae309bcfc2c233aab67ba594425b7760d8eacd40702fc952c","2026-04-30T23:45:00.000","2026-05-01T00:15:00.000","1463","17.61",,,"76","8","43.25","9.55","0","4","57.3","Mobile","Blue Ribbon Taxi Association","41.980264315","-87.913624596","POINT (-87.913624596 41.9802643146)","41.899602111","-87.633308037","POINT (-87.6333080367 41.899602111)"
"1da282e2104767867388d843e8637082e2738a38","9e34e3008bafb42fc5fddcdc666ec08b3005f1100099c9cf7fbfc3e967b8fc6463d4dc51d87d41ca74f79504bf00e3f20cb95bc8fd7a4b53912f149e340fad98","2026-04-30T23:45:00.000","2026-05-01T00:15:00.000","1680","17.9",,,"76","8","44.5","12.5","0","5","62","Credit Card","Transit Administrative Center Inc","41.980264315","-87.913624596","POINT (-87.913624596 41.9802643146)","41.899602111","-87.633308037","POINT (-87.6333080367 41.899602111)"
"a6809b09c6dfd5bff5183074319043e641305f68","365689b9f3107b807470fe16b781f7ae5e76e057e00a195e919ada9ee717f284e3b33defa65d03e27a694085b7647267543d969f7ba519e8099af44630870914","2026-04-30T23:45:00.000","2026-05-01T00:15:00.000","1291","17.59",,,"76","28","43","0","0","4","47","Cash","Blue Ribbon Taxi Association","41.980264315","-87.913624596","POINT (-87.913624596 41.9802643146)","41.874005383","-87.66351755","POINT (-87.6635175498 41.874005383)"
"421e1cd0ea9bb0d30aaf49457ddf29d9f14449c8","727d25ef3e713739c21fdf1d666cd90359b51ddc7f410cff09b0f252b6a1add860c11efb964970e934323dce992e0a515b00889bd2e620ee3456d7ebfa33b325","2026-04-30T23:45:00.000","2026-05-01T00:00:00.000","588","1.36",,,"76","76","8.25","0","0","0","8.25","Cash","Flash Cab","41.980264315","-87.913624596","POINT (-87.913624596 41.9802643146)","41.980264315","-87.913624596","POINT (-87.913624596 41.9802643146)"
"d563f7f0f6a934a43b98f46ed8a65fec7e3119b6","1626953f5dfefe1c62e73836adb90d16258a243e46f69e3acce8d7e3ca2c283d3cffefbe5a12f7edc501101d65832fba4c1deb851c52f8652756619c56ad3bcb","2026-04-30T23:45:00.000","2026-05-01T00:00:00.000","830","11.72",,,"10","28","29.75","0","0","0","29.75","Prcard","Globe Taxi","41.985015101","-87.804532006","POINT (-87.8045320063 41.9850151008)","41.874005383","-87.66351755","POINT (-87.6635175498 41.874005383)"
"85dfd56e6d6d3b0a00e5b733ccbf642f121273b9","9fba6769e05fbc6ed6d35fadbe7c4b13907439ba4c06e678e7d85b967ac9d3ac15b26924199492a83d7dfd9e6efa044c683d88971c5807947748a72c0acae60e","2026-04-30T23:45:00.000","2026-05-01T00:15:00.000","1694","9.1",,,"76","25","25.75","9.08","0","4","39.33","Credit Card","Setare Inc","41.980264315","-87.913624596","POINT (-87.913624596 41.9802643146)","41.890608853","-87.756046711","POINT (-87.7560467111 41.8906088526)"
"07df4fb41ec699a5287f8a4e64726563bae385fc","fed019ef14a3bfeaa5ef5f523be5d8dc28943952aa66a32b169159a896a4d56b76e5069c15599c4c135c3ddc2d95ae016279442ebbac510bd03c8ff9e7bb9828","2026-04-30T23:45:00.000","2026-05-01T00:00:00.000","240","0.9","17031833000","17031081800","28","8","5.25","0","0","0","5.25","Cash","Choice Taxi Association Inc","41.88528132","-87.6572332","POINT (-87.6572331997 41.8852813201)","41.89321636","-87.63784421","POINT (-87.6378442095 41.8932163595)"
"312be78cf836119979c34a65a909f09c24ebfe0d","8b14b1329b11561a614d568ad4e470a1a9b7ea5dccce54e04f57a712726fab4f167e3a6454af62e9a59595a7e6c79f7535e0d5d1c03a6825185b5eae1a9f6ee1","2026-04-30T23:45:00.000","2026-05-01T00:00:00.000","1020","7.5",,,"56","60","22.25","0","0","4","26.25","Cash","Transit Administrative Center Inc","41.79259236","-87.769615453","POINT (-87.7696154528 41.7925923603)","41.836150155","-87.648787952","POINT (-87.6487879519 41.8361501547)"
"1d6d1651247c28ae2730e3dcaa5ce23620433b37","955eb42f62b0db8f7f4d65f7c3ebfe08fcaa734ac7a0d5d25963361dfe766114197962d0b826ac398958e0298bcc6b70517e4abf930ac0518c9018e2c0a63118","2026-04-30T23:45:00.000","2026-05-01T00:00:00.000","1200","12.72",,,"76","5","32.25","9.19","0","4","45.94","Credit Card","Blue Ribbon Taxi Association","41.980264315","-87.913624596","POINT (-87.913624596 41.9802643146)","41.947791586","-87.683834942","POINT (-87.6838349425 41.9477915865)"
"03d265f20c3e52bafc04334098545daae67345d8","cefcf124c1b1156a94b0d3c6edd07763849c63f800638f3fc436c7fa380a3b2816da93bfb9770a3815bfb17cce670956e235f5d541d15497aa8e775e97c7ce49","2026-04-30T23:45:00.000","2026-05-01T00:15:00.000","2100","12.7",,,"76","3","39.75","8.8","0","4","52.55","Credit Card","Transit Administrative Center Inc","41.980264315","-87.913624596","POINT (-87.913624596 41.9802643146)","41.96581197","-87.655878786","POINT (-87.6558787862 41.96581197)"
"f4dc1bd2bc34031e7b6022495ac52c13253f8e98","b15d5dba7f578c2e93e08c66d7a9b57bc35c9f316265cbd03116862919386a482de8184b4ebb60c6fbb0c9e3cc79a0c7192c60ea3fd5f6805d3fbf2dc6d4941b","2026-04-30T23:45:00.000","2026-05-01T00:00:00.000","495","1.07",,,"28","8","8.5","1.2","0","0","10.2","Mobile","Taxicab Insurance Agency Llc","41.874005383","-87.66351755","POINT (-87.6635175498 41.874005383)","41.899602111","-87.633308037","POINT (-87.6333080367 41.899602111)"
"10b574c56042cae5811509fbcd1eeee806bac22c","f8f7f01662762a7f517b2481ff14549a90585268c44cec1fb1e9e7608e619a1d62fb17ff781fc205043f52672cd3e43084d10f84e824a05563cb738ed35b3738","2026-04-30T23:45:00.000","2026-04-30T23:45:00.000","484","1.49",,,"32","28","8.29","0","0","0","8.79","Mobile","Chicago Independents","41.878865584","-87.625192142","POINT (-87.6251921424 41.8788655841)","41.874005383","-87.66351755","POINT (-87.6635175498 41.874005383)"
"4caf6fde3e6db65acf958abcf6c9f7854fe9b467","b7ac477e614f1f222f42c698e3f2841fb020060e62917217509f0d03770fa74a0684e6ca49d99a133b11b3fc7bc4ba058ee35d70c6a8c170454d1e05c889d202","2026-04-30T23:45:00.000","2026-05-01T00:15:00.000","1451","18.62",,,"76","33","46.25","10.35","0","5","62.1","Mobile","Taxicab Insurance Agency Llc","41.980264315","-87.913624596","POINT (-87.913624596 41.9802643146)","41.857183858","-87.620334624","POINT (-87.6203346241 41.8571838585)"
"8d5e6025cb3a809efaef2eac36eedcf6631bdeb2","0bea3de3c36237d68b009b24ee3db86c78e9e618a73a3b5776e5f4bba06775f91b3520db910d24b97d577e57c4372f5d9d2eb58d338f3a0add0e37c0f71f6701","2026-04-30T23:45:00.000","2026-05-01T00:15:00.000","2220","13.2",,,"56","8","37.75","5","0","9","51.75","Credit Card","Transit Administrative Center Inc","41.79259236","-87.769615453","POINT (-87.7696154528 41.7925923603)","41.899602111","-87.633308037","POINT (-87.6333080367 41.899602111)"
"105684fe558ffd6cf34091f9fd5097f46a79c404","f808a46257ac52d9b4a8d9df32feaf63b10542702ce6530d130e4f1e5e8781ef8ea5255fc3da50593c8f43150f7c820a0e3a81b2cc6edbc657657ea066697443","2026-04-30T23:45:00.000","2026-05-01T00:15:00.000","1380","10.7",,,"28","77","28.5","10","0","0","38.5","Credit Card","Transit Administrative Center Inc","41.874005383","-87.66351755","POINT (-87.6635175498 41.874005383)","41.9867118","-87.663416405","POINT (-87.6634164054 41.9867117999)"
"7fdf20af75c4b3c7d14cec31816a881a6af73c56","78d1ae230754ef2eca7aa3e828789bc4714b8a261a35d5a68ec99361a2ac78cadf9daceaf0feaf8965e9932ad127499fd270df74e1308b412a4da1ea8c0fbbfa","2026-04-30T23:45:00.000","2026-04-30T23:45:00.000","5","0",,,"8","8","3.25","0","0","0","3.25","Cash","City Service","41.899602111","-87.633308037","POINT (-87.6333080367 41.899602111)","41.899602111","-87.633308037","POINT (-87.6333080367 41.899602111)"
"2dc2ad6a3394911c1e14a8541993558e3ac74f55","291328f378f142203a6ffe5ac99c68d0e06c220b134093aa841dbf684207252b50a4ab24eb98ea3fe111e37c2288c09196bed631ac1de638d7be8a5f3121baf3","2026-04-30T23:45:00.000","2026-04-30T23:45:00.000","402","2.43",,,"8","24","8.46","0","0","0","8.96","Mobile","Taxicab Insurance Agency Llc","41.899602111","-87.633308037","POINT (-87.6333080367 41.899602111)","41.901206994","-87.676355989","POINT (-87.6763559892 41.9012069941)"
"2b44ef38b1b9e8ef4b96ca92c7d2c17fd9ce2515","2182f5a35823ac9d08d861dadd787f7fc399428b1b762d461df0c02d23a27005c88ee96ca30c6a21afdb8732fad57681b4107265099c17fbbb11482e0b96cd1f","2026-04-30T23:45:00.000","2026-05-01T00:00:00.000","1416","17.89","17031980000","17031081500","76","8","44.25","9.75","0","4","58.5","Credit Card","Sun Taxi","41.97907082","-87.903039661","POINT (-87.9030396611 41.9790708201)","41.892507781","-87.626214906","POINT (-87.6262149064 41.8925077809)"
"51c46d7eb05325735674cdbbefeaf81735efb809","633d35db42ebf33a041837576b68e98012ff612ed0203b1933c6aa3d0370cc47d8b02ff465956b42d274f651b67195ea69d489289fde6f46b3b9adf154bb8d87","2026-04-30T23:45:00.000","2026-04-30T23:45:00.000","60","0","17031320100","17031320100","32","32","59","11.9","0","0","70.9","Credit Card","Transit Administrative Center Inc","41.884987192","-87.620992913","POINT (-87.6209929134 41.8849871918)","41.884987192","-87.620992913","POINT (-87.6209929134 41.8849871918)"
"024aa3b71603fa6737ad16a05f1cbbeb01abb22f","0fdab9be71f6d88e3d3a2e115afc5a33d2bf74153792c50143688a9c285f33207c6dc6d558d09b16fe1d167e979b0daffaba4f089cac2517a1fab980a4386ade","2026-04-30T23:45:00.000","2026-04-30T23:45:00.000","595","4.73",,,"8","6","16.79","4.23","0","0","21.52","Mobile","City Service","41.899602111","-87.633308037","POINT (-87.6333080367 41.899602111)","41.944226601","-87.655998182","POINT (-87.6559981815 41.9442266014)"
"71aef3e3b40913854e91450ea74b2be428f15632","864e0bed592c7a476208dbb4d719f853c84d7d5e8d322ae93fa152b299b9dd52c1d91ebe6c1377adbc0678e69e3e5a1d013a4c7ce998dc476cca0e55275f077f","2026-04-30T23:45:00.000","2026-05-01T00:00:00.000","1218","14.75",,,"76","24","36.75","4","0","4","45.25","Credit Card","Flash Cab","41.980264315","-87.913624596","POINT (-87.913624596 41.9802643146)","41.901206994","-87.676355989","POINT (-87.6763559892 41.9012069941)"
"35c056aa120bc53bc85e74f45c9b7025f76e4ef4","1aa27355c709dc0cba3790a2549861c6b7864165ccf0200acea758474b04eb0c3d30bb4b69311843dff9944351170a4d0d707b2e7bd4aef1c5979b050925d38d","2026-04-30T23:45:00.000","2026-05-01T00:00:00.000","720","2.6",,,"6","8","10","0","0","0","10","Unknown","Transit Administrative Center Inc","41.944226601","-87.655998182","POINT (-87.6559981815 41.9442266014)","41.899602111","-87.633308037","POINT (-87.6333080367 41.899602111)"
"61f88957bebeb8ad9db42d154264dc4ac8396b00","1e17dd9f6bce9b805ec3f6c6b510caa5a64e4b67e9f3b79fa7ca1781d0c7970d6b754f429a79075c22e353586076b9f2f6856e8f98b31f5022751d7eb321069b","2026-04-30T23:45:00.000","2026-04-30T23:45:00.000","383","2.63",,,"32","28","11.09","0","0","0","11.59","Mobile","City Service","41.878865584","-87.625192142","POINT (-87.6251921424 41.8788655841)","41.874005383","-87.66351755","POINT (-87.6635175498 41.874005383)"
"1f2c2ace04d686feb295085cfa6d918052f10034","180309cc29892cd16348ef74d7dd6f33af87e585a29b62726b34fb9b162a881ed5825834644f61541a815f861a609b412e9535203d96f62c257b99f914b97474","2026-04-30T23:45:00.000","2026-05-01T00:45:00.000","3385","15.95",,,"56","8","43.75","9.65","0","4","57.9","Credit Card","Taxicab Insurance Agency Llc","41.79259236","-87.769615453","POINT (-87.7696154528 41.7925923603)","41.899602111","-87.633308037","POINT (-87.6333080367 41.899602111)"
"0ce31e7175f4167c0e62c23261a120362c3471be","bab73d82a115cb08f1bcd17caebbb2581e3a6f29d92adc859f44304acc357c859fb025673c5b9d6379ab41c191ca7b09fa7275a1ee66bf2e3f55215c1d838430","2026-04-30T23:45:00.000","2026-04-30T23:45:00.000","0","0",,,"28","28","3.25","0","0","0","3.25","Cash","Transit Administrative Center Inc","41.874005383","-87.66351755","POINT (-87.6635175498 41.874005383)","41.874005383","-87.66351755","POINT (-87.6635175498 41.874005383)"
"280b2f614d1170479bd1ce7355b6ea4ff4f24767","874080aaf697b6c95098044b224fe48093822dfb8bc85a2092813313e5ec7d3665e7c4d627304a3b62aba48c09e8a9acb5a0a56faf279fdaabd1f1209073755e","2026-04-30T23:45:00.000","2026-05-01T00:15:00.000","1320","15",,,"76","7","37.75","5","0","4","46.75","Credit Card","Choice Taxi Association Inc","41.980264315","-87.913624596","POINT (-87.913624596 41.9802643146)","41.922686284","-87.649488729","POINT (-87.6494887289 41.9226862843)"
"703dbb71d2b82c10b3f0a2191774bb4224d7b285","8db2cff2e5d2e3703f612ee4188053f9cfc620a0861b577f4a98460dc0fd9d419a1824188d37bedf3c8f97943fb051acaf9d645e30e56c90c45a966311b17b66","2026-04-30T23:45:00.000","2026-05-01T00:00:00.000","1640","22.32",,,"25","75","51.56","0","0","0","51.56","Cash","Flash Cab","41.890608853","-87.756046711","POINT (-87.7560467111 41.8906088526)","41.689729914","-87.669054403","POINT (-87.6690544032 41.6897299145)"
"e0060237bbb99c44085d2b2dfd2b1bf1d78ee0b8","931225a382fc38a75212f9d358439aec0d9b50fdaf32ad72ab675712c03e407a9bf99bea5f85136dd82fb3044040ee8854facb01d586e9715aec7dd1ae602d69","2026-04-30T23:45:00.000","2026-05-01T00:00:00.000","913","7.57",,,"56","60","22.5","5.6","0","5","33.6","Mobile","5 Star Taxi","41.79259236","-87.769615453","POINT (-87.7696154528 41.7925923603)","41.836150155","-87.648787952","POINT (-87.6487879519 41.8361501547)"
"b2fb3efa6654f0c0f9555c253714edff35bb490a","6dcd43a953f0c1bdfc49fe8260b9504af2cc45eefdfc2266ae6b2e6f977abe8676fd0ce732e377706422d51583eda869a841f93e70d0833eed4705f4bd5e9eb2","2026-04-30T23:45:00.000","2026-05-01T00:00:00.000","1420","13.14",,,"76","5","34","7.7","0","4","46.2","Credit Card","Flash Cab","41.980264315","-87.913624596","POINT (-87.913624596 41.9802643146)","41.947791586","-87.683834942","POINT (-87.6838349425 41.9477915865)"
"e6ba74242fb88764fb6cb5e34a7f399b613c1a6b","3278a0dd17ed3de47adf8cf7236bf8f21f29e62c04394b6074ec30e2710ba95f3f5eece5ed305b5485a68619653693cc73f20de0ece0bf43c9624674782a2404","2026-04-30T23:45:00.000","2026-05-01T00:00:00.000","1560","16.8","17031980000","17031320400","76","32","41.75","8","0","4","53.75","Credit Card","Transit Administrative Center Inc","41.97907082","-87.903039661","POINT (-87.9030396611 41.9790708201)","41.877406123","-87.621971652","POINT (-87.6219716519 41.8774061234)"
"4992239254942257ad61178c8222b139bef801c0","26098afc7c6fc2d9e067c502b4a101289d018978ba915788b3f946d5db3e78d9b683ef49a1a02440950345c0361a4e6175536969cd31aa99193a9467be23f593","2026-04-30T23:45:00.000","2026-04-30T23:45:00.000","0","0",,,"7","7","3.25","0","0","0","3.25","Cash","Transit Administrative Center Inc","41.922686284","-87.649488729","POINT (-87.6494887289 41.9226862843)","41.922686284","-87.649488729","POINT (-87.6494887289 41.9226862843)"
"caf5e4abe4de42da879bc6f03323c980b575680e","780424fddffb94d4d8541780c7ad1a953ef87d12a20defd8dc6acf00a5d72b2ec302bd09117e3d4bbbbf9efcd6918f3f0ea7a46b98a4f009b380ce17e46df7a6","2026-04-30T23:45:00.000","2026-05-01T00:15:00.000","1126","11.97",,,"56","8","30.75","0","0","4","34.75","Cash","Globe Taxi","41.79259236","-87.769615453","POINT (-87.7696154528 41.7925923603)","41.899602111","-87.633308037","POINT (-87.6333080367 41.899602111)"
"82cc87cc13b0b3404f6c5dc85d82fd375404c36a","0a30368c540c335327583787a08483af4f6e2bd6a80027cc5375e3ab856032a1cdf8b448f81cc00402691db5b2fb788d6460230de0d13bdd2920e3153043f123","2026-04-30T23:45:00.000","2026-05-01T00:00:00.000","960","12.56",,,"76","21","31.75","7.25","0","4","43.5","Credit Card","Flash Cab","41.980264315","-87.913624596","POINT (-87.913624596 41.9802643146)","41.938666196","-87.711210593","POINT (-87.7112105933 41.9386661962)"
"77bf012ed557cae7d6ccc13f0ee6a5ee42d25d1b","b972ec70e50b0f04e4fa382c61337d527d0cdfcf2c3007f28776933fe723960f4f35af95829923b98de387e054b62c6e7b1d233e0783c19d80e4226f45581494","2026-04-30T23:45:00.000","2026-04-30T23:45:00.000","0","0","17031320100","17031320100","32","32","3.25","1","0","4","8.25","Credit Card","Transit Administrative Center Inc","41.884987192","-87.620992913","POINT (-87.6209929134 41.8849871918)","41.884987192","-87.620992913","POINT (-87.6209929134 41.8849871918)"
"72179842877a13f0f84ce5ee93f4af5564c29380","e6ec7ccfda661f2050f932f672395ff77cd1359b3ae62b392dd66bd46da902ce040c90870ad048e5660a5eb91e6a346091c97d5a07cebd2e37a1a7cc4db71b79","2026-04-30T23:45:00.000","2026-05-01T00:15:00.000","1631","8.7",,,"76",,"23.75","4.84","3","5","37.09","Credit Card","City Service","41.980264315","-87.913624596","POINT (-87.913624596 41.9802643146)",,,
"7616437b07932bea0d3374ea8c9ff942af7723d2","4412a6e6ef354516d00d2725e8da3000bf720b69024d0946d17b55729446756ef039dba55d92ac3a9e00a2f5bb89522c1785704eb04eda225d1d23e03dab7560","2026-04-30T23:45:00.000","2026-05-01T00:15:00.000","1020","9.4",,,"56","33","25.75","10","0","5","40.75","Credit Card","Transit Administrative Center Inc","41.79259236","-87.769615453","POINT (-87.7696154528 41.7925923603)","41.857183858","-87.620334624","POINT (-87.6203346241 41.8571838585)"
"49326ee02c83dd5323736daf97ad9efc3a72095b","3a9b3a469a10f36ddefefc31b6929bbd53fc72bd2228dee053966fc882aa8d64c3daadab32c67be5683cf0a3511ef9a05d6825ce3b38c8d113293fda0bc9ecce","2026-04-30T23:45:00.000","2026-05-01T00:15:00.000","1560","16.2",,,"76","8","40.5","10","0","9","59.5","Credit Card","Chicago Independents","41.980264315","-87.913624596","POINT (-87.913624596 41.9802643146)","41.899602111","-87.633308037","POINT (-87.6333080367 41.899602111)"
"3a642abe7cd47bccfa3ae9449cc5bb3c6151ee06","317344e0629911ce4e71936079bb16b41147a62c8ccc3d2684eff1401873095fe502cce98c0740c22f70a3773f54789e081e71fff6b80528e47bcd13e6140d07","2026-04-30T23:45:00.000","2026-05-01T00:00:00.000","1456","17.86","17031980000","17031081500","76","8","44","9.7","0","4","58.2","Credit Card","City Service","41.97907082","-87.903039661","POINT (-87.9030396611 41.9790708201)","41.892507781","-87.626214906","POINT (-87.6262149064 41.8925077809)"
"c1564d49492a7538a6ab232cce253fa2383d5f39","e2d8418fcdb061eee0a4318fba0a6a1200aaff0143feb0a74c7175a02ec7afca09f8c24de278cd0dee124d29dbfb2796407d069b90dfc13353d5d4ed02ecb0d5","2026-04-30T23:45:00.000","2026-05-01T00:00:00.000","907","4.37",,,"7","28","12.13","3","0","0","15.63","Mobile","Flash Cab","41.922686284","-87.649488729","POINT (-87.6494887289 41.9226862843)","41.874005383","-87.66351755","POINT (-87.6635175498 41.874005383)"
"d54d9496500e7c048250e2e6287a0edb65875ea5","db757f6c1157d9f81e266396132cd641837c189b803c52df09f005d4aaa36fa8f3c786b71c307bad992636122a7c61873571d96ff24468fd19e4f40d00a3da15","2026-04-30T23:45:00.000","2026-05-01T00:15:00.000","1643","12.52",,,"8","44","33.5","0","0","0","33.5","Prcard","Flash Cab","41.899602111","-87.633308037","POINT (-87.6333080367 41.899602111)","41.740205756","-87.615969523","POINT (-87.6159695226 41.7402057565)"
"2e2d06d871fdf254f9863cd5591eb0afc32e7c2d","22b403ba1c4de25cb19049e9c08b6d1339a9eea3ec06f9bad7bca4f17a7ce1b237f980cc925abad84ec75963637c6c4c517ef5319e0db76ad7046e28f43ff9cf","2026-04-30T23:45:00.000","2026-05-01T00:00:00.000","1065","4.33",,,"7","4","17.47","4.6","0","0","22.57","Mobile","Flash Cab","41.922686284","-87.649488729","POINT (-87.6494887289 41.9226862843)","41.975170943","-87.687515515","POINT (-87.6875155152 41.9751709433)"
"b7147c19934454e7b1bb8ae77f7033bf5a7d6aad","397fda5f3737a7b1a8ee587706ebb7e2ba198216728b268fc889909f961e61f46775f51289b1c4156448bbedbedf510de5b07052e95a814d2271e2f69b78011e","2026-04-30T23:45:00.000","2026-05-01T00:00:00.000","1510","18.33",,,"76","8","44.5","10.6","0","8","63.6","Credit Card","Globe Taxi","41.980264315","-87.913624596","POINT (-87.913624596 41.9802643146)","41.899602111","-87.633308037","POINT (-87.6333080367 41.899602111)"
"82316713e47b9ba7ca01d65030584904d53786c3","41b6975ac1c3e34b8eaae02219a062e5c432d8b0228590bd6e341766d66006b094db7b5d16a3d4e36dc789feb2d07da0a0126eb56b3805333162d8a49ebe05c4","2026-04-30T23:45:00.000","2026-05-01T00:15:00.000","1424","18.06",,,"76","8","44.5","5","0","5","55","Credit Card","Blue Ribbon Taxi Association","41.980264315","-87.913624596","POINT (-87.913624596 41.9802643146)","41.899602111","-87.633308037","POINT (-87.6333080367 41.899602111)"
"6e41190fd4de36828f4e262acd1e22e3f7fbd2f7","83a03e93bf25ce653700ec8360c79b5f393ab5c9167f31f9151dd36c7f91538049c1e558bcda79475f8858037ab10446b5ad23997ffea791fe87fc56304eff34","2026-04-30T23:45:00.000","2026-05-01T00:15:00.000","2100","20.7",,,"76","31","50.75","5.48","0","4","60.23","Credit Card","Transit Administrative Center Inc","41.980264315","-87.913624596","POINT (-87.913624596 41.9802643146)","41.850266366","-87.667569312","POINT (-87.667569312 41.8502663663)"
"64b68eb906991e8466477d74a3e56eb22c8bd7c0","4b1548922ea8515b87449b239072d0729620c8de72b320f3483147801930b7afb33b5e0871a302915fba7ce5f073477474a1c360958db538a33e420c9e96e4c1","2026-04-30T23:30:00.000","2026-04-30T23:45:00.000","1496","16.65",,,"76",,"40.75","13.25","0","25","79.5","Credit Card","Sun Taxi","41.980264315","-87.913624596","POINT (-87.913624596 41.9802643146)",,,
"b201ba6f41e39c556612c3270aaa0434f38e28f6","dd38b7cebd5414ae2b17595c68048ff8745c5147487c6c21819daf489517055192acf8e79b37a52b929601021940f63b5fcae96aa07346acff8bc4298fdc9be6","2026-04-30T23:30:00.000","2026-04-30T23:45:00.000","1080","5.6",,,"8","60","21.81","0","0","0","21.81","Credit Card","Transit Administrative Center Inc","41.899602111","-87.633308037","POINT (-87.6333080367 41.899602111)","41.836150155","-87.648787952","POINT (-87.6487879519 41.8361501547)"
"dd112608f0752c157f54e96a5df68ef8c1d10be8","3ae83cc261cea27eafc3d9b18bbc93100c03762e8b6971ee60ec7c34e975fde969dfaad88186def33c7205ef5aa98f5fc01f8419f70f7f30ab5b8af02663a2e3","2026-04-30T23:30:00.000","2026-05-01T00:00:00.000","2460","16.7",,,,"19","43.75","10","0","4","57.75","Credit Card","Transit Administrative Center Inc",,,,"41.927260956","-87.765501609","POINT (-87.7655016086 41.9272609555)"
"a8cd92b747f744ad36e97e28554bb86c668f3531","ffb8cefb331d92d05289bb6d84fba73aac7ed8252c6f4b65db3ef1bde1a83cbfe7210acf34acdf74533fb3ce853d48368ba60311be5f976a38e19a90ee879e86","2026-04-30T23:30:00.000","2026-05-01T00:00:00.000","1220","15.1",,,"76","24","37.5","8.4","0","4","50.4","Credit Card","Flash Cab","41.980264315","-87.913624596","POINT (-87.913624596 41.9802643146)","41.901206994","-87.676355989","POINT (-87.6763559892 41.9012069941)"
"fc3d7b456c9e548f99b776486fdc4503c977ab51","d79d3e19a1d5f6cb0cd4449d5579412262a2f1b182799d84c7d713a3f94407a121a9000223cae430e4d4b55a23b94d61d064c5c17d1f6bcf227e9df554921b77","2026-04-30T23:30:00.000","2026-04-30T23:30:00.000","285","0.85",,,"8","8","8.5","1","0","0","10","Mobile","5 Star Taxi","41.899602111","-87.633308037","POINT (-87.6333080367 41.899602111)","41.899602111","-87.633308037","POINT (-87.6333080367 41.899602111)"
"d8c04cd64753b9190d06c63862cc88d3820b6cf8","6e806af45ec1941555166d13b8236bf14cfdd955b68738c1a587035d16bac8c226699b4ba21f8bf26b29cd0e4e8ff8d773c4ec92d2fa2baf930b9c410c4879d4","2026-04-30T23:30:00.000","2026-05-01T00:00:00.000","1763","12.52",,,"76","4","33","7.5","0","4","45","Credit Card","Sun Taxi","41.980264315","-87.913624596","POINT (-87.913624596 41.9802643146)","41.975170943","-87.687515515","POINT (-87.6875155152 41.9751709433)"
"d8bb75eb1a73a8a04c06530c4fba4c9d53b3cf36","b972ec70e50b0f04e4fa382c61337d527d0cdfcf2c3007f28776933fe723960f4f35af95829923b98de387e054b62c6e7b1d233e0783c19d80e4226f45581494","2026-04-30T23:30:00.000","2026-04-30T23:30:00.000","775","6.1",,,"32","21","19.52","0","0","0","20.02","Mobile","Tac - Yellow Cab Association","41.878865584","-87.625192142","POINT (-87.6251921424 41.8788655841)","41.938666196","-87.711210593","POINT (-87.7112105933 41.9386661962)"
"a918d0a563c3ece849b5d484cf2dda951d7ba210","b2b3941b38fad492b956dc4ec546dab16697d7071bcb02e32dc134d60ff07af848f7cc28394204910ec2e442df14f07c7c48828f1d8a317f9365e8f394ac4a8b","2026-04-30T23:30:00.000","2026-05-01T00:00:00.000","1920","17.6",,,"76","28","43.25","0","0","4","47.25","Credit Card","Transit Administrative Center Inc","41.980264315","-87.913624596","POINT (-87.913624596 41.9802643146)","41.874005383","-87.66351755","POINT (-87.6635175498 41.874005383)"
"aa60488122883a2203030451b1d105d32dbeed0b","bfb5c2ad40103c9891e7ee4713e93ccd75e741099b7498884115f8ed4a13201f14f3f33a34a5eb231f66772204ee783613e46323926be4b819f202858d693ca5","2026-04-30T23:30:00.000","2026-05-01T00:00:00.000","1255","14.13",,,"76","6","35.5","4","0","4","44","Mobile","Chicago Independents","41.980264315","-87.913624596","POINT (-87.913624596 41.9802643146)","41.944226601","-87.655998182","POINT (-87.6559981815 41.9442266014)"
"d96014e30558d30ee0a84a83c28fbf4c5881985f","b15d5dba7f578c2e93e08c66d7a9b57bc35c9f316265cbd03116862919386a482de8184b4ebb60c6fbb0c9e3cc79a0c7192c60ea3fd5f6805d3fbf2dc6d4941b","2026-04-30T23:30:00.000","2026-04-30T23:30:00.000","194","0.56",,,"28","28","5.76","0","0","0","6.26","Mobile","Taxicab Insurance Agency Llc","41.874005383","-87.66351755","POINT (-87.6635175498 41.874005383)","41.874005383","-87.66351755","POINT (-87.6635175498 41.874005383)"
"a7ac64d10815a39f73ea11494afeccc28def4300","6a23e62ff9add07c054168d9bb0ee5c00d1a4306b3467c98f31501bb7298646ba50c1f8c8b59344393a10b79067a115eb2611486a25fb20e02dc2c92b69fcef4","2026-04-30T23:30:00.000","2026-04-30T23:45:00.000","480","1.5",,,"32","8","7.5","1.5","0","0","9","Credit Card","Transit Administrative Center Inc","41.878865584","-87.625192142","POINT (-87.6251921424 41.8788655841)","41.899602111","-87.633308037","POINT (-87.6333080367 41.899602111)"
"9a768be8bee482397bb8d8b6b7f9d9f5de6b6c4e","b00c5a92a2d7cd526d9ca9a5b63b98eb3111a00db69c57548bc256f9fb41046da0fc078b2c8843dc32558517ff09fc765e6c71ebe37bc3cc6368c33d259fda92","2026-04-30T23:30:00.000","2026-05-01T00:00:00.000","1145","17.46",,,"76","28","42.75","0","0","4","47.25","Credit Card","City Service","41.980264315","-87.913624596","POINT (-87.913624596 41.9802643146)","41.874005383","-87.66351755","POINT (-87.6635175498 41.874005383)"
"d79a7712cf63e9d6856170ddc606eb6bcbcf10a7","8123ec5a70681a139fcd93fd477eec0ee05dda8298774835a80496c9e90fbb9443e5d116ba283712e1dec8fdaf9c8acb0f69a77dc20170984c5b380aa8ae3f96","2026-04-30T23:30:00.000","2026-04-30T23:45:00.000","408","1.28",,,"8","8","7.87","0","0","0","8.37","Mobile","Globe Taxi","41.899602111","-87.633308037","POINT (-87.6333080367 41.899602111)","41.899602111","-87.633308037","POINT (-87.6333080367 41.899602111)"
"a7e51f6207b50ad1fb2f33dd1a2a9ab41a8890a1","081ccd1ec8ea43f5aba0cfcc53977d1fa8cc826c708a4c9c1dde7cbe488e8e55b1427c6dbb87a287c7a317fdd368a4c2d76f06e5ed93b8cafd5861a482fa782b","2026-04-30T23:30:00.000","2026-04-30T23:30:00.000","156","0.41",,,"8","8","4.67","0","0","0","5.17","Mobile","Flash Cab","41.899602111","-87.633308037","POINT (-87.6333080367 41.899602111)","41.899602111","-87.633308037","POINT (-87.6333080367 41.899602111)"
"5aeb8aa55df896610e43c76cd49fdea82417c7b4","26a53f41b40ca4ec225a15ff55054c0a2d9e4a48341ce95682596f2545c380d83287eaf73f920a605cf5993f70436c69808adfc634e475da3ae8a73895f6a4c1","2026-04-30T23:30:00.000","2026-05-01T00:00:00.000","2220","17.6","17031980000","17031081500","76","8","43.5","12","0","4","59.5","Credit Card","Transit Administrative Center Inc","41.97907082","-87.903039661","POINT (-87.9030396611 41.9790708201)","41.892507781","-87.626214906","POINT (-87.6262149064 41.8925077809)"
"9b6d33efbf0e62274ceb3137b3b4764fe9a6745e","6e40306a3a76d2e41f2530cc314ecfbd2520aae13202d7fcef97373649d1f5631936ac2b91bdfc48617f8837dc331171eaf7915604b75c8aa40ee707b68ad0da","2026-04-30T23:30:00.000","2026-04-30T23:30:00.000","405","0",,,,"31","8","0","0","0","8","Cash","Tac - Blue Diamond Dispatch",,,,"41.850266366","-87.667569312","POINT (-87.667569312 41.8502663663)"
"511effb5b1ae4d83efa6470cce72d4eafeb271fe","5918504c9cbb82d2509426135acb6f1ffcb27587a0b11ab705a6136409a1603b01b86c8b810e4d430dadd3380252cf660cdc7da405a452f45d436bb190941e87","2026-04-30T23:30:00.000","2026-05-01T00:00:00.000","1405","11.29",,,"76","13","29.5","0","0","5","34.5","Cash","Taxicab Insurance Agency Llc","41.980264315","-87.913624596","POINT (-87.913624596 41.9802643146)","41.983636307","-87.723583185","POINT (-87.7235831853 41.9836363072)"
"b5a822b69b51ff6f54ee9f41c345d7bbe9e4d783","24d4c5e51d147aecbb7c4a1ad70c38dbc05c7b4485f6de4b41fee5ea270228859c19c4160b101df87b889acc5cc7ab49b5e0491676026518677d34ea81f76591","2026-04-30T23:30:00.000","2026-04-30T23:45:00.000","760","3.21",,,"6","77","11.81","3.23","0","0","15.54","Mobile","Taxicab Insurance Agency Llc","41.944226601","-87.655998182","POINT (-87.6559981815 41.9442266014)","41.9867118","-87.663416405","POINT (-87.6634164054 41.9867117999)"
"a38edf8ece18d2c6f159724c9f270357251a0452","edd72a023f2bffadbf0081c4bb036a7137fec79c3e9ce49125d9e5433be96896d5adf0ff5c5bae96d42d4e4c549cbfaed607629be4e7ff09649b67ad2c02e044","2026-04-30T23:30:00.000","2026-05-01T00:00:00.000","1114","8.89",,,"33","71","27.71","0","0","0","27.71","Cash","Flash Cab","41.857183858","-87.620334624","POINT (-87.6203346241 41.8571838585)","41.744205146","-87.656305986","POINT (-87.6563059862 41.7442051463)"
"d0284cf06cd0b7a44da7ba88776061ba7f64523c","135ae3e27e645db0d93702c52df40e6f0ae8b88c87869bdd6a7585a84ee4ed72641efefe7dd2d0bae191a6a6cb59f1da77fd207adffb4802e7042c296fa0e1a9","2026-04-30T23:30:00.000","2026-04-30T23:45:00.000","878","5.31",,,"31","8","20.07","0","0","0","20.57","Mobile","Flash Cab","41.850266366","-87.667569312","POINT (-87.667569312 41.8502663663)","41.899602111","-87.633308037","POINT (-87.6333080367 41.899602111)"
"7b1b7ef00bb9afafecd945af07495f639569a8fd","e585218a9f728ba533db40a74237a1caa23f01212f0fa8ec83ade5c2774f20cead93dfeb12b3cb57108aee6d05d5e7b4a135733c9e90280b50ceb58047c2adda","2026-04-30T23:30:00.000","2026-04-30T23:30:00.000","385","1.23","17031281900","17031320100","28","32","8.21","0","0","0","8.71","Mobile","Blue Ribbon Taxi Association","41.879255084","-87.642648998","POINT (-87.642648998 41.8792550844)","41.884987192","-87.620992913","POINT (-87.6209929134 41.8849871918)"
"ececae40f6a001394973d6bc9aa80889bf2782ad","f8fa70b6dff94cdd06986f0e4bf6020252284cd5e0b88f938abd84809167563fb6f887d934cbe2db07f0cfa7c3c52880028aac551cdd83b0103433d3ae545b66","2026-04-30T23:30:00.000","2026-04-30T23:45:00.000","1367","14.25",,,"76","6","36","8.9","0","8","53.4","Credit Card","Sun Taxi","41.980264315","-87.913624596","POINT (-87.913624596 41.9802643146)","41.944226601","-87.655998182","POINT (-87.6559981815 41.9442266014)"
"e78ab980a3c27ab3ec1253a86746de4397b15ca7","48b43342788ae1b9b57a4e36cf85b8555d0cae1ec42ce293a86ce86fca826c5a2293d3e5f78f65401ee9a5440a7363a59f6de11e596bc55591e5be766e0bfc80","2026-04-30T23:30:00.000","2026-04-30T23:45:00.000","1560","15.2",,,,,"37.75","15.8","2","23","78.55","Credit Card","Transit Administrative Center Inc",,,,,,
"aeb1c8d27ef5601510043d1dcc2bef667bd570cd","9af6216887942597a1374258b2818c015c78468941877a1446d4bce09daeeae7fddc4277da695e720462f5bc0f49bd3d9f93572fb1a30fa1f2b979ad673efd9e","2026-04-30T23:30:00.000","2026-04-30T23:45:00.000","868","6.22",,,"28","23","17.77","0","0","0","18.27","Mobile","5 Star Taxi","41.874005383","-87.66351755","POINT (-87.6635175498 41.874005383)","41.900069603","-87.720918238","POINT (-87.7209182385 41.9000696026)"
"5ef96fb792a5ddd58b65592bbd52b28bec1c16eb","b3d64534f81ff06a34ae1001f3f6e3831011fb0f7a6f40e56dec4ac07d1e10861c2e5cd4faef78ba995357ec822b14115eb40cbd585f4d5a73a26e14b6b3525b","2026-04-30T23:30:00.000","2026-04-30T23:45:00.000","776","3.35",,,"32","24","12.38","0","0","0","12.88","Mobile","Taxicab Insurance Agency Llc","41.878865584","-87.625192142","POINT (-87.6251921424 41.8788655841)","41.901206994","-87.676355989","POINT (-87.6763559892 41.9012069941)"
"88979be2f9ef823c115aa0ed128906c8ddedcc5a","2c2846e06a06b51bf72e041bce82b95d5471941476ff25f9dc57a53f1be89850bab3ff974c911e1eb13e2be3392cd74ab84cef84c380c94a4b6f4658744904d7","2026-04-30T23:30:00.000","2026-04-30T23:30:00.000","5","0",,,"32","32","15","2","0","0","17.5","Credit Card","Taxicab Insurance Agency Llc","41.878865584","-87.625192142","POINT (-87.6251921424 41.8788655841)","41.878865584","-87.625192142","POINT (-87.6251921424 41.8788655841)"
"627948efdee88ac182f14b13dcc0454d7f734ec0","db082c26203779f867e87e701c3c8dfebe3611670decbb96153651587a91e255ea0ab461508c603c164d4a70a0fb92099744f959a2ca6c4d3c15c3e8ce871a28","2026-04-30T23:30:00.000","2026-05-01T00:00:00.000","1061","4.96",,,"8","23","15.75","0","0","0","15.75","Cash","Flash Cab","41.899602111","-87.633308037","POINT (-87.6333080367 41.899602111)","41.900069603","-87.720918238","POINT (-87.7209182385 41.9000696026)"
"1e1d64e7b79417d084839d08f225628e6839224c","f8f44c9d76773e3c761356078d786b151d2f206685454f64f76736d54bda25d7b9b96bb2271718561132707b3d65d14afbd26f146b8e6f659013376c82989ce0","2026-04-30T23:30:00.000","2026-04-30T23:30:00.000","300","0","17031980000","17031980000","76","76","4.75","0","0","0","4.75","Cash","Transit Administrative Center Inc","41.97907082","-87.903039661","POINT (-87.9030396611 41.9790708201)","41.97907082","-87.903039661","POINT (-87.9030396611 41.9790708201)"
"42c1e6a571007d397a27161754e8356bdbd70d4b","e2d8418fcdb061eee0a4318fba0a6a1200aaff0143feb0a74c7175a02ec7afca09f8c24de278cd0dee124d29dbfb2796407d069b90dfc13353d5d4ed02ecb0d5","2026-04-30T23:30:00.000","2026-04-30T23:45:00.000","533","1.72",,,"8","7","8","0","0","0","8","Cash","Flash Cab","41.899602111","-87.633308037","POINT (-87.6333080367 41.899602111)","41.922686284","-87.649488729","POINT (-87.6494887289 41.9226862843)"
"c444a2afcf4fa305a95b7f50846da8e175478ced","5f4b687fcddac3ec50959a643b0068496ac8deb19f159968a6f1a340d83820c7103e06d6e198490215058d53afef64c18be7c48bec62a6b5f58d76e09898a84b","2026-04-30T23:30:00.000","2026-05-01T00:00:00.000","1551","20.4",,,"24","53","51.56","0","0","0","51.56","Cash","Flash Cab","41.901206994","-87.676355989","POINT (-87.6763559892 41.9012069941)","41.673819904","-87.635739777","POINT (-87.6357397768 41.6738199043)"
"bfaa5ab73a0fe2af42fb614398b94d64028e14e0","961821de614d231063968f208b3459b4cf63051528c3f8bd5ba058c3b5ababfe30c72209067e9dfece49bf49f5a19f78feda573817a433a64a5dc54391bfbf99","2026-04-30T23:30:00.000","2026-04-30T23:45:00.000","360","1.2",,,"33","32","6.75","0","0","0","6.75","Cash","Transit Administrative Center Inc","41.857183858","-87.620334624","POINT (-87.6203346241 41.8571838585)","41.878865584","-87.625192142","POINT (-87.6251921424 41.8788655841)"
"d59a1a60a32b5939e85186c0d64ec9080b1303f5","a500c0da8fa893c9bdff48770ab8acfcb8d874014a09a9bfbff7f3e682919e522adb81b4d4036f38f7fd9b6475d1bfe50c0ec5d1805bc67d21281e800073adcf","2026-04-30T23:30:00.000","2026-04-30T23:30:00.000","60","0","17031839100","17031839100","32","32","50","0","0","0","50","Cash","Transit Administrative Center Inc","41.880994471","-87.632746489","POINT (-87.6327464887 41.8809944707)","41.880994471","-87.632746489","POINT (-87.6327464887 41.8809944707)"
"e53762d15a144a284cb68731204467057ddfa502","f621299fa67bd8263e781be39bd954acda79ca9c95884949a24a35f09eec2160377ccf61c4a510b49b3fa6e40de8259c40d6f34611ef283976cb3b8cf8985bc0","2026-04-30T23:30:00.000","2026-04-30T23:45:00.000","1141","17.04",,,"76","28","41.75","0","0","4","45.75","Cash","Sun Taxi","41.980264315","-87.913624596","POINT (-87.913624596 41.9802643146)","41.874005383","-87.66351755","POINT (-87.6635175498 41.874005383)"
"24b890a1db8ad777252245f0ec95c10f5da877f0","1df52fc60f8edec541c9a014b8ecf83c86f471b328635c58b32a45d57acec8cbc2dff77dcc94dc117f2d62e8c38932dc54c7f5d9af4e9512a2797662b586261b","2026-04-30T23:30:00.000","2026-04-30T23:45:00.000","1378","13.16",,,"56","8","34.25","7.75","0","4","46.5","Mobile","Globe Taxi","41.79259236","-87.769615453","POINT (-87.7696154528 41.7925923603)","41.899602111","-87.633308037","POINT (-87.6333080367 41.899602111)"
"f307fd7c8c987dedf116ebca90bd91567c56a638","a500c0da8fa893c9bdff48770ab8acfcb8d874014a09a9bfbff7f3e682919e522adb81b4d4036f38f7fd9b6475d1bfe50c0ec5d1805bc67d21281e800073adcf","2026-04-30T23:30:00.000","2026-04-30T23:30:00.000","0","0","17031839100","17031839100","32","32","50","0","0","0","50","Credit Card","Transit Administrative Center Inc","41.880994471","-87.632746489","POINT (-87.6327464887 41.8809944707)","41.880994471","-87.632746489","POINT (-87.6327464887 41.8809944707)"
"c617ef8e4cf96beb5e8a00dbbf7b28d5195a9ff5","b41e8c8124d8d600a4db8b7c176c2956756d378c749cb11c0a8e2c326a4c1cd83cac353869b657c398c9abc2c9d1d4c760905cfd5189595282dbfbe2fb0ce482","2026-04-30T23:30:00.000","2026-04-30T23:30:00.000","0","0","17031081700",,"8",,"4","0","2.75","1","7.75","Cash","Transit Administrative Center Inc","41.892042136","-87.63186395","POINT (-87.6318639497 41.8920421365)",,,
"e586ab4a02019e974050c2fa034abd0cad2f5d75","a81170c282ccac2aee954070db5b1e42554d9330d15e5d20299d9f653dcffaf13dd28c030194dfeec156c28913b1fb589b1935520f9b8ea150ab0689ab270d46","2026-04-30T23:30:00.000","2026-05-01T00:00:00.000","1729","10.37",,,"76",,"28.5","6.8","0","5","40.8","Credit Card","Medallion Leasin","41.980264315","-87.913624596","POINT (-87.913624596 41.9802643146)",,,
"63757ac73f87289fdc05faf73317f976f4153535","e8872981b0207dc88bc7fc2778d1bf870967eb83ee03acc0fa07b067c75a418e0276a28cc68403bc249a0bdd81bbecb272004c8c3a998b71cc9d1a0520759beb","2026-04-30T23:30:00.000","2026-04-30T23:45:00.000","1423","17.44",,,"76","33","61.75","13.25","0","4","79.5","Credit Card","Taxicab Insurance Agency Llc","41.980264315","-87.913624596","POINT (-87.913624596 41.9802643146)","41.857183858","-87.620334624","POINT (-87.6203346241 41.8571838585)"
"394de5466d0efdf8907785120be911c0faecac92","093e9e4c05ea53bf75c51763839d5f5bd5d1785c11ee5ec5e805c14bcb833c9fbfd81ab2b7874a85cba14046e54062335b2221738a0bb0bf1ddcfe83a7efa382","2026-04-30T23:30:00.000","2026-04-30T23:30:00.000","496","1.85",,,"32","8","8","0","0","0","8","Cash","City Service","41.878865584","-87.625192142","POINT (-87.6251921424 41.8788655841)","41.899602111","-87.633308037","POINT (-87.6333080367 41.899602111)"
"42d89344c8fba934915a158472a2baf1f25f20ea","177e33355372f5cdbb5a2c5d0295c7576b865c622ef1ce4882c0f6a6e4ae72d24ca32e159aa0498ba2af3aed858e7c2e0b0b123d1728a573fe4132d5c02f0177","2026-04-30T23:30:00.000","2026-05-01T00:00:00.000","1860","18",,,,,"44.75","9.85","0","4","58.6","Credit Card","Chicago Independents",,,,,,
"9f1db8550810fc30c43c5cb6d102087686c7afb6","9290a8430ba3e8061554627a9b1ebc78fd78a446a92b55f693e94316ea69930e29180297a7df363fffe70f0b36e64b319e858a24ceffcbcb690d428779d6fd94","2026-04-30T23:30:00.000","2026-04-30T23:45:00.000","1260","7.2",,,"33","41","20.5","0","0","0","20.5","Unknown","Transit Administrative Center Inc","41.857183858","-87.620334624","POINT (-87.6203346241 41.8571838585)","41.794090253","-87.592310855","POINT (-87.592310855 41.794090253)"
"e55cf15ee647aa3d5cef0dee80a325bf96104dd2","687e4d96be3cc961be4ce4608d2ad3bfadf54e3bbe80d706e066fd268dea4bce387cfa66ad249143808d0fed4ac39b01ea5e1d00faca6f07496eabd519ad812f","2026-04-30T23:30:00.000","2026-04-30T23:45:00.000","806","2.1",,,"7","3","11.01","0","0","0","11.51","Mobile","City Service","41.922686284","-87.649488729","POINT (-87.6494887289 41.9226862843)","41.96581197","-87.655878786","POINT (-87.6558787862 41.96581197)"
"6752dd40d29c461490f760cec91748c307c54ac1","417500d2bdac7a8c104b98016c9518146be264963d79561964b21b504f9b5576d8d8ee51be1ad4425a2908d42ee3031e76df4f36c2e4306d000beecaa6d325f2","2026-04-30T23:30:00.000","2026-04-30T23:45:00.000","896","2.36",,,"28","32","11.67","0","0","0","12.17","Mobile","Taxicab Insurance Agency Llc","41.874005383","-87.66351755","POINT (-87.6635175498 41.874005383)","41.878865584","-87.625192142","POINT (-87.6251921424 41.8788655841)"
"84869a5e92f765b9f3fd7d9c9c0f5a1647d3fcdb","c0591d33660deb744cef729db6457d5a0924498c9ed3bb80b0160d6bdec6de41d28db4d9de45475ad8257687670f437406d85c13fe34381fb80c206745ea7dc0","2026-04-30T23:30:00.000","2026-05-01T00:15:00.000","1844","25.67",,,"76","41","61.5","16.5","0","4","82.5","Credit Card","Sun Taxi","41.980264315","-87.913624596","POINT (-87.913624596 41.9802643146)","41.794090253","-87.592310855","POINT (-87.592310855 41.794090253)"
"f22b069edfa6f95bc95251c66e2e5acfb37c0268","9d05bb1e4dcb09644d765e5a52fae9d211d80711befe07acc68054f62b98b1811c4245a6ed7d5c92c10156fef815a89689df2a8035e3170c91eb74c97965c816","2026-04-30T23:30:00.000","2026-04-30T23:45:00.000","677","8.64",,,"28","41","28.91","0","0","0","28.91","Cash","Flash Cab","41.874005383","-87.66351755","POINT (-87.6635175498 41.874005383)","41.794090253","-87.592310855","POINT (-87.592310855 41.794090253)"
"4e8321463b269ad5b1aa54740164e91b180d64a5","b972ec70e50b0f04e4fa382c61337d527d0cdfcf2c3007f28776933fe723960f4f35af95829923b98de387e054b62c6e7b1d233e0783c19d80e4226f45581494","2026-04-30T23:30:00.000","2026-04-30T23:30:00.000","0","0","17031281900",,"28",,"7","0","0","0","7","Cash","Transit Administrative Center Inc","41.879255084","-87.642648998","POINT (-87.642648998 41.8792550844)",,,
"3d8dccb6d35a2398e216d9482992fe13b54758c2","ce067b3ae7a967cf8e6937d815047e75f5374a4fdf9803a4c1f7273803a8abc1527f132af5d626868d4c6b1cfac6e03f1d560ca9bb9366c24197456fed3d8dfa","2026-04-30T23:30:00.000","2026-05-01T00:00:00.000","1291","12.01",,,"76",,"30.75","10.45","0","21","62.7","Credit Card","Sun Taxi","41.980264315","-87.913624596","POINT (-87.913624596 41.9802643146)",,,
"e96912e6184a03d69c21cf03578b3ac01fcb7429","34f13b72cc0f5eee8a0827f77e3d51707f7cdf695e7b4af811cbe05dbf04e51a283ed57964735a325c40f366a69600cf83d5d187ecf9bd7f3e1da04c2675964c","2026-04-30T23:30:00.000","2026-04-30T23:30:00.000","462","1.62",,,"7","8","8.5","2.28","0","0","11.28","Mobile","Flash Cab","41.922686284","-87.649488729","POINT (-87.6494887289 41.9226862843)","41.899602111","-87.633308037","POINT (-87.6333080367 41.899602111)"
"45eb1ae22f0a37d93527b2f5229fa1833ccb59a1","93ccda8a38077612a8f32b8bf1b430f8439cf114fefb22ce9c08d52ce90ae0769110db6a2dbde28bce0f0e33c69b79674e3cfa11cc38a93cce47eca43623c43b","2026-04-30T23:30:00.000","2026-04-30T23:45:00.000","696","7.97",,,"33","44","27.71","0","0","0","27.71","Cash","Flash Cab","41.857183858","-87.620334624","POINT (-87.6203346241 41.8571838585)","41.740205756","-87.615969523","POINT (-87.6159695226 41.7402057565)"
"0df969016790bbfe32531a2d4e857100304730b4","ca83178fa4ea3bcd66fe18442103abfb68222d7a44086870f2a2ad16a8ae091062277415b3eb36b5208e701f033ff98c5a3a1ec47abe044b0c475d49e7bb1950","2026-04-30T23:30:00.000","2026-04-30T23:30:00.000","398","0.01",,,"8","8","25.32","0","0","0","25.32","Cash","Flash Cab","41.899602111","-87.633308037","POINT (-87.6333080367 41.899602111)","41.899602111","-87.633308037","POINT (-87.6333080367 41.899602111)"
"faafb99a28511f1bb7cb1f06b5f57a5addc9de93","b587d7b411523ec3634b1f20e09baf59d90c74d746c8a0da76084b01132dcf224cb8c51cb4e8366a8067d3f9ccb028bd7af846c9fd4acf16e2fd7f00395ed6a7","2026-04-30T23:30:00.000","2026-04-30T23:45:00.000","707","6.58",,,"8","33","16.36","4.33","0","0","21.19","Mobile","Wolley Taxi","41.899602111","-87.633308037","POINT (-87.6333080367 41.899602111)","41.857183858","-87.620334624","POINT (-87.6203346241 41.8571838585)"
"3f16f338058c241e16888586e621e73bab7d207c","f6c95de604709d60bb9e583806814e1187f12a74ce65c75669ba888d1e1d87527b69563a99e4b024ca374be6f9578fed56bc16b9087822f1e1fdcaabd9ed2409","2026-04-30T23:30:00.000","2026-05-01T00:00:00.000","2112","10.17",,,"2","32","35.41","8.55","0","0","44.46","Mobile","5 Star Taxi","42.001571027","-87.695012589","POINT (-87.6950125892 42.001571027)","41.878865584","-87.625192142","POINT (-87.6251921424 41.8788655841)"
"859e8d8a7114bbfb5e183d1cc68c012d46a29a4e","0f39f6c6c68d6795ed7265671c3530c6ca3b0cfc64ffaea2e93a4c1b4ef3cafcf2320fab3a8deef23c0c8b234dcfcdad7293c3a6c8886752283dc033210e0b42","2026-04-30T23:30:00.000","2026-04-30T23:45:00.000","1543","18.1","17031980000","17031081300","76","8","45","9.9","0","4","59.4","Mobile","City Service","41.97907082","-87.903039661","POINT (-87.9030396611 41.9790708201)","41.898331794","-87.620762865","POINT (-87.6207628651 41.8983317935)"
"cd13d45c287cf0b039c520d27b87d0cf6752a3e2","95ec993d14762b5d1b7e4d2b30661da6b49b7f0c1eb20f210fbd5d49cf70de5990df25d5617483c3467e94e6a0670c629de4a83bdfd545e70444da871b70925b","2026-04-30T23:30:00.000","2026-05-01T00:00:00.000","1334","12.61",,,"76","5","32.5","7.4","0","4","44.4","Credit Card","5 Star Taxi","41.980264315","-87.913624596","POINT (-87.913624596 41.9802643146)","41.947791586","-87.683834942","POINT (-87.6838349425 41.9477915865)"
"0af6f73b09299193fe406e8d30c9b3200d8fe9e7","2696ea0536d336d599581f7b3328fb73e9d0084a73e6804f1247659f8a6408f9d88e43732e9ebf4fbdf4849008636c7f946d305b051e4343d52c3858f59fbb04","2026-04-30T23:30:00.000","2026-05-01T00:00:00.000","1349","13.74",,,"76","22","34.75","7.85","0","4","47.1","Credit Card","Sun Taxi","41.980264315","-87.913624596","POINT (-87.913624596 41.9802643146)","41.92276062","-87.699155343","POINT (-87.6991553432 41.9227606205)"
"46aa6872c31d95dddb673ffa1d57cdbe82651d5b","f22d372580a91dd7d12e47e7097cae55385ae91857e36b7905ed26e666e43afa294c97a87c9874a35a6e413bf42eab7955736ad2aa6388e43fdadd719d343796","2026-04-30T23:30:00.000","2026-05-01T00:00:00.000","1509","13.81",,,"76","6","35","11.85","0","4","51.35","Credit Card","City Service","41.980264315","-87.913624596","POINT (-87.913624596 41.9802643146)","41.944226601","-87.655998182","POINT (-87.6559981815 41.9442266014)"
"5878edc5bccca8ef5d6054d8cbf5959a5ac587fe","8bb72e3ef6a7494b80eb3bbf7777b467d4195a1ee71b354c155a51c027ddb2b559c97343fd83fc45cdf24c196d0fa14d4dd987657b08e8061ec38ae9e462944d","2026-04-30T23:30:00.000","2026-04-30T23:30:00.000","537","3.76",,,"8","6","12.45","3.22","0","0","16.17","Mobile","City Service","41.899602111","-87.633308037","POINT (-87.6333080367 41.899602111)","41.944226601","-87.655998182","POINT (-87.6559981815 41.9442266014)"
"f849f31b40e300c6ec9b603cb200eac68048b123","d7534c97e331fcad0e0c767f60c265b7396e0e40c732926b154dbaff9ae6784969e1db9de8be2bc323b161aa74d314302df04ab5e3dad986fded980d32ab2646","2026-04-30T23:30:00.000","2026-04-30T23:30:00.000","116","0.04",,,"8","8","3.75","0","0","0","3.75","Cash","Chicago Independents","41.899602111","-87.633308037","POINT (-87.6333080367 41.899602111)","41.899602111","-87.633308037","POINT (-87.6333080367 41.899602111)"
"9602d5929e298a2942f1a1b8697342a0ebbc9bbd","8c5b237e8b27de4ba2c9d903f8df2ada08258d65eeb856b6d8c460f9e4014cd0698437b8482e626d58309bbe69ec2579ae9ba3e63c822e9929ae4751d56923ae","2026-04-30T23:30:00.000","2026-05-01T00:00:00.000","1568","13.8",,,"76","3","35.25","9.94","0","4","49.69","Credit Card","Taxicab Insurance Agency Llc","41.980264315","-87.913624596","POINT (-87.913624596 41.9802643146)","41.96581197","-87.655878786","POINT (-87.6558787862 41.96581197)"
"4dfc79fe2984fa4aac0906eb25749375093df436","d6e1a9e103336c396201abe9ceb00795fcd41e14ccbf548bddc575066b1624fed9b5b8f6a4da7feaac63928742dc21554af766c0e71eef4bfa910191fe8ad001","2026-04-30T23:30:00.000","2026-04-30T23:30:00.000","327","0.81",,,"32","33","5.76","0","0","0","6.26","Mobile","Flash Cab","41.878865584","-87.625192142","POINT (-87.6251921424 41.8788655841)","41.857183858","-87.620334624","POINT (-87.6203346241 41.8571838585)"
"39d7d4791f5f5d49d040f721e0fa4fbef8c554db","e9fc2f81145c244007f76cdcb5aeb4df32d68cd4c23c164da765d98e48b176118b02a76380a44524d3f16cf675e5cd49ea530f340597f4430a942cbf6a7e3ab0","2026-04-30T23:30:00.000","2026-05-01T00:00:00.000","2280","6.7",,,"76","76","20.25","0","0","4","24.25","Cash","Transit Administrative Center Inc","41.980264315","-87.913624596","POINT (-87.913624596 41.9802643146)","41.980264315","-87.913624596","POINT (-87.913624596 41.9802643146)"
"4ee15537ab1228ae3760a35b3fc22ceb00bf5e43","b2a007b1410c7208af92ef3a97b87c0af4c3e7b49c2b765a39fccd2f06b2f836ed410f8507081389b033082d814a0ee5598e1fa925facbc5c0d20e13b7bc0e5a","2026-04-30T23:30:00.000","2026-04-30T23:45:00.000","956","13.51",,,"33","75","33.75","0","0","0","33.75","Prcard","5 Star Taxi","41.857183858","-87.620334624","POINT (-87.6203346241 41.8571838585)","41.689729914","-87.669054403","POINT (-87.6690544032 41.6897299145)"
"5acafbacac2349f2b7ac6af60457a649637de34d","24a62199cee452f09896630fe20db044999511ca2406fdd1c9b9bbe8dc7755c5edc45bfaf7330aa609060abbb1b43f3725d637e82e535d0a64067a5ccdc2f19e","2026-04-30T23:30:00.000","2026-04-30T23:45:00.000","420","1.16","17031081700","17031320100","8","32","8.5","0","0","0","9","Mobile","Medallion Leasin","41.892042136","-87.63186395","POINT (-87.6318639497 41.8920421365)","41.884987192","-87.620992913","POINT (-87.6209929134 41.8849871918)"
"28cdd3d5f8111ad4298036edcbb73a6270d0dc4f","68493b3174493e98d99b8493bc0902735bc099df7761d06718f1d63353a8ffbabad8499e26d59e3f7612050b815787d4699742b5b7f879a0cb92b797456e3642","2026-04-30T23:30:00.000","2026-04-30T23:45:00.000","467","1.38","17031081500","17031080202","8","8","7.25","0","0","0","7.25","Cash","Taxicab Insurance Agency Llc","41.892507781","-87.626214906","POINT (-87.6262149064 41.8925077809)","41.905857769","-87.630865027","POINT (-87.6308650266 41.9058577688)"
"7e3a05037fa40e156579f58b300e03b13c1d0683","282f6fefb5261b5b2642a9b4702b76641a0badbd14f304739740d72c391b07bd2c2a7107bbb67f57e9985f2a3f65658470661f6e3bc89715e99bfea1de7c5287","2026-04-30T23:30:00.000","2026-04-30T23:45:00.000","637","1.53",,,"8","8","8","1","0","1.5","11","Mobile","Taxicab Insurance Agency Llc","41.899602111","-87.633308037","POINT (-87.6333080367 41.899602111)","41.899602111","-87.633308037","POINT (-87.6333080367 41.899602111)"
"03dcdc73f79374989ca58044169f3140037e9c33","54ab53ea65bdfb30a1d764d23fa4f40261b6d8a657125abb18bb2d51deb130f318cf86d6595dd4fda9ce4ddbdfffe93384bb37326ff39d3a78da8a382a4b4d81","2026-04-30T23:30:00.000","2026-04-30T23:45:00.000","632","1.74",,,"8","8","8.5","0","0","0","9","Mobile","Flash Cab","41.899602111","-87.633308037","POINT (-87.6333080367 41.899602111)","41.899602111","-87.633308037","POINT (-87.6333080367 41.899602111)"
"b4cd3ec2e650f7657e7ec46fabfcb1c76bd27b87","64701560a769b6e4b86576d7b01b3be69e369f22653bb58e838b2a2aafbae6d4e908a019cf8547b514e798d01e0a2dd66053ba57f0731bbec6662cf250f35522","2026-04-30T23:30:00.000","2026-04-30T23:45:00.000","893","2.4",,,"32","8","10.5","0","0","0","10.5","Cash","Flash Cab","41.878865584","-87.625192142","POINT (-87.6251921424 41.8788655841)","41.899602111","-87.633308037","POINT (-87.6333080367 41.899602111)"
"9433543451c2a9254827748c7d0597ba17255e44","d404479bf8b43d677600cd9059c4917dd8fc10b51262a13215d854326b4aaccb25352deb32e235a92c5b916aa76a5d72e22e77470a0e02e3ba623a10647bd9c7","2026-04-30T23:30:00.000","2026-04-30T23:45:00.000","1680","12.9",,,"76","22","33.25","8.55","0","9","50.8","Credit Card","Transit Administrative Center Inc","41.980264315","-87.913624596","POINT (-87.913624596 41.9802643146)","41.92276062","-87.699155343","POINT (-87.6991553432 41.9227606205)"
"b91d4fa6c932b47bcdb1ffc4e1b4e5f1c3adbf2a","58ba68a5ed675f1dd391281aa8853366f7759face1a388abf6b64c8a9e5f24d65de820eb60b293a3a8b6dbd48e8019439535d20faf2576989701a5936c4e77b8","2026-04-30T23:30:00.000","2026-04-30T23:45:00.000","720","3.8",,,"8","6","17.33","0","0","0","17.33","Credit Card","Transit Administrative Center Inc","41.899602111","-87.633308037","POINT (-87.6333080367 41.899602111)","41.944226601","-87.655998182","POINT (-87.6559981815 41.9442266014)"
"0a5e4ba80323aeccf1ba57eb30c35d85b2de0579","61d83eb1d34ccd8dac5bdd962bc13e2ac077b0c7ecbf1d0da9b3153b3c01a3d2cc602501919974096100cf70f1621caaf3f8c2510c45748d78c279b67d9bf0cf","2026-04-30T23:30:00.000","2026-05-01T00:00:00.000","1680","13.1",,,"76","7","49.25","10","0","4","63.25","Credit Card","Chicago Independents","41.980264315","-87.913624596","POINT (-87.913624596 41.9802643146)","41.922686284","-87.649488729","POINT (-87.6494887289 41.9226862843)"
"a4fe4ab383f47ae75a2f434fc96c7efa2cf3c691","0f846a75c6e6a4a065d188e1a4c41eb2f8794a2fc073b1338d79c7c42a6ba625e064022f9d7f71e8cb61a08e371ee7289431ade0dd5f5a6e4b0aae94178f1860","2026-04-30T23:30:00.000","2026-05-01T00:00:00.000","1243","14.84",,,"76",,"37.25","9.47","0","25.4","72.62","Credit Card","Flash Cab","41.980264315","-87.913624596","POINT (-87.913624596 41.9802643146)",,,
"877683fc7353122122b1867d66c2639abff0c018","b2faa1d3e1b91bb0e84ca332617afa61667a5e8d8bc09867a441a8fba87bc8b82c0e3d0be873b2a142f0fdcc94a003101cc022009d68c05d8c0a6651b8d980fa","2026-04-30T23:30:00.000","2026-04-30T23:30:00.000","342","0.89",,,"8","8","8.5","0.6","0","0","9.6","Mobile","5 Star Taxi","41.899602111","-87.633308037","POINT (-87.6333080367 41.899602111)","41.899602111","-87.633308037","POINT (-87.6333080367 41.899602111)"
"11ad81e23bb271866f7ac058daa522c741cbfbff","d21f47b3005e2a6d38a9ee8fdf739c56ee1c61a4ed00e7fbb2a0aa29134bbf73c9c5768848b446d6f6b01d75875ce85c03558ed3b9fcb4189ed0dada74837204","2026-04-30T23:30:00.000","2026-05-01T06:15:00.000","23889","0.04",,,"39","71","40.5","0","0","0","40.5","Cash","Flash Cab","41.808916283","-87.596183344","POINT (-87.5961833442 41.8089162826)","41.744205146","-87.656305986","POINT (-87.6563059862 41.7442051463)"
"24b95c2756a7bd0c44e348b1f7e7ca1e65571430","ba7fe17332e5904c0457fc5b886bf8a0da57dacb98a801b8f6d085277b0815ff4440273ff05d4cb7161c717883b58eeb5f531e4069ff69effbfbf45cfc4ccc51","2026-04-30T23:30:00.000","2026-04-30T23:45:00.000","944","6.18",,,"76",,"18","0","0","0","18","Cash","Chicago Independents","41.980264315","-87.913624596","POINT (-87.913624596 41.9802643146)",,,
"60763f54b28cd1756b90d82ce72a7fcac8332c46","97c6416993b8151c499cefeb4d036a85605d391a116b3c657d1215fd8f93106709b2851350eb9b6a88cb995c432a1798982507eda6b3cf580366764ab860d357","2026-04-30T23:30:00.000","2026-05-01T00:00:00.000","1740","13.5",,,"76","5","35","7.9","0","4","46.9","Credit Card","Choice Taxi Association Inc","41.980264315","-87.913624596","POINT (-87.913624596 41.9802643146)","41.947791586","-87.683834942","POINT (-87.6838349425 41.9477915865)"
"ed6ac98cc2e2f439bb7210f2a3b8fb180e1e95d8","39c5b1afbd9856f33218efea0a669e7c7f8c186197b83e22ad2bce7b2339d83ba2bbfdb1b5ae01ddb17c64d6450f4507baeb350dbddf82e5bc4871519d9b33d8","2026-04-30T23:30:00.000","2026-04-30T23:30:00.000","489","2.39",,,"8","24","9.5","0","0","0","9.5","Cash","Flash Cab","41.899602111","-87.633308037","POINT (-87.6333080367 41.899602111)","41.901206994","-87.676355989","POINT (-87.6763559892 41.9012069941)"
"c3939751780ef39e13e48109344f176ca425000a","00752524a4118a162dce62ff49c0eb0f79530d9e0ecb5a9b0d23deae98ef2ab2bc84831d2191950da25620e550ad69840e1d02f69d49ab1d9b2b4387e31c2af1","2026-04-30T23:30:00.000","2026-05-01T00:15:00.000","2100","18.1",,,"56","3","46","10.3","0","5","61.3","Credit Card","Transit Administrative Center Inc","41.79259236","-87.769615453","POINT (-87.7696154528 41.7925923603)","41.96581197","-87.655878786","POINT (-87.6558787862 41.96581197)"
"7bf93095121eddeff8a9d6a38b2be882c8f709f6","fb1ed566274f6a66dfcddbe4c014bbe87ac3516412dfe6fd4c8cb8e1a6d673215953d8fc03cdb28fcfd3b60fc9379e6d27104879c16306fbf3a1fb45c1148d83","2026-04-30T23:30:00.000","2026-04-30T23:30:00.000","386","2.9",,,"32","28","12.22","0","0","0","12.72","Mobile","Sun Taxi","41.878865584","-87.625192142","POINT (-87.6251921424 41.8788655841)","41.874005383","-87.66351755","POINT (-87.6635175498 41.874005383)"
"972882163f8638dea8b43192e189bd242558e1b1","5732bb53e9becb096e11b52228bb5079a585622bd15b745b5951f8ae0fa018ac511f3faf0863a9e890c5b8be5a601b6ee2e6301404137fa406855840ef83d45c","2026-04-30T23:30:00.000","2026-04-30T23:30:00.000","60","0",,,"28","28","51","10.3","0","0","61.3","Credit Card","Transit Administrative Center Inc","41.874005383","-87.66351755","POINT (-87.6635175498 41.874005383)","41.874005383","-87.66351755","POINT (-87.6635175498 41.874005383)"
"30f323d08c3ba2e78aa85468bf8996c00cfb4a00","cd055d663816c614ef9fc2611bd1f8029da29eeaac7070f641eb20da85faa061b17c7a473ddc164518725ae0cbdded29034237e17faa0d063cd62bceab7a32b1","2026-04-30T23:30:00.000","2026-05-01T00:00:00.000","1462","13.35",,,"76","5","34.5","7","0","4","46","Credit Card","Chicago Independents","41.980264315","-87.913624596","POINT (-87.913624596 41.9802643146)","41.947791586","-87.683834942","POINT (-87.6838349425 41.9477915865)"
"8989e9660ddcfe2471e4169aeca664cdc4079d00","42bfc19863617733aaa5ef96de670e3307690921a42d3df9e13ff7a35fa621088d7656cf297d3bb44306fa4ebc03bc631afc3c050b0562dea4b0b833e85818d2","2026-04-30T23:30:00.000","2026-04-30T23:45:00.000","71","0.27",,,"6","6","8.5","2.4","0","0","11.4","Mobile","Sun Taxi","41.944226601","-87.655998182","POINT (-87.6559981815 41.9442266014)","41.944226601","-87.655998182","POINT (-87.6559981815 41.9442266014)"
"b306f54508eba5e956c9e0db9ad30db4bfe9eaab","7460d7f323c633150b08d9fb110001eb3189c31e74a91504162218e65769e070fb4ccb70ebccfbd7d66034a34e94f2826b0adaedb80a4a15f23353588c0bd5bf","2026-04-30T23:30:00.000","2026-04-30T23:45:00.000","1500","11.3",,,"76","4","29.25","6.75","0","4","40","Credit Card","Transit Administrative Center Inc","41.980264315","-87.913624596","POINT (-87.913624596 41.9802643146)","41.975170943","-87.687515515","POINT (-87.6875155152 41.9751709433)"
"e76a576958464be7fdd12944e638040c91af2fbd","9b48ad5744e86450fb4db78e7095a6827bafc43a6a9d9a8f656aac46cc0e429d129471cdad31f8a5a97b3a45c8af5fcbc80d003c1c4839075733900786e1a5a9","2026-04-30T23:30:00.000","2026-04-30T23:45:00.000","534","1.56",,,"28","31","7.99","0","0","0","8.49","Mobile","Sun Taxi","41.874005383","-87.66351755","POINT (-87.6635175498 41.874005383)","41.850266366","-87.667569312","POINT (-87.667569312 41.8502663663)"
"926a9b60091f92ec5a2e35568662cd8bc7d6f98e","38d00610debf2306201a33902c298ea78df627880d3d19d0e190983205911a16a3ff9b26c952506731328985f618da9b074ef0d8d89970493748c8f8d2087f08","2026-04-30T23:30:00.000","2026-04-30T23:30:00.000","111","0.53",,,"7","8","4.25","0","0","0","4.25","Cash","Flash Cab","41.922686284","-87.649488729","POINT (-87.6494887289 41.9226862843)","41.899602111","-87.633308037","POINT (-87.6333080367 41.899602111)"
"7d53776ce277af480d841f2e800b353c0e7ef845","74ec1551363cdcffdadcc2e4d63620f021954a2c1d75b2d38dd1d579bad41fba7dc90ab7815cd7e35957612463be727c5049b02e3d4c32c01fbb4386ed204820","2026-04-30T23:30:00.000","2026-04-30T23:45:00.000","1191","16.01",,,"76","7","39.5","5.28","0","4","49.28","Mobile","Flash Cab","41.980264315","-87.913624596","POINT (-87.913624596 41.9802643146)","41.922686284","-87.649488729","POINT (-87.6494887289 41.9226862843)"
"494ab6c11dc9b608f099254fb40f12ef18f059b2","6e40306a3a76d2e41f2530cc314ecfbd2520aae13202d7fcef97373649d1f5631936ac2b91bdfc48617f8837dc331171eaf7915604b75c8aa40ee707b68ad0da","2026-04-30T23:30:00.000","2026-04-30T23:30:00.000","660","2.3",,,"43",,"9.5","0","0","0","9.5","Cash","Transit Administrative Center Inc","41.761577908","-87.572781987","POINT (-87.5727819867 41.7615779081)",,,
"f3b0137044eee6d0bcf715133659ab7e317d7d20","ef41432a731d4324591f1de0f8ffb0121cbb1c3dade0e3bc20b40551e4a748abc2708de507181c174a5549a60eaea95b9c673356eca438d8aa74636cd3ee9228","2026-04-30T23:30:00.000","2026-04-30T23:30:00.000","210","0.85",,,"33","34","5.25","0","0","0","5.25","Cash","Sun Taxi","41.857183858","-87.620334624","POINT (-87.6203346241 41.8571838585)","41.842076117","-87.633973422","POINT (-87.6339734222 41.8420761168)"
"180d6f258e3e049e153b9bcfcc86c3ab1c476bad","df0730de65d455fc451fcb38dd627f877943cf490f571954b85e996f37a6e21944ed43b41cf5dce3f782b18c5577f0659b8bdb7f903ca55b2ef1610202bb25f3","2026-04-30T23:15:00.000","2026-05-01T00:00:00.000","3024","27.91",,,"1","53","68.25","0","0","0","68.25","Cash","Flash Cab","42.009622881","-87.670166857","POINT (-87.6701668569 42.0096228806)","41.673819904","-87.635739777","POINT (-87.6357397768 41.6738199043)"
"be3845b57ddd3ddf62d18875d1d3d88d8e92242f","9b48ad5744e86450fb4db78e7095a6827bafc43a6a9d9a8f656aac46cc0e429d129471cdad31f8a5a97b3a45c8af5fcbc80d003c1c4839075733900786e1a5a9","2026-04-30T23:15:00.000","2026-04-30T23:15:00.000","413","1.01",,,"28","28","5.4","0","0","0","5.9","Mobile","Sun Taxi","41.874005383","-87.66351755","POINT (-87.6635175498 41.874005383)","41.874005383","-87.66351755","POINT (-87.6635175498 41.874005383)"
"41992ead6efa1d4d5e5de33c3872d677d3ee7317","4979769b1242fb164b73654fba2df98e5466b9d84282a73c6c729c24469ffaa2129ff4dcd7752f2b3841023713711c73d21e3a9ff4e061daed3702f8ba668e9f","2026-04-30T23:15:00.000","2026-04-30T23:45:00.000","1860","13.8",,,"76",,"35.5","14.9","0","23.75","74.15","Credit Card","Transit Administrative Center Inc","41.980264315","-87.913624596","POINT (-87.913624596 41.9802643146)",,,
"1fb54d9d83ef80314e7257a386a1e20d3b2d26eb","2e82e26afb77e809fe4a44b02a152bdc079623600ae1b767fa44969c1fecedae23b48b65a2e48b8d9e602673db6c2be9ce16f233c3391100efa4c11bd562dbad","2026-04-30T23:15:00.000","2026-04-30T23:15:00.000","300","0.5",,,"33","33","4.75","0","0","0","4.75","Cash","Transit Administrative Center Inc","41.857183858","-87.620334624","POINT (-87.6203346241 41.8571838585)","41.857183858","-87.620334624","POINT (-87.6203346241 41.8571838585)"
"c412efea15160a97f4a7bcc0425a850d7fbbc0ab","770c8eeffb35f5fb925ceecfac5201171e3ecdaf5bacaa75c715bafdcd8c6322a479407001e9e1ed4f65bdcbc4030a22123cce3599809fe6f55b73608485130c","2026-04-30T23:15:00.000","2026-04-30T23:30:00.000","609","1.94",,,"8","7","9.89","0","0","0","10.39","Mobile","Sun Taxi","41.899602111","-87.633308037","POINT (-87.6333080367 41.899602111)","41.922686284","-87.649488729","POINT (-87.6494887289 41.9226862843)"
"9d8bec3c51f3acdcff3b57995fa9d0b02e4b98c6","26098afc7c6fc2d9e067c502b4a101289d018978ba915788b3f946d5db3e78d9b683ef49a1a02440950345c0361a4e6175536969cd31aa99193a9467be23f593","2026-04-30T23:15:00.000","2026-04-30T23:45:00.000","1860","6",,,"32","7","22.53","0","0","0","22.53","Credit Card","Transit Administrative Center Inc","41.878865584","-87.625192142","POINT (-87.6251921424 41.8788655841)","41.922686284","-87.649488729","POINT (-87.6494887289 41.9226862843)"
"fd399e61bef471b2e045ee75aa113327ec75ca5f","0fdab9be71f6d88e3d3a2e115afc5a33d2bf74153792c50143688a9c285f33207c6dc6d558d09b16fe1d167e979b0daffaba4f089cac2517a1fab980a4386ade","2026-04-30T23:15:00.000","2026-04-30T23:15:00.000","386","1.36","17031081700","17031080100","8","8","8.54","0","0","0","9.04","Mobile","City Service","41.892042136","-87.63186395","POINT (-87.6318639497 41.8920421365)","41.907520075","-87.6266589","POINT (-87.6266589003 41.9075200747)"
"01ad57467272c728b151508d74cd4e63538d03d0","565d45f83a15ee7d65f7e519ebd063597b2e7e4ef6309038af538a0091ba887e72011276f3c1f3a051eb1194c6af5cff4e431e1628b6649b6092c43f7a48fcf1","2026-04-30T23:15:00.000","2026-04-30T23:30:00.000","551","2.11",,,"8","7","8.75","0","0","0","8.75","Cash","Sun Taxi","41.899602111","-87.633308037","POINT (-87.6333080367 41.899602111)","41.922686284","-87.649488729","POINT (-87.6494887289 41.9226862843)"
"da20f67f62ba91c8a711416a9fca99298d284795","f705c825446b6687d3b45d5bb04a7a29720306923943f35ba050b6b5234e5dd564b074ace9b2e6c4c91c3dc09866a05908bed9d7f027d4f34f318274d5264b65","2026-04-30T23:15:00.000","2026-04-30T23:30:00.000","841","2.56",,,"28","8","11.2","0","0","0","11.7","Mobile","Tac - Yellow Cab Association","41.874005383","-87.66351755","POINT (-87.6635175498 41.874005383)","41.899602111","-87.633308037","POINT (-87.6333080367 41.899602111)"
"8b4f4988526c141e34b35368fdf6f4ad46463c54","bb08279cd46919b53bd08c537648561e45f81d557806eaaabc7d120c79a01c4116e898073c81f2394438c293ce49239700b2974da034122fbd795d1fc67061e4","2026-04-30T23:15:00.000","2026-04-30T23:15:00.000","5","0",,,"24","24","20","4.1","0","0","24.6","Credit Card","City Service","41.901206994","-87.676355989","POINT (-87.6763559892 41.9012069941)","41.901206994","-87.676355989","POINT (-87.6763559892 41.9012069941)"
"605fae9f420e9253be0d922a41ec23495e11e4b9","650abe6b4d67899fb67b2631a830ea90b5626ec5724ad7ca29ba6a233e6bbbc5d4de5a00e8501b25d9c9b631d0089e55e03702070848c012ba7ba5e7f838430f","2026-04-30T23:15:00.000","2026-04-30T23:45:00.000","1740","15.8",,,"76","28","39.25","9.55","0","8","56.8","Credit Card","Transit Administrative Center Inc","41.980264315","-87.913624596","POINT (-87.913624596 41.9802643146)","41.874005383","-87.66351755","POINT (-87.6635175498 41.874005383)"
"5ce77b207203af87e92c815581ee3864f4f0b27f","df7451c41ae34d5df211c1e00487f0b91fbdd6d0e9e15692e146397dea00b22d1f2c8ce1da1fbb1bfbacf9c1e84cd11ceef5755ae6c4832e241d15ce6af2d268","2026-04-30T23:15:00.000","2026-04-30T23:30:00.000","1547","15.6",,,"60","53","39","0","0","0","39","Prcard","Taxicab Insurance Agency Llc","41.836150155","-87.648787952","POINT (-87.6487879519 41.8361501547)","41.673819904","-87.635739777","POINT (-87.6357397768 41.6738199043)"
"6d7fc1bf9e36fad12812d69d00c60318ba2210f2","c81a672f30763423ddc7abac2b2e20a2f1ea045088ef77c48fd28823020204b955ebb5fa6cbc3b927c6ee044aaae2f09f174e1dac4195c8a378c14a2cc952093","2026-04-30T23:15:00.000","2026-04-30T23:30:00.000","506","1.2",,,"32","8","7.25","0","0","0","7.25","Cash","Flash Cab","41.878865584","-87.625192142","POINT (-87.6251921424 41.8788655841)","41.899602111","-87.633308037","POINT (-87.6333080367 41.899602111)"
"d7a159573612d5d21c8537c12807fad621c6401d","78d1ae230754ef2eca7aa3e828789bc4714b8a261a35d5a68ec99361a2ac78cadf9daceaf0feaf8965e9932ad127499fd270df74e1308b412a4da1ea8c0fbbfa","2026-04-30T23:15:00.000","2026-04-30T23:45:00.000","1372","6.47",,,"8","7","12.74","4.93","0","0","18.17","Mobile","City Service","41.899602111","-87.633308037","POINT (-87.6333080367 41.899602111)","41.922686284","-87.649488729","POINT (-87.6494887289 41.9226862843)"
"2f84ad7efc8bcc135efcde114f54fb899e396b34","db757f6c1157d9f81e266396132cd641837c189b803c52df09f005d4aaa36fa8f3c786b71c307bad992636122a7c61873571d96ff24468fd19e4f40d00a3da15","2026-04-30T23:15:00.000","2026-04-30T23:15:00.000","551","3.57",,,"8","6","11.75","0","0","0","11.75","Cash","Flash Cab","41.899602111","-87.633308037","POINT (-87.6333080367 41.899602111)","41.944226601","-87.655998182","POINT (-87.6559981815 41.9442266014)"
"040824f7180131ae90c8c1b97cb8a14e58f5fc12","6e40306a3a76d2e41f2530cc314ecfbd2520aae13202d7fcef97373649d1f5631936ac2b91bdfc48617f8837dc331171eaf7915604b75c8aa40ee707b68ad0da","2026-04-30T23:15:00.000","2026-04-30T23:15:00.000","452","0",,,,"59","9.25","0","0","0","9.25","Cash","Tac - Blue Diamond Dispatch",,,,"41.829922304","-87.672502646","POINT (-87.6725026464 41.8299223039)"
"a8be459847f45d3688e9cfb3c2705f5e18fe269c","f3fc8f55d2be945710e53f0666e40cfc0e13930661a498f031d18f3dacd6277cc29022892b7b93cd88b70860e53e622652bf275e316b0d499e9cb7c8b79f7b50","2026-04-30T23:15:00.000","2026-04-30T23:30:00.000","890","4.75",,,"76",,"15.25","4.94","0","4","24.69","Credit Card","City Service","41.980264315","-87.913624596","POINT (-87.913624596 41.9802643146)",,,
"a0c9b760771909a1d41a5146400c98ea05d9b1b4","35fb25430002f0fd17160ae575a0c43e253d3c8d1a9794adb36b94900a117ddf0ef308234642cdcb2defa87b66f28a1ce8810c92665fc4d40e704bb6524e86cb","2026-04-30T23:15:00.000","2026-04-30T23:30:00.000","1353","17.74","17031980000","17031839100","76","32","44","9.7","0","4","58.2","Credit Card","Sun Taxi","41.97907082","-87.903039661","POINT (-87.9030396611 41.9790708201)","41.880994471","-87.632746489","POINT (-87.6327464887 41.8809944707)"
"8f744e2a764f33ff871084109b7437046ab16718","14d334d4d5d6eb8415d5d0e700208f29bcef1731ad139642e999bf4cd30a8d59ce127f22ee33bee510b036ad11414480e52f42317f4a19b6019634e494585765","2026-04-30T23:15:00.000","2026-05-01T00:00:00.000","2606","13",,,"76","21","35.25","8.35","0","6","50.1","Credit Card","Globe Taxi","41.980264315","-87.913624596","POINT (-87.913624596 41.9802643146)","41.938666196","-87.711210593","POINT (-87.7112105933 41.9386661962)"
"6d0ddbc76bcb10c51cc914e61d5f238f6095db8c","4136627ef25b9fad79910c55679c02d8e1f2a42925d29c89625b9a1b45192d184a2a2d368927e2eeccd104c0c21efb24cbe8a9d1c27bc3513911181e1c9ac216","2026-04-30T23:15:00.000","2026-04-30T23:45:00.000","1020","4.5",,,"8","24","14.5","4.5","0","0","19","Credit Card","Transit Administrative Center Inc","41.899602111","-87.633308037","POINT (-87.6333080367 41.899602111)","41.901206994","-87.676355989","POINT (-87.6763559892 41.9012069941)"
"45a600e5fb67ec6624555d794668ba173be9ae5d","8f2c8b2a3c664a26c2018071f28cfc6450ab8ecf06cfaae37542a1b76061fce3574630ee13ff6b3df9bf64b15085521c431010cb6c2258d2059919a8d8cad003","2026-04-30T23:15:00.000","2026-04-30T23:45:00.000","1920","0",,,"32","6","17","0","0","0","17","Cash","Tac - Yellow Cab Association","41.878865584","-87.625192142","POINT (-87.6251921424 41.8788655841)","41.944226601","-87.655998182","POINT (-87.6559981815 41.9442266014)"
"da22a98859dea89b471bd348f149c30e3eec8a8f","6db76715006643fd2c01bce95f1ccb0e4898c982bdd49e41f8ec43fddf585f125f2a9702ae605ba0540e02283565acb9c86a9615090f995257c7f6b41b39d925","2026-04-30T23:15:00.000","2026-04-30T23:45:00.000","1438","9.53",,,"25","8","26.25","0","0","0","26.25","Prcard","Medallion Leasin","41.890608853","-87.756046711","POINT (-87.7560467111 41.8906088526)","41.899602111","-87.633308037","POINT (-87.6333080367 41.899602111)"
"7d92e0f4c322c4a3e2b25da5047daaba8d2347c8","fbfc2ff558d0fc2dd96362ef65d25e08f00b13bc427645692cc034fb62d0ccf5f19c7187554fdf79c714323023b793de64da10de48051c38528f05ca5fc29e27","2026-04-30T23:15:00.000","2026-05-01T00:00:00.000","3480","31.7",,,"29",,"77.5","0","0","3.5","81","Cash","Transit Administrative Center Inc","41.860190019","-87.7172201","POINT (-87.7172201 41.8601900192)",,,
"5e33076dd38b7a7c50603fbdbd9e49fad8cbe2d8","41235584d1969c7a37382dbbac8e063edfc824f5bddddea9da0299ff2dfb790081ed159c74bc5bc18366e3219a4885d5c881b538d083d8a72f4a3b9d3cbe7127","2026-04-30T23:15:00.000","2026-04-30T23:30:00.000","431","1.13",,,"28","8","7.09","0","0","0","7.59","Mobile","5 Star Taxi","41.874005383","-87.66351755","POINT (-87.6635175498 41.874005383)","41.899602111","-87.633308037","POINT (-87.6333080367 41.899602111)"
"3b282783fceda77c4a408b97b7aa49be12ea4443","99a996d079da15de20cb43da904ab1dfa54610da249cf2d04551ee0da726da7440a0733350f922be3b5ac6b14c2e3200aa5d2568c4862047e7d0a0a35ec97e69","2026-04-30T23:15:00.000","2026-04-30T23:30:00.000","327","1.51",,,"24","8","7","2","0","0","9.5","Credit Card","Flash Cab","41.901206994","-87.676355989","POINT (-87.6763559892 41.9012069941)","41.899602111","-87.633308037","POINT (-87.6333080367 41.899602111)"
"16d06cae668c71499201e6b4f164ed7aee4150cc","ee8c4cb9eb10dcb967d64305ca79a9068dbf0b5b12f3ec2968e4eaf4d743ed7e8472c8f85c08f0b789dcbcce33f62da5a281c4c741fdc5764b0bb602c332bfef","2026-04-30T23:15:00.000","2026-04-30T23:15:00.000","205","0.03","17031980000","17031980000","76","76","4.25","0","0","0","4.25","Cash","5 Star Taxi","41.97907082","-87.903039661","POINT (-87.9030396611 41.9790708201)","41.97907082","-87.903039661","POINT (-87.9030396611 41.9790708201)"
"3b4d6396842c0f0eba5876e000dff0ebf3d3380f","92000228f17be4f549e0b09b6a1e362f0cca516b95306d0da98f6c073c3cde625f4a708972d29021a8478e3076a86dc30b1f8f6479820d9f3671c18e88016ab7","2026-04-30T23:15:00.000","2026-04-30T23:30:00.000","324","1.08",,,"32","32","7.09","0","0","0","7.59","Mobile","Chicago Independents","41.878865584","-87.625192142","POINT (-87.6251921424 41.8788655841)","41.878865584","-87.625192142","POINT (-87.6251921424 41.8788655841)"
"781353896f79062c9c011ee46fab920fee43137b","2b35ab2108b3fac599b7123c729632c4df95b70bab75e4dc188505bb992f49226dcc074a70a2f7fe42d0983322f6c1e0dd286e6e979ff527064c66e4be629444","2026-04-30T23:15:00.000","2026-04-30T23:15:00.000","0","0","17031980000","17031980000","76","76","0","0","0","0","0","Cash","Transit Administrative Center Inc","41.97907082","-87.903039661","POINT (-87.9030396611 41.9790708201)","41.97907082","-87.903039661","POINT (-87.9030396611 41.9790708201)"
"1304492bbac60757727cc936ba44d30799db64a2","cdf53c112ed6bd1710f48ad3c3f6fe3001d9539732fb243ba5e33d6193c5484b9a77ffa37e430c7deae1da85753fbcc16e37882d0103efeb75fa889c61237015","2026-04-30T23:15:00.000","2026-04-30T23:45:00.000","1866","17.38",,,"76","8","43.75","9.65","0","4","57.9","Mobile","City Service","41.980264315","-87.913624596","POINT (-87.913624596 41.9802643146)","41.899602111","-87.633308037","POINT (-87.6333080367 41.899602111)"
"863bae1420ea50223dbac75a28b92b6e6b4a46ba","c237d44351f69d2afc9dc0cbc54c7812080b78b0e6910e3e377cfb6a2ec338bdc84e791d2ad532b15ba06bd3164795153a05c2e8878839f026d9e5493899ab18","2026-04-30T23:15:00.000","2026-04-30T23:30:00.000","814","6.66",,,"11","76","20","0","0","0","20","Cash","Sun Taxi","41.978829526","-87.771166703","POINT (-87.771166703 41.9788295262)","41.980264315","-87.913624596","POINT (-87.913624596 41.9802643146)"
"91e2d22e829a3715777d8799130e7f81e150ecae","4f1e94982e6851725add382f7981d64006ae7c38f3664f6575ef12ab44c1c6af6e02524b142e95c1d10974f66b6a2eda0d332643b01607e2ca3ff2a7241f6dee","2026-04-30T23:15:00.000","2026-04-30T23:30:00.000","752","3.71",,,"28","24","13.23","2.55","0","0","16.28","Mobile","Flash Cab","41.874005383","-87.66351755","POINT (-87.6635175498 41.874005383)","41.901206994","-87.676355989","POINT (-87.6763559892 41.9012069941)"
"38cab0d5df1105634ef3bf7276d19b9e335d2565","21f210e0f7e9291dd7f3643f0130d0221f153dc8d9ba615181d97c1350126f3d017139b6f9b5a3e04ac3b529bdb82c6632540b1ec7a8490190a5d4c7604e25d1","2026-04-30T23:15:00.000","2026-04-30T23:45:00.000","1646","11.38",,,"8","43","34.27","0","0","0","34.77","Mobile","Wolley Taxi","41.899602111","-87.633308037","POINT (-87.6333080367 41.899602111)","41.761577908","-87.572781987","POINT (-87.5727819867 41.7615779081)"
"57e8b8c2147a51f4969552481642b93c4038ed56","31261f6e7fc645eff98c7964c7ea71a0ea7e387a6bd7f87485b201ee0c89f03b07008cf93ed2bd22fde33cd79a47b4d1549a23a10138ebe943ed1b2283fc4c45","2026-04-30T23:15:00.000","2026-04-30T23:45:00.000","1440","8.7","17031980000",,"76",,"24","8.05","0","16","48.05","Credit Card","Transit Administrative Center Inc","41.97907082","-87.903039661","POINT (-87.9030396611 41.9790708201)",,,
"49f4a1b3ca9b6c2e133f5d6c41de49a91a1052ca","f8f44c9d76773e3c761356078d786b151d2f206685454f64f76736d54bda25d7b9b96bb2271718561132707b3d65d14afbd26f146b8e6f659013376c82989ce0","2026-04-30T23:15:00.000","2026-04-30T23:30:00.000","180","0","17031980000","17031980000","76","76","4.25","0","0","0","4.25","Cash","Transit Administrative Center Inc","41.97907082","-87.903039661","POINT (-87.9030396611 41.9790708201)","41.97907082","-87.903039661","POINT (-87.9030396611 41.9790708201)"
"42be710922f5b7a1d3e0d62e3e6ecf551703f61e","90d1d06c9e82801007cabc6d76113e7b7d2589d6b808e0dca7155c27b277ea0968ba4271f4ccc7f986490648f0fcda9242f7f9056f11002103460da3673cc02e","2026-04-30T23:15:00.000","2026-05-01T00:00:00.000","2640","17.9",,,"76","32","44.75","9.85","0","4","58.6","Credit Card","Transit Administrative Center Inc","41.980264315","-87.913624596","POINT (-87.913624596 41.9802643146)","41.878865584","-87.625192142","POINT (-87.6251921424 41.8788655841)"
"a42a6ad84d55d062727d33309a213ea704c87035","6607f4be1b8737ffe33ac1f71d10d1132541d86cd00c1dfa870d51ddf9d7ebf86f5fc56e0c03ad1dc7b2be5a5ca0c0b5c993fc87c227b239c37bf6b4275a8fd7","2026-04-30T23:15:00.000","2026-04-30T23:30:00.000","1499","14.9",,,"71","27","36.06","0","0","0","36.06","Cash","Flash Cab","41.744205146","-87.656305986","POINT (-87.6563059862 41.7442051463)","41.878914496","-87.70589713","POINT (-87.7058971305 41.8789144956)"
"3673ba210ad0a0fc51f6b2d1b7354d18df953f77","1a9f0188874ee240e95f2713388e0ee930b07996909b35a0b7731e45fbe7dec4c60b090d7ef8641e332ab12c9c379d4a81c6083c91442b42628a9e00ad25f71b","2026-04-30T23:15:00.000","2026-04-30T23:30:00.000","451","0.76",,,"8","8","6.89","0","0","0","7.39","Mobile","Taxicab Insurance Agency Llc","41.899602111","-87.633308037","POINT (-87.6333080367 41.899602111)","41.899602111","-87.633308037","POINT (-87.6333080367 41.899602111)"
"7e38c0543d688f3adbf3f50784b16017d66854b4","d7de5a594d0efed735dbce1fe6b9ae0651df194867e00426b93f70cadd9c00ebb6e0951de8d95cf4a50a32eb302e46f0c092453bcae803baa0a3b1b547979592","2026-04-30T23:15:00.000","2026-04-30T23:15:00.000","629","1.99",,,"8","28","11.78","0","0","0","12.28","Mobile","Taxicab Insurance Agency Llc","41.899602111","-87.633308037","POINT (-87.6333080367 41.899602111)","41.874005383","-87.66351755","POINT (-87.6635175498 41.874005383)"
"c7b60321d772a6967b71f59dbd5637b3ec8ebae7","21f210e0f7e9291dd7f3643f0130d0221f153dc8d9ba615181d97c1350126f3d017139b6f9b5a3e04ac3b529bdb82c6632540b1ec7a8490190a5d4c7604e25d1","2026-04-30T23:15:00.000","2026-04-30T23:15:00.000","138","0.43","17031839100","17031839100","32","32","5.79","0","0","0","6.29","Mobile","Wolley Taxi","41.880994471","-87.632746489","POINT (-87.6327464887 41.8809944707)","41.880994471","-87.632746489","POINT (-87.6327464887 41.8809944707)"
"c414b6dc9819294fefa5c87ea9a2092337c872c2","5cdde36a39ded2651da1686c7813baf589dac6eb873894c8d09897a60426f797790a9733c26060fcfb78ab34d938474c558db546687b5fed582732b2e120567d","2026-04-30T23:15:00.000","2026-04-30T23:15:00.000","0","0","17031081800","17031081800","8","8","10","3.1","0","0","13.1","Credit Card","Transit Administrative Center Inc","41.89321636","-87.63784421","POINT (-87.6378442095 41.8932163595)","41.89321636","-87.63784421","POINT (-87.6378442095 41.8932163595)"
"c72a3608d7b007ac9dc6d04815d8c33204a56a82","145704ff91badf2808dafedfa719dddb09643f1563f8f6e23f839f6f94e7b7bc9b4d1f1d1462866064db58fca57d61409368f4b36fd05dbfea8697efd3006bf0","2026-04-30T23:15:00.000","2026-04-30T23:30:00.000","709","8.11",,,"32",,"22.97","5.14","0","0","28.61","Mobile","Taxicab Insurance Agency Llc","41.878865584","-87.625192142","POINT (-87.6251921424 41.8788655841)",,,
"f7816ac162711eb430de498ff2208039d7d0c9b1","8123ec5a70681a139fcd93fd477eec0ee05dda8298774835a80496c9e90fbb9443e5d116ba283712e1dec8fdaf9c8acb0f69a77dc20170984c5b380aa8ae3f96","2026-04-30T23:15:00.000","2026-04-30T23:15:00.000","323","0.98","17031833000","17031081700","28","8","7.49","0","0","0","7.99","Mobile","Globe Taxi","41.88528132","-87.6572332","POINT (-87.6572331997 41.8852813201)","41.892042136","-87.63186395","POINT (-87.6318639497 41.8920421365)"
"0b04ede449f61b2b586a850162799b6ff53b3db1","a325b14b280bbfdff06d740fb9ef083a12af4310f364020ea9b5eba3cb45fa79086de21ccaeca0ca83dd96c3454385d99e12aca779663208b1ea50edc8244856","2026-04-30T23:15:00.000","2026-04-30T23:45:00.000","1824","17.44",,,"8","76","43.8","9.8","0","0","54.1","Mobile","Tac - Yellow Cab Association","41.899602111","-87.633308037","POINT (-87.6333080367 41.899602111)","41.980264315","-87.913624596","POINT (-87.913624596 41.9802643146)"
"21a994510b139be74a21d8f3339035dce50ea023","68493b3174493e98d99b8493bc0902735bc099df7761d06718f1d63353a8ffbabad8499e26d59e3f7612050b815787d4699742b5b7f879a0cb92b797456e3642","2026-04-30T23:15:00.000","2026-04-30T23:30:00.000","247","0.56","17031081403","17031320100","8","32","6.95","0","0","0","7.45","Mobile","Taxicab Insurance Agency Llc","41.890922026","-87.618868355","POINT (-87.6188683546 41.8909220259)","41.884987192","-87.620992913","POINT (-87.6209929134 41.8849871918)"
"c20cdfd64a040fc1a737fb274ec1336e3350eaf2","ee8c4cb9eb10dcb967d64305ca79a9068dbf0b5b12f3ec2968e4eaf4d743ed7e8472c8f85c08f0b789dcbcce33f62da5a281c4c741fdc5764b0bb602c332bfef","2026-04-30T23:15:00.000","2026-04-30T23:30:00.000","1385","17.81","17031980000","17031081600","76","8","43.5","9.8","0","5","58.8","Credit Card","5 Star Taxi","41.97907082","-87.903039661","POINT (-87.9030396611 41.9790708201)","41.892072635","-87.628874157","POINT (-87.6288741572 41.8920726347)"
"ff41af1f3c4b1d028eb28954d098bac7ba53ac60","ddc0a237498a82a0803761188d0ea048623b5d91f29ad2b1ba514d1b4eec6f5bdaa2ed6e1d1df38960d9bce8935fc9cae8826d55b73261dc4f60d01af8a02617","2026-04-30T23:15:00.000","2026-04-30T23:15:00.000","558","2.07","17031839100","17031330100","32","33","8.85","0","0","0","9.35","Mobile","Flash Cab","41.880994471","-87.632746489","POINT (-87.6327464887 41.8809944707)","41.859349715","-87.617358006","POINT (-87.6173580061 41.859349715)"
"79bca26d290e03949deedb547c52a9f0e2d924b9","ef63da921ed08ceb44e590dbb76b0505f1300167c248767a08c80eddfdc79a5c4e4bf74abe29c17f2963c5555d0d5b27add5fe1a8b99ca06c85698745c8ce4e4","2026-04-30T23:15:00.000","2026-04-30T23:30:00.000","1502","18.29",,,"76","8","45.25","7.46","0","4","57.21","Mobile","City Service","41.980264315","-87.913624596","POINT (-87.913624596 41.9802643146)","41.899602111","-87.633308037","POINT (-87.6333080367 41.899602111)"
"93f447f8b3bf8a8a86b4afa7302795df5132b73d","1f075315f5906824cc9566de5f650935e00f9e027a96a762ec054da18ab0df0da8545aa03f56beef36aa82c9ab4659b9e86bee6a78395a94beacdbd23d2035cb","2026-04-30T23:15:00.000","2026-04-30T23:30:00.000","47","0",,,,,"58","0","0","0","58","Cash","Flash Cab",,,,,,
"804a998d4f7f9d2f5ece5329078ae75809eb71f6","137d4f780c3823fdc5f26cec160a8c9f8eb952f769c5bc70d0bc747b3eda1d77f6c5df60f9caccccfecc6ded275a85c2cb5afcf4994f42473c445e8ef4a71e35","2026-04-30T23:15:00.000","2026-04-30T23:15:00.000","313","1.05",,,"8","28","7.18","0","0","0","7.68","Mobile","5 Star Taxi","41.899602111","-87.633308037","POINT (-87.6333080367 41.899602111)","41.874005383","-87.66351755","POINT (-87.6635175498 41.874005383)"
"9405bd566aa00fcc0c49847d802bb59ee0f30d4d","961821de614d231063968f208b3459b4cf63051528c3f8bd5ba058c3b5ababfe30c72209067e9dfece49bf49f5a19f78feda573817a433a64a5dc54391bfbf99","2026-04-30T23:15:00.000","2026-04-30T23:30:00.000","840","2.8",,,"32","33","11.25","2.39","2","0","15.64","Credit Card","Transit Administrative Center Inc","41.878865584","-87.625192142","POINT (-87.6251921424 41.8788655841)","41.857183858","-87.620334624","POINT (-87.6203346241 41.8571838585)"
"cc2a658b1362df6eef13cdd8beaf494b6173d5d1","8f2c8b2a3c664a26c2018071f28cfc6450ab8ecf06cfaae37542a1b76061fce3574630ee13ff6b3df9bf64b15085521c431010cb6c2258d2059919a8d8cad003","2026-04-30T23:15:00.000","2026-04-30T23:45:00.000","1920","4.6",,,"32","6","17","0","0","0","17","Cash","Transit Administrative Center Inc","41.878865584","-87.625192142","POINT (-87.6251921424 41.8788655841)","41.944226601","-87.655998182","POINT (-87.6559981815 41.9442266014)"
"0f09f1a68683e2367cf88c661654e45646fd0b2e","e585218a9f728ba533db40a74237a1caa23f01212f0fa8ec83ade5c2774f20cead93dfeb12b3cb57108aee6d05d5e7b4a135733c9e90280b50ceb58047c2adda","2026-04-30T23:15:00.000","2026-04-30T23:15:00.000","283","1.12",,,"28","28","7.03","0","0","0","7.53","Mobile","Blue Ribbon Taxi Association","41.874005383","-87.66351755","POINT (-87.6635175498 41.874005383)","41.874005383","-87.66351755","POINT (-87.6635175498 41.874005383)"
"4c75c17c7306d59426307cf1be0f7409901459f7","950af3418bda33a809615e29c0592a6ab8ed5f479173437b80b129e16694d099c13ac649b93c38a08e703f3bc8c11a16bf7c37ccca96824dd06c56709d6afeac","2026-04-30T23:15:00.000","2026-04-30T23:30:00.000","1039","12.58",,,"37","53","32.25","0","0","0","32.25","Prcard","Flash Cab","41.80908443","-87.632424524","POINT (-87.6324245245 41.8090844303)","41.673819904","-87.635739777","POINT (-87.6357397768 41.6738199043)"
"4c804b8e24060bc94532ec132ef71ad9c8dbf676","c3f8e0b6712bf3ea80e75ddde065b0ed42aa530e8c40cbd1872b2634c41e272499addf7513c052fcfc8b1a6f413a605d7a1148e8a695a014bbeef9281dcef5fb","2026-04-30T23:15:00.000","2026-04-30T23:30:00.000","1126","12.88",,,"7",,"32.75","0","0","0","32.75","Cash","City Service","41.922686284","-87.649488729","POINT (-87.6494887289 41.9226862843)",,,
"09e4a2ee85c183f710b57b3cc8b47fdd416ce1fd","eaba3c6de5ce935b3e8e3c5e4c9f3ce3f116026145e3f4ebfeaf45ae4e2461f4f7bf522e44b89d7be078f864a7619b04e8cfde80608c6fd66322e99f2d4950d4","2026-04-30T23:15:00.000","2026-04-30T23:45:00.000","1127","13.9",,,"76",,"34.75","4","0","24","63.25","Credit Card","Globe Taxi","41.980264315","-87.913624596","POINT (-87.913624596 41.9802643146)",,,
"5dd111a72f780c4313db6eaa35ed80f3bd51e857","af6fed00f40ccaeabf990aca8ad19696c7f4d989805167471d060d8ea726471cfd8e9e13cf5a0e0e0724d274d1f79d389760e7d60710500cbf65ff23903eb301","2026-04-30T23:15:00.000","2026-04-30T23:30:00.000","1301","14.87",,,"76","7","37.5","10.5","0","4","52.5","Credit Card","Sun Taxi","41.980264315","-87.913624596","POINT (-87.913624596 41.9802643146)","41.922686284","-87.649488729","POINT (-87.6494887289 41.9226862843)"
"1fc88108a1d1c6a8191f7b41a0069422a3c338d2","45a4ab4755e3c62bd2f587173e2931429758dc44c658678cfc6c0a0ee99bbca254c562b9e0007ec51562b58d85c97d59910080b1f4cfb75ed1914dfc0ab65b05","2026-04-30T23:15:00.000","2026-04-30T23:45:00.000","1413","16.54",,,"76","7","41.5","10.4","0","10","62.4","Credit Card","Blue Ribbon Taxi Association","41.980264315","-87.913624596","POINT (-87.913624596 41.9802643146)","41.922686284","-87.649488729","POINT (-87.6494887289 41.9226862843)"
"876966df98823498da797325bd186a0f7dfa6755","847076f3aaf08919449cd4e0c0abbd6a1ad91379db305bb47f65d2fe96cfa2f15ad3b8a0bc477ce2639a63a332dbc1945620f71d41360a4880782c5291871099","2026-04-30T23:15:00.000","2026-04-30T23:30:00.000","735","0.3","17031980000","17031980000","76","76","7.5","0","0","0","7.5","Cash","Chicago Independents","41.97907082","-87.903039661","POINT (-87.9030396611 41.9790708201)","41.97907082","-87.903039661","POINT (-87.9030396611 41.9790708201)"
"53c21e8191110b3092b0714d1f8f5220c9082e33","5883034bc7d5b5ec14dd9d5249efe4d57ac89543713a9815ece677b84dd9fda31d5f2722447e7cb34e00c67106103c4d8b46b8b8d139a08439af75df384847d0","2026-04-30T23:15:00.000","2026-04-30T23:30:00.000","509","2.42",,,"43","42","11.06","0","0","0","11.56","Mobile","Flash Cab","41.761577908","-87.572781987","POINT (-87.5727819867 41.7615779081)","41.77887686","-87.594925439","POINT (-87.5949254391 41.7788768603)"
"e0a97a291985238719436d6bb3be7f98c9e4887f","417500d2bdac7a8c104b98016c9518146be264963d79561964b21b504f9b5576d8d8ee51be1ad4425a2908d42ee3031e76df4f36c2e4306d000beecaa6d325f2","2026-04-30T23:15:00.000","2026-04-30T23:15:00.000","499","2.8",,,"31","32","11.51","0","0","0","12.01","Mobile","Taxicab Insurance Agency Llc","41.850266366","-87.667569312","POINT (-87.667569312 41.8502663663)","41.878865584","-87.625192142","POINT (-87.6251921424 41.8788655841)"
"96ff54df02535181378f1c7fdbea4afaef730701","e8f673c7d74913eef9b2c58975502e30884a6d7c93a80264c9ef1ee7a3a44652b66f8f74348e5f7b62dc458b19ef474b8c0801463178f03b03bd08f768c42c4e","2026-04-30T23:15:00.000","2026-04-30T23:30:00.000","635","0",,,"32","8","9.25","0","0","0","9.25","Cash","Tac - Yellow Cab Association","41.878865584","-87.625192142","POINT (-87.6251921424 41.8788655841)","41.899602111","-87.633308037","POINT (-87.6333080367 41.899602111)"
"6b72cbbb7f8098a25dc6235b3bdae0c0836f1317","bedb270bce40664555c0e645a3f6c242d8f64ed541f6f56b1ecfd2d03ef229fb32cce2312110d6cb17459770dd6d9f6acbb6ca70f999ff852f59d348c3e52681","2026-04-30T23:15:00.000","2026-04-30T23:45:00.000","1819","14.99",,,"76","6","38.5","0","0","6","44.5","Cash","Blue Ribbon Taxi Association","41.980264315","-87.913624596","POINT (-87.913624596 41.9802643146)","41.944226601","-87.655998182","POINT (-87.6559981815 41.9442266014)"
"440a9a6c14e7d4665e7cfbbd4da6a09e9dd142ca","6b1b1e151c90fecc87c9f51e5e607acea049dedc6c5091ce75b8960739a55d3e851502e8a32b082b7c56e3b73367f2d661372a641eab5898b89160b8a9f9b2dd","2026-04-30T23:15:00.000","2026-04-30T23:15:00.000","802","2.49","17031833000","17031241400","28","24","11.46","0","0","0","11.96","Mobile","Sun Taxi","41.88528132","-87.6572332","POINT (-87.6572331997 41.8852813201)","41.906025969","-87.675311622","POINT (-87.6753116216 41.906025969)"
"f5238af80dc0961dbe1d2d8ccf324ca24da8df3c","2fea69c8a6e08471bc4339a05e9ee7955bef68d791f77a202bd54f3ae41c805907d7ac13a89f86fac4494c976ca87883157baa32ea41f59056661884135f6bba","2026-04-30T23:15:00.000","2026-04-30T23:30:00.000","642","3.07",,,"7","8","10.75","2.85","0","3","17.1","Credit Card","Sun Taxi","41.922686284","-87.649488729","POINT (-87.6494887289 41.9226862843)","41.899602111","-87.633308037","POINT (-87.6333080367 41.899602111)"
"66e9b9675f6b7334249897b9dd57600ba42d330c","1aa27355c709dc0cba3790a2549861c6b7864165ccf0200acea758474b04eb0c3d30bb4b69311843dff9944351170a4d0d707b2e7bd4aef1c5979b050925d38d","2026-04-30T23:15:00.000","2026-04-30T23:30:00.000","551","2.42",,,"5","24","10.72","3.52","0","0","14.74","Mobile","Tac - Yellow Cab Association","41.947791586","-87.683834942","POINT (-87.6838349425 41.9477915865)","41.901206994","-87.676355989","POINT (-87.6763559892 41.9012069941)"
"e14603967d0af0acbfa13a283e566ac933963825","847cf962bd6f62040673e6c24c24940aeb2d7fdaa54677eed6a0aaa4aeef61984916b32d763b4baa6c32476531543bb77e2346cd64f505618f6b9d562243f950","2026-04-30T23:15:00.000","2026-04-30T23:15:00.000","120","0","17031081100","17031081201","8","8","12","2.4","0","0","14.4","Credit Card","Transit Administrative Center Inc","41.900221297","-87.629105186","POINT (-87.6291051864 41.9002212967)","41.899155613","-87.626210532","POINT (-87.6262105324 41.8991556134)"
"13e6c5cb906606aee519a566d15047502c167f85","2b35ab2108b3fac599b7123c729632c4df95b70bab75e4dc188505bb992f49226dcc074a70a2f7fe42d0983322f6c1e0dd286e6e979ff527064c66e4be629444","2026-04-30T23:15:00.000","2026-04-30T23:30:00.000","660","0",,,"76",,"25","5","0","0","30","Credit Card","Transit Administrative Center Inc","41.980264315","-87.913624596","POINT (-87.913624596 41.9802643146)",,,
"b7201cdd7eea41a4a76c092cbc917c1ebc7ff50a","27949a905445bfe98c8d8250aa84382cc91a23a252b3b15b2fb9fa66341454f91c0ae753c3006ef59f91eae92598917f2c05c49570a33d58c4c130a38e27bd65","2026-04-30T23:15:00.000","2026-04-30T23:30:00.000","660","1.7","17031320400","17031081401","32","8","8.25","2","0","1","11.25","Credit Card","Transit Administrative Center Inc","41.877406123","-87.621971652","POINT (-87.6219716519 41.8774061234)","41.89503345","-87.619710672","POINT (-87.6197106717 41.8950334495)"
"d2200970805cc78d547bd554330efa1bac1db4a4","02ef8f01232b1b1828f4e5e1b8e8a85cd71b67c449afafbd2dd7ab726b2bb72795fcd00a9bb2477dfa6f8a325bbfde41ae888127ecd354096a1117f5e6fd9e0d","2026-04-30T23:15:00.000","2026-04-30T23:30:00.000","1508","9.49",,,"8","2","26.5","5.4","0","0","31.9","Prcard","City Service","41.899602111","-87.633308037","POINT (-87.6333080367 41.899602111)","42.001571027","-87.695012589","POINT (-87.6950125892 42.001571027)"
"b9abeab396f9809f61b0ba4e5a4c28ea0049a5c4","f0d3346678be38422d39a57255c327ec348ad690f71c25727230237b2553f625fe0ff52f71e172c8839439e7253ccd92353442d7daae6a3715acfb5b4754ce8f","2026-04-30T23:15:00.000","2026-04-30T23:45:00.000","1673","12.03",,,"76","15","31.75","0","0","0","31.75","Cash","Flash Cab","41.980264315","-87.913624596","POINT (-87.913624596 41.9802643146)","41.954027649","-87.763399032","POINT (-87.7633990316 41.9540276487)"
"827af826dfdfb3487245fe1983692530fc404eff","2b35ab2108b3fac599b7123c729632c4df95b70bab75e4dc188505bb992f49226dcc074a70a2f7fe42d0983322f6c1e0dd286e6e979ff527064c66e4be629444","2026-04-30T23:15:00.000","2026-04-30T23:15:00.000","60","0","17031980000","17031980000","76","76","3.75","0","0","4","7.75","Cash","Transit Administrative Center Inc","41.97907082","-87.903039661","POINT (-87.9030396611 41.9790708201)","41.97907082","-87.903039661","POINT (-87.9030396611 41.9790708201)"
"95aeac45641e8124bbbbdc95eff754d3837e9392","6e40cde8b457f0cc3f3a8dd7e9c003c5a24426433e5e51968c1fcf2e5c7765ee82f5f63ecf17ac629e98120b96387df76e22d47aba08d7e6b54bf465927f14c0","2026-04-30T23:15:00.000","2026-04-30T23:15:00.000","15","0",,,"8","8","74.5","0","0","0","74.5","Cash","Sun Taxi","41.899602111","-87.633308037","POINT (-87.6333080367 41.899602111)","41.899602111","-87.633308037","POINT (-87.6333080367 41.899602111)"
"bcfb2e3b8e5d329bd43fb8927d78a8127bb8320c","1c9cf42e1ef6f2fe3e4a06353b08dc9eec2213028391d4dfa0bbdbef9c9caff871a40a0911ac6ea908ff3080a1f26026a738b408c4d2591a8ab3c13e7e07af29","2026-04-30T23:15:00.000","2026-04-30T23:45:00.000","1800","13.1",,,"76","5","34","5","0","4","43","Credit Card","Transit Administrative Center Inc","41.980264315","-87.913624596","POINT (-87.913624596 41.9802643146)","41.947791586","-87.683834942","POINT (-87.6838349425 41.9477915865)"
"6bcdbffbb6d102fe295c181d47cd3613b43080cb","54ab53ea65bdfb30a1d764d23fa4f40261b6d8a657125abb18bb2d51deb130f318cf86d6595dd4fda9ce4ddbdfffe93384bb37326ff39d3a78da8a382a4b4d81","2026-04-30T23:15:00.000","2026-04-30T23:30:00.000","578","1.42","17031839100","17031081403","32","8","7.75","0","0","1","8.75","Cash","Flash Cab","41.880994471","-87.632746489","POINT (-87.6327464887 41.8809944707)","41.890922026","-87.618868355","POINT (-87.6188683546 41.8909220259)"
"b647c7dc1692192c55ccd8dfd9796847a1e4d56d","85c39e068db414d181c6252a89fd822afc2e169a9a9e853a14000c4e8d301ab4158f92ddb7d420aad7b979d438b7b61b5bd888bc8803a0050af936b7f6c3e370","2026-04-30T23:15:00.000","2026-04-30T23:15:00.000","296","0.78","17031839100","17031081800","32","8","6.62","0","0","0","7.12","Mobile","Blue Ribbon Taxi Association","41.880994471","-87.632746489","POINT (-87.6327464887 41.8809944707)","41.89321636","-87.63784421","POINT (-87.6378442095 41.8932163595)"
"b52c21c336daca4664620ceb458c31960ab78c48","6a23e62ff9add07c054168d9bb0ee5c00d1a4306b3467c98f31501bb7298646ba50c1f8c8b59344393a10b79067a115eb2611486a25fb20e02dc2c92b69fcef4","2026-04-30T23:15:00.000","2026-04-30T23:30:00.000","660","1.2",,,"8","32","7.75","2","0","0","9.75","Credit Card","Transit Administrative Center Inc","41.899602111","-87.633308037","POINT (-87.6333080367 41.899602111)","41.878865584","-87.625192142","POINT (-87.6251921424 41.8788655841)"
"0ee3182caf7b7031efa91f7a4abc0b4b7111a896","42bfc19863617733aaa5ef96de670e3307690921a42d3df9e13ff7a35fa621088d7656cf297d3bb44306fa4ebc03bc631afc3c050b0562dea4b0b833e85818d2","2026-04-30T23:15:00.000","2026-04-30T23:30:00.000","1018","4.36",,,"28","7","19.4","0","0","0","19.9","Mobile","Sun Taxi","41.874005383","-87.66351755","POINT (-87.6635175498 41.874005383)","41.922686284","-87.649488729","POINT (-87.6494887289 41.9226862843)"
"194425d97fa6704a912b3d3520341586c760180e","4136627ef25b9fad79910c55679c02d8e1f2a42925d29c89625b9a1b45192d184a2a2d368927e2eeccd104c0c21efb24cbe8a9d1c27bc3513911181e1c9ac216","2026-04-30T23:15:00.000","2026-04-30T23:15:00.000","480","0.8","17031081100","17031081403","8","8","7.19","0","0","0","7.19","Credit Card","Transit Administrative Center Inc","41.900221297","-87.629105186","POINT (-87.6291051864 41.9002212967)","41.890922026","-87.618868355","POINT (-87.6188683546 41.8909220259)"
"236d2bc4b98ee7882f70921a80f4c7ed5eb46458","959332bea53638e6c8071e91d96cd354a101887367f38c242108b1b4ca6b2e86e93d34ea47b09669305de511cf86adaa2521292422400c99fe1e0c46f60fb6b4","2026-04-30T23:15:00.000","2026-05-01T00:00:00.000","2820","17.6",,,"76","8","44.5","9.7","0","4","58.2","Credit Card","Transit Administrative Center Inc","41.980264315","-87.913624596","POINT (-87.913624596 41.9802643146)","41.899602111","-87.633308037","POINT (-87.6333080367 41.899602111)"
"594e995458fa43cce557cba31d000dc1bf2df996","0d6436587c309cd68793fd45e1ca9b82b7d076cb80abd021856cc8731bcd2a6973ec8236584cfdf6a9e4c040e3724e40b6cf1dff40875c4ae7354a517eb71360","2026-04-30T23:15:00.000","2026-04-30T23:30:00.000","840","2.6",,,"8","8","13.98","0","0","0","13.98","Credit Card","Transit Administrative Center Inc","41.899602111","-87.633308037","POINT (-87.6333080367 41.899602111)","41.899602111","-87.633308037","POINT (-87.6333080367 41.899602111)"
"0348f2286864b1155513f626f2654ba2dc9631cd","929637055de3e69bd7558f9b7e2ac3832c4848215b3ab46f78b3eae7dfa2adef9cdc4f7f08e4203fcbc272670a81a2554da8937dea4c79a2effab86831212573","2026-04-30T23:15:00.000","2026-04-30T23:15:00.000","159","0.55","17031081403","17031320100","8","32","5.67","0","0","0","6.17","Mobile","Taxicab Insurance Agency Llc","41.890922026","-87.618868355","POINT (-87.6188683546 41.8909220259)","41.884987192","-87.620992913","POINT (-87.6209929134 41.8849871918)"
"887d1f37dd3b14191da62d042ce89d4429a6cd95","5cdde36a39ded2651da1686c7813baf589dac6eb873894c8d09897a60426f797790a9733c26060fcfb78ab34d938474c558db546687b5fed582732b2e120567d","2026-04-30T23:15:00.000","2026-04-30T23:45:00.000","1560","7.7",,,"32","3","22.75","0","0","0","22.75","Unknown","Transit Administrative Center Inc","41.878865584","-87.625192142","POINT (-87.6251921424 41.8788655841)","41.96581197","-87.655878786","POINT (-87.6558787862 41.96581197)"
"517f10e9c809e9137e6f0c6f186dbcbc8681a3aa","829dced7036593da33254d88a2d065c1698fc377e76c93f5401b6421fcb3c618860b632a5932a359a4893a40a0e75a5f3106811716625dd84ff683aff0dd7877","2026-04-30T23:15:00.000","2026-04-30T23:45:00.000","1800","11.7",,,"76",,"30.75","7","0","26","63.75","Credit Card","Transit Administrative Center Inc","41.980264315","-87.913624596","POINT (-87.913624596 41.9802643146)",,,
"4f3364ec68b6839dd2c9d13f0367b238ed0d4163","fdc3156afe8accb70f5aea5f2cd2d7cefd089d13b6d930151e1a195fbb53b1caf1b110ebbb901077e295080c2a5a3e1b2d2b42595435d1defd965e1604c1cf90","2026-04-30T23:15:00.000","2026-04-30T23:45:00.000","1140","2.3",,,"8","33","11.25","0","0","1","12.25","Credit Card","Transit Administrative Center Inc","41.899602111","-87.633308037","POINT (-87.6333080367 41.899602111)","41.857183858","-87.620334624","POINT (-87.6203346241 41.8571838585)"
"67115b076b29b18cf110bc64eaae31b1c97ecf2e","71814d03248bb96c740eaad440cb07cd90e4ccf862d54d7adc2aacea42c22448cb33db56f2deb8245822e37a269107655c5dd4d612c1aeaddac50001106b6d72","2026-04-30T23:15:00.000","2026-04-30T23:45:00.000","1570","18.24","17031980000","17031081300","76","8","45","9.9","0","4","59.4","Credit Card","City Service","41.97907082","-87.903039661","POINT (-87.9030396611 41.9790708201)","41.898331794","-87.620762865","POINT (-87.6207628651 41.8983317935)"
"6efbbc9c1b48b489585127f6a173897f9a0023f7","1d25c733bf526c55bcf3db1fd3856ba10b1064bd98ffce6ffb191faf6b5e21b6fca9c1f6302ad84ca65a1e56e28ebc9b3f05474764aac1007f0c23097e72b770","2026-04-30T23:15:00.000","2026-05-01T00:00:00.000","2700","19.3",,,"76","33","47.5","10.4","0","4","61.9","Credit Card","Transit Administrative Center Inc","41.980264315","-87.913624596","POINT (-87.913624596 41.9802643146)","41.857183858","-87.620334624","POINT (-87.6203346241 41.8571838585)"
"0797c9a45f7afa5e2b7f2a896a38d3d5e0d1535c","f20c9c5845dab1e51799b959d378c102763d4b31d738da7ea1f7fee763a4c830854cf6025fbe42e7c37dddab03ef2cf43bc775bdd6c5a4114d307dbf415728a5","2026-04-30T23:15:00.000","2026-04-30T23:30:00.000","1668","27.09",,,"76","69","86.17","0","0","0","86.17","Cash","Flash Cab","41.980264315","-87.913624596","POINT (-87.913624596 41.9802643146)","41.763246799","-87.616134111","POINT (-87.6161341112 41.7632467988)"
"b387db933af33a5df3e73d017cd7051e0f2b06a4","f8f44c9d76773e3c761356078d786b151d2f206685454f64f76736d54bda25d7b9b96bb2271718561132707b3d65d14afbd26f146b8e6f659013376c82989ce0","2026-04-30T23:15:00.000","2026-04-30T23:15:00.000","300","0.7","17031980000","17031980000","76","76","6","0","0","0","6","Cash","Transit Administrative Center Inc","41.97907082","-87.903039661","POINT (-87.9030396611 41.9790708201)","41.97907082","-87.903039661","POINT (-87.9030396611 41.9790708201)"
"4e5052bf6c8c136aed63390b5429b08fa6380c79","a81c9d35e36a74e51b5cff3a4c26189fd7033a776d27d1935aa40b27fc39de39e9a5c5a1f75bb7708456eae9e54d76dcf0b1ba845137356408564ec6979b6bfc","2026-04-30T23:15:00.000","2026-04-30T23:30:00.000","463","1.99",,,"6","4","8.5","2.41","0","0","11.41","Mobile","Sun Taxi","41.944226601","-87.655998182","POINT (-87.6559981815 41.9442266014)","41.975170943","-87.687515515","POINT (-87.6875155152 41.9751709433)"
"659aaf37849f45e3c45ab4a3fcd8ff6c4c362328","199f852b9b7f49df5426c931ac14b4e746e6f946021af3cc5a3c021f3965b6cd07193886f2ecb39be823fa33247c18b4bc662005409bc8c171330c512b8d953d","2026-04-30T23:15:00.000","2026-04-30T23:15:00.000","597","1.77",,,"8","7","9.55","0","0","0","10.05","Mobile","Flash Cab","41.899602111","-87.633308037","POINT (-87.6333080367 41.899602111)","41.922686284","-87.649488729","POINT (-87.6494887289 41.9226862843)"
"cd8cf5d85034529aec72f8354c8a1ca1ebd503b2","fb1ed566274f6a66dfcddbe4c014bbe87ac3516412dfe6fd4c8cb8e1a6d673215953d8fc03cdb28fcfd3b60fc9379e6d27104879c16306fbf3a1fb45c1148d83","2026-04-30T23:15:00.000","2026-04-30T23:15:00.000","370","0.66","17031081800","17031839100","8","32","5.75","0","0","1","6.75","Cash","Sun Taxi","41.89321636","-87.63784421","POINT (-87.6378442095 41.8932163595)","41.880994471","-87.632746489","POINT (-87.6327464887 41.8809944707)"
"b3978e9e44a9badb049c7c80ab3175e3d3092320","f808a46257ac52d9b4a8d9df32feaf63b10542702ce6530d130e4f1e5e8781ef8ea5255fc3da50593c8f43150f7c820a0e3a81b2cc6edbc657657ea066697443","2026-04-30T23:15:00.000","2026-04-30T23:30:00.000","660","2.2",,,"33","28","12.41","0","0","0","12.41","Credit Card","Transit Administrative Center Inc","41.857183858","-87.620334624","POINT (-87.6203346241 41.8571838585)","41.874005383","-87.66351755","POINT (-87.6635175498 41.874005383)"
"1f9e7b329f148f4fbf69706a2c849ed181523004","3d77b9fc21a6484a88ca7f79552d5ea5e712563dfa3051170a20ec433a6eb2146859a352e46b9c6da70766f36166a2b7b68422aaaef89b241e500b7e9b206c55","2026-04-30T23:15:00.000","2026-04-30T23:45:00.000","1740","0",,,"56","32","50","20","0","0","70","Credit Card","Transit Administrative Center Inc","41.79259236","-87.769615453","POINT (-87.7696154528 41.7925923603)","41.878865584","-87.625192142","POINT (-87.6251921424 41.8788655841)"
"afe40e9c52b620702dff13424ba18a7aa1c25d28","d6e1a9e103336c396201abe9ceb00795fcd41e14ccbf548bddc575066b1624fed9b5b8f6a4da7feaac63928742dc21554af766c0e71eef4bfa910191fe8ad001","2026-04-30T23:15:00.000","2026-04-30T23:15:00.000","470","1.65","17031320400","17031330100","32","33","8.72","0","0","0","9.22","Mobile","Flash Cab","41.877406123","-87.621971652","POINT (-87.6219716519 41.8774061234)","41.859349715","-87.617358006","POINT (-87.6173580061 41.859349715)"
"dbcc26c9e821c1b16e17b5f0b4fa59ee76115c20","00f011f177d14242f8a1eb4315abe2f7b82be989761ed13493623b7b7cfc77481e3364cfab94e636db5e0dc6973323d869029bf56422ccfe08dc2c02c46da525","2026-04-30T23:15:00.000","2026-05-01T00:00:00.000","2871","25.29",,,"1","53","68.25","0","0","0","68.25","Cash","Flash Cab","42.009622881","-87.670166857","POINT (-87.6701668569 42.0096228806)","41.673819904","-87.635739777","POINT (-87.6357397768 41.6738199043)"
"7f08250fc6c084bc4f82c59c320a57c81da1aaea","df7451c41ae34d5df211c1e00487f0b91fbdd6d0e9e15692e146397dea00b22d1f2c8ce1da1fbb1bfbacf9c1e84cd11ceef5755ae6c4832e241d15ce6af2d268","2026-04-30T23:00:00.000","2026-04-30T23:15:00.000","813","4.98",,,"28","60","15.5","0","0","0","15.5","Cash","Taxicab Insurance Agency Llc","41.874005383","-87.66351755","POINT (-87.6635175498 41.874005383)","41.836150155","-87.648787952","POINT (-87.6487879519 41.8361501547)"
"5693bce7eaf0827e270c82045069aebe9ac0ecc0","897810ef0d64d2a9bd73c7c707459a14646e3e20478e13bc3985a7ae3b14076906876d1c234b6420eaeb82190818e53c7543ee3011ad3af41217d8d49f159672","2026-04-30T23:00:00.000","2026-04-30T23:30:00.000","1620","12.3",,,"76","5","32.75","6","0","4","42.75","Credit Card","Transit Administrative Center Inc","41.980264315","-87.913624596","POINT (-87.913624596 41.9802643146)","41.947791586","-87.683834942","POINT (-87.6838349425 41.9477915865)"
"898b8a01b4d5d998cc6e1c18887da4002770163c","8bb72e3ef6a7494b80eb3bbf7777b467d4195a1ee71b354c155a51c027ddb2b559c97343fd83fc45cdf24c196d0fa14d4dd987657b08e8061ec38ae9e462944d","2026-04-30T23:00:00.000","2026-04-30T23:15:00.000","301","0.85",,,"8","8","6.58","0","0","0","7.08","Mobile","City Service","41.899602111","-87.633308037","POINT (-87.6333080367 41.899602111)","41.899602111","-87.633308037","POINT (-87.6333080367 41.899602111)"
"e441bf6909b7bcc523c16f6185550aa53e7f5ffd","f3d8373d8ac31f00090dc02da4f345443ac31b25eb1e527cf56b2bf9bacb51b3db470a5b78dc8dd594aab0b281225f676eb32123902c1bb649578bea96e33e8a","2026-04-30T23:00:00.000","2026-04-30T23:30:00.000","1800","13.6",,,"76","6","35.25","7","0","5","47.25","Credit Card","Chicago City Taxi Association","41.980264315","-87.913624596","POINT (-87.913624596 41.9802643146)","41.944226601","-87.655998182","POINT (-87.6559981815 41.9442266014)"
"e5efbc48898d18e18086903f534db13db3fbdbe0","455b6b5cae6ca5a17cddd251485f2266d13d6a2c92f07c2968c24f39032ecc76fcc1928d14ce8bba5214e04fe22bdcaa431471b0fbabbdf8fa62650c164e901a","2026-04-30T23:00:00.000","2026-04-30T23:00:00.000","5","0","17031081500","17031081500","8","8","10","4","0","0","14.5","Credit Card","Sun Taxi","41.892507781","-87.626214906","POINT (-87.6262149064 41.8925077809)","41.892507781","-87.626214906","POINT (-87.6262149064 41.8925077809)"
"712681f3a10f3541a357f2bca412144c2f086666","b2cc9f31ae8d3049d0968618cc33ac6482c083023df2a0f29d6efd7e722d731a0f1745b2baf1852a9d509adc373aeee4528118373283ade9db346112e4764e29","2026-04-30T23:00:00.000","2026-04-30T23:15:00.000","1332","16.16",,,"32","75","44.4","0","0","0","44.4","Cash","Flash Cab","41.878865584","-87.625192142","POINT (-87.6251921424 41.8788655841)","41.689729914","-87.669054403","POINT (-87.6690544032 41.6897299145)"
"6d0f097d2ec161984c0bac1c8bb259d54753d182","6898e40854937399e0ef25dad63740d21b20593439090721b2f747b039ab24c5e74ebda726b98515a4b4c6b7dd9f87717cfc7c1b52e3a8b4d52245214f09d229","2026-04-30T23:00:00.000","2026-04-30T23:00:00.000","28","0.05",,,,,"45.65","0","0","0","45.65","Cash","Flash Cab",,,,,,
"89b71ae35fd1170958aef030e2e145f414db393d","a7aaa6374b9f88b5fd31a1106378dffccb77e1261bc57ab9cc637b2a7510c5e8a88b8723d5a03c8183c10d7420440696fd6eb16207498555d2f532ef2e8461b9","2026-04-30T23:00:00.000","2026-05-01T00:00:00.000","3100","30.26",,,"73",,"74.5","0","0","0","74.5","Cash","5 Star Taxi","41.717493036","-87.648895072","POINT (-87.6488950721 41.7174930361)",,,
"632e5053af5eb051332f7277224839f46516291c","e5274d6c103515af3ce705182d0bbbea7ca077a6f23b1736254f2de8ba3e1687dd77f5fb541b7f00b1ebc24cfde54caf5a9562f046a0559acbfe1e7159e17c1a","2026-04-30T23:00:00.000","2026-04-30T23:00:00.000","255","0.43","17031081700","17031081500","8","8","4.75","0","0","0","7.25","Cash","Globe Taxi","41.892042136","-87.63186395","POINT (-87.6318639497 41.8920421365)","41.892507781","-87.626214906","POINT (-87.6262149064 41.8925077809)"
"ab8d59a2d4e599a2ce3f66ae993148d46e7642ad","9054e449dca78c2363d025823dfceb7e33bebc5ca24c92db024cd6abe8e2013106a740b276d93cdedc689d2bc222382ca217e41e6ef0389313f6037771090c8e","2026-04-30T23:00:00.000","2026-04-30T23:15:00.000","1291","14",,,"76","22","35","7.9","0","4","47.4","Credit Card","Taxicab Insurance Agency Llc","41.980264315","-87.913624596","POINT (-87.913624596 41.9802643146)","41.92276062","-87.699155343","POINT (-87.6991553432 41.9227606205)"
"3245f6764a237e52b4742d2e42789f1e3f466887","92000228f17be4f549e0b09b6a1e362f0cca516b95306d0da98f6c073c3cde625f4a708972d29021a8478e3076a86dc30b1f8f6479820d9f3671c18e88016ab7","2026-04-30T23:00:00.000","2026-04-30T23:15:00.000","283","0.88","17031320400","17031081700","32","8","5.75","1.25","0","0","7.5","Mobile","Chicago Independents","41.877406123","-87.621971652","POINT (-87.6219716519 41.8774061234)","41.892042136","-87.63186395","POINT (-87.6318639497 41.8920421365)"
"01f4667f4852970e22a1ba48a10cbc4de1cfcc37","8a586ea31a21b4a22440828dce49cdc23271497d0107864efa09d840270a752fdcada97740b1a3560ac115f959f59e6af546b477df917f0c0c81ba9f70f0ed35","2026-04-30T23:00:00.000","2026-04-30T23:15:00.000","1620","13.7",,,"76","6","35","5","0","4","44","Credit Card","Choice Taxi Association Inc","41.980264315","-87.913624596","POINT (-87.913624596 41.9802643146)","41.944226601","-87.655998182","POINT (-87.6559981815 41.9442266014)"
"df5509a72d3004cbfe49aea0c47156fdadeaa008","785ef52cff80fe78a7ee899453036c0be6ac8fef4d1006810092be7e96b27cfa576f25bfd842e2f0cbd68c52f22f943fb512a0ddad323fbd472bb0529148739d","2026-04-30T23:00:00.000","2026-04-30T23:15:00.000","1117","5.98",,,"35","8","18","0","0","0","18.5","Credit Card","Taxicab Insurance Agency Llc","41.835117986","-87.618677767","POINT (-87.6186777673 41.8351179863)","41.899602111","-87.633308037","POINT (-87.6333080367 41.899602111)"
"028591eeeac3323e93cef399ce16a00c2ee9eed7","84a9489b354cd6dfe99487c12c5c735e40bb1350f645668ae00ec89cc0c22510a043d8461381406b57db35f51c04f215b889e310c6b151caaa0775504ddc4884","2026-04-30T23:00:00.000","2026-04-30T23:30:00.000","1608","13.29",,,"56","8","35.5","8.2","0","5","49.2","Credit Card","Chicago Independents","41.79259236","-87.769615453","POINT (-87.7696154528 41.7925923603)","41.899602111","-87.633308037","POINT (-87.6333080367 41.899602111)"
"1ec7584913f42da9807b3cb900be603d521e3f32","bca79085da78d157007711d04c6e06f655ee5eafb1e5b654033c2f34fcea1d1fd230b48cff6ab67c598d1baa406d0689fd207404711267f2d56fdd93e3a0e6ec","2026-04-30T23:00:00.000","2026-04-30T23:30:00.000","1621","16.97",,,"76","8","42.75","9.45","0","4","56.7","Credit Card","5 Star Taxi","41.980264315","-87.913624596","POINT (-87.913624596 41.9802643146)","41.899602111","-87.633308037","POINT (-87.6333080367 41.899602111)"
"a8c6281862fe9e42af877b113a94e8b8de0c08e3","4f78222d267c08ee7267810e5f3f2241dc61bf1396d036c6189ff55bcaae7cdfa05b4acffb30de62a7062274c8eb0d56ae93a1abf01e9d19abcbb7ede28380f1","2026-04-30T23:00:00.000","2026-04-30T23:15:00.000","1140","0",,,"8","5","28.75","0","0","0","28.75","Cash","Taxicab Insurance Agency  LLC","41.899602111","-87.633308037","POINT (-87.6333080367 41.899602111)","41.947791586","-87.683834942","POINT (-87.6838349425 41.9477915865)"
"8d25e1d340b79a9b6200af43548281d94bdb356f","f7684402b7b01a62af891e65189e28fb61890f2ef5922b1d3d411329c1c7052673b1f781dda89f2fdcfa99aac10a3e65075093505297afef46c96a138bd3e502","2026-04-30T23:00:00.000","2026-04-30T23:30:00.000","1920","0",,,"76","6","52","11.3","0","4","67.3","Credit Card","Transit Administrative Center Inc","41.980264315","-87.913624596","POINT (-87.913624596 41.9802643146)","41.944226601","-87.655998182","POINT (-87.6559981815 41.9442266014)"
"05acd1c7fe2af8fa757ffb78e8c206758750bf35","39c5b1afbd9856f33218efea0a669e7c7f8c186197b83e22ad2bce7b2339d83ba2bbfdb1b5ae01ddb17c64d6450f4507baeb350dbddf82e5bc4871519d9b33d8","2026-04-30T23:00:00.000","2026-04-30T23:00:00.000","237","0.6","17031081500","17031081300","8","8","8.5","1.8","0","0","10.8","Mobile","Flash Cab","41.892507781","-87.626214906","POINT (-87.6262149064 41.8925077809)","41.898331794","-87.620762865","POINT (-87.6207628651 41.8983317935)"
"7db9146c5370930e4d3bf149cbbe0c6ce27192d9","c6e0071dc1db129271f6d4833953bb62bd466a9aed33300620da9672656820ee26fc53346d5ddac565f783b3e1d9e54e55fa95ddaab38064dab331f8197822fd","2026-04-30T23:00:00.000","2026-04-30T23:00:00.000","5","0",,,"3","3","35","7.1","0","0","42.6","Credit Card","Sun Taxi","41.96581197","-87.655878786","POINT (-87.6558787862 41.96581197)","41.96581197","-87.655878786","POINT (-87.6558787862 41.96581197)"
"8b4dc56c9eb41eee7589359640b6dd764d690139","22c2c92ba4cc6458780df495b72b3fb22a83cfd79728bfef02661f73e81a53a2de50ee1c693d9503b1e01a1032dbeb69744f2293cb796a3253cc9acee699b4be","2026-04-30T23:00:00.000","2026-04-30T23:45:00.000","2460","16.4","17031980000","17031080202","76","8","41.5","11.5","0","4","57","Credit Card","Transit Administrative Center Inc","41.97907082","-87.903039661","POINT (-87.9030396611 41.9790708201)","41.905857769","-87.630865027","POINT (-87.6308650266 41.9058577688)"
"5053704ac18633dce78c7cf88475cb3822c5d14b","2f8c51760f8358b29119959a9a4864d3d320e18a642b598248ccab958908a1da90ed708a7665d4a22a6c0c986b048239e4cd8fcff79c744d5ea2713259678b6a","2026-04-30T23:00:00.000","2026-04-30T23:15:00.000","543","1.71",,,"32","33","9.42","0","0","0","9.92","Mobile","City Service","41.878865584","-87.625192142","POINT (-87.6251921424 41.8788655841)","41.857183858","-87.620334624","POINT (-87.6203346241 41.8571838585)"
"4154fb3c635fa3cc84b2410f0885f9ec25fed5a0","8ef1056519939d511d24008e394f83e925d2539d668a002c97c441c1d24ab86e29b31a6d8544356006c1eee49dda811760c872d4ddcbaffd55a681b17864a014","2026-04-30T23:00:00.000","2026-04-30T23:15:00.000","560","1.31","17031081700","17031081500","8","8","6.07","0","0","0","6.57","Mobile","Flash Cab","41.892042136","-87.63186395","POINT (-87.6318639497 41.8920421365)","41.892507781","-87.626214906","POINT (-87.6262149064 41.8925077809)"
"8a40f6050ed37faa9d13da2ff0d09763ff526eb7","d27983837ba702b986c8d4a75d2d829ac2a1b66ff5c32a959ad7c260109f046e02ddb553d134902b23fab149fb6a8dbdfe7b640664ef1364e072c6872eb6af00","2026-04-30T23:00:00.000","2026-04-30T23:15:00.000","948","4.33",,,"8","35","14.75","0","0","0","15.25","Credit Card","Taxicab Insurance Agency Llc","41.899602111","-87.633308037","POINT (-87.6333080367 41.899602111)","41.835117986","-87.618677767","POINT (-87.6186777673 41.8351179863)"
"a8dda7820cda18c5a177b38c80dbb8ace94ea977","19ccfdbec42380e8beda815e0a69bd92aaec6bc398264321fc2709fc30341d7d104e9690095764df21562c26e35ee94b3e9e0696ce56918b09640c245a4d9121","2026-04-30T23:00:00.000","2026-04-30T23:15:00.000","960","1.2","17031839100","17031080100","32","8","14.25","3.9","0","1","19.15","Credit Card","Taxicab Insurance Agency  LLC","41.880994471","-87.632746489","POINT (-87.6327464887 41.8809944707)","41.907520075","-87.6266589","POINT (-87.6266589003 41.9075200747)"
"8a108c2e6851346c30288dddc23b209bfac90b55","8a579afa6df0914d872dac898a493e2d6c36acbe25b73fc9d65fe5a258d284daf3931399e83299e5de66065142ffd78278f8b4d022a8401afb11837d26099289","2026-04-30T23:00:00.000","2026-04-30T23:00:00.000","467","3.9",,,"28","22","12.25","2.55","0","0","15.3","Credit Card","Taxicab Insurance Agency Llc","41.874005383","-87.66351755","POINT (-87.6635175498 41.874005383)","41.92276062","-87.699155343","POINT (-87.6991553432 41.9227606205)"
"76f090cf90a373e236ed8d96302f157bb2f3d091","b41e8c8124d8d600a4db8b7c176c2956756d378c749cb11c0a8e2c326a4c1cd83cac353869b657c398c9abc2c9d1d4c760905cfd5189595282dbfbe2fb0ce482","2026-04-30T23:00:00.000","2026-04-30T23:15:00.000","960","2.9",,,"8","8","13.75","0","0","0","13.75","Credit Card","Transit Administrative Center Inc","41.899602111","-87.633308037","POINT (-87.6333080367 41.899602111)","41.899602111","-87.633308037","POINT (-87.6333080367 41.899602111)"
"a7c6df4d35ebca490e72a9d1e445317c835edb8e","9b48ad5744e86450fb4db78e7095a6827bafc43a6a9d9a8f656aac46cc0e429d129471cdad31f8a5a97b3a45c8af5fcbc80d003c1c4839075733900786e1a5a9","2026-04-30T23:00:00.000","2026-04-30T23:00:00.000","575","1.79",,,"33","28","9.12","0","0","0","9.62","Mobile","Sun Taxi","41.857183858","-87.620334624","POINT (-87.6203346241 41.8571838585)","41.874005383","-87.66351755","POINT (-87.6635175498 41.874005383)"
"08815637135153938a6f3ddb6d2ee7751edb48db","58a80cdb3c9c1a43c90bb9b1d4faa5da222f6b7cf92bc55bd4d0ab6293924f7516091832597425ff50cf147f0f60631bbf079aa4cbd467a437deae0324fbdb9a","2026-04-30T23:00:00.000","2026-04-30T23:00:00.000","175","0.3","17031081500","17031081700","8","8","4.25","0","0","0","4.75","Credit Card","Flash Cab","41.892507781","-87.626214906","POINT (-87.6262149064 41.8925077809)","41.892042136","-87.63186395","POINT (-87.6318639497 41.8920421365)"
"3ae36c43d6e29c1565fe0551cb131bd8a55158aa","38da359b5809a1970dce1d6723e217590f4cd1f8e80541b6524f8704089c4f064563caa7779299e50251b9897fc21e0420e628e75ca9f079276f3a98bc27d376","2026-04-30T23:00:00.000","2026-04-30T23:30:00.000","2580","0","17031980000","17031320100","76","32","64.25","12.95","0","0","77.2","Credit Card","Taxicab Insurance Agency  LLC","41.97907082","-87.903039661","POINT (-87.9030396611 41.9790708201)","41.884987192","-87.620992913","POINT (-87.6209929134 41.8849871918)"
"a73170717558859d05d8cd35eed0c37299e1bc54","bb6b240ec1c7f81d5172ba0542c877115b459bb4dda1ab05b702b13bfbade6998c07cccf0607decfff9c403e40d08a631e7b5e946a8ebdc5dc4f36e662246e58","2026-04-30T23:00:00.000","2026-04-30T23:00:00.000","703","8.95",,,"76","76","17","4.7","0","6","28.2","Credit Card","5 Star Taxi","41.980264315","-87.913624596","POINT (-87.913624596 41.9802643146)","41.980264315","-87.913624596","POINT (-87.913624596 41.9802643146)"
"a68dd1d6300ac903add712f059bc34f1d030772f","3f2a24e813695ce63232d6cccfc688ad3875df09b609fa761fade5314d178e3107a4e8cde05936a4d0bf8f03186e3b6f88e620da8b50a225c1d2169cdc40d10a","2026-04-30T23:00:00.000","2026-04-30T23:00:00.000","240","0.7",,,"7","7","5.25","4","0","0","9.25","Credit Card","Chicago City Taxi Association","41.922686284","-87.649488729","POINT (-87.6494887289 41.9226862843)","41.922686284","-87.649488729","POINT (-87.6494887289 41.9226862843)"
"ddbc5c3fede5d4ad393895522d4f83062060168f","929637055de3e69bd7558f9b7e2ac3832c4848215b3ab46f78b3eae7dfa2adef9cdc4f7f08e4203fcbc272670a81a2554da8937dea4c79a2effab86831212573","2026-04-30T23:00:00.000","2026-04-30T23:15:00.000","890","2.14","17031833000","17031081403","28","8","10.03","3.11","0","0","13.64","Mobile","Taxicab Insurance Agency Llc","41.88528132","-87.6572332","POINT (-87.6572331997 41.8852813201)","41.890922026","-87.618868355","POINT (-87.6188683546 41.8909220259)"
"da0157b5a07f2e8aafda3dc5f57a3e6e31280370","0fdab9be71f6d88e3d3a2e115afc5a33d2bf74153792c50143688a9c285f33207c6dc6d558d09b16fe1d167e979b0daffaba4f089cac2517a1fab980a4386ade","2026-04-30T23:00:00.000","2026-04-30T23:00:00.000","267","0.47","17031081800","17031839100","8","32","6.53","0","0","0","7.03","Mobile","City Service","41.89321636","-87.63784421","POINT (-87.6378442095 41.8932163595)","41.880994471","-87.632746489","POINT (-87.6327464887 41.8809944707)"
"d57deaa14d5a9f8c33b50d588dd552631bc2e8b9","f99d866ed2543d082bef92509e7e1f435207b12830493294db534da33cba163130473f002076c572364b5318052c1f6e35a56ed071a2c31dce3fb4aff7a63178","2026-04-30T23:00:00.000","2026-04-30T23:15:00.000","1104","15.58",,,"76","24","38.5","9.3","0","7.5","55.8","Mobile","City Service","41.980264315","-87.913624596","POINT (-87.913624596 41.9802643146)","41.901206994","-87.676355989","POINT (-87.6763559892 41.9012069941)"
"de9f13a2bab32da3e46f3913b71e3904b02ed660","093e9e4c05ea53bf75c51763839d5f5bd5d1785c11ee5ec5e805c14bcb833c9fbfd81ab2b7874a85cba14046e54062335b2221738a0bb0bf1ddcfe83a7efa382","2026-04-30T23:00:00.000","2026-04-30T23:15:00.000","801","1.99",,,"32","8","9.75","0","0","1.5","11.25","Cash","City Service","41.878865584","-87.625192142","POINT (-87.6251921424 41.8788655841)","41.899602111","-87.633308037","POINT (-87.6333080367 41.899602111)"
"d3d051c532d9cd6afb265f561d879809372ca415","fdc3156afe8accb70f5aea5f2cd2d7cefd089d13b6d930151e1a195fbb53b1caf1b110ebbb901077e295080c2a5a3e1b2d2b42595435d1defd965e1604c1cf90","2026-04-30T23:00:00.000","2026-04-30T23:00:00.000","780","2.2",,,"7","8","10","0","0","0","10","Unknown","Transit Administrative Center Inc","41.922686284","-87.649488729","POINT (-87.6494887289 41.9226862843)","41.899602111","-87.633308037","POINT (-87.6333080367 41.899602111)"
"5b4dce8913d160931cc4f2958dcda42d4b612956","e8ebe1fb12cc70947d4031ad2982bd07dee6c4a3b7d381a92b70556f0ced7d2eef3b5b88a5f8e6322f596607e57e23f9241a760dae0ad96d6c6282892ade803e","2026-04-30T23:00:00.000","2026-04-30T23:15:00.000","1388","15.93","17031980000","17031080100","76","8","55","11.1","0","0","66.6","Credit Card","5 Star Taxi","41.97907082","-87.903039661","POINT (-87.9030396611 41.9790708201)","41.907520075","-87.6266589","POINT (-87.6266589003 41.9075200747)"
"d3d9e36a81a445f47a6777177cec632f1363a3bd","0c758d798a3980ff73e5f1a334db48be8aa4271db5d6cfa8ad373bfb347a446ac55c929253225ae8f378b24b9de916231a7b9abb29e8e33834a3500af7a20c7f","2026-04-30T23:00:00.000","2026-04-30T23:45:00.000","2609","30.28",,,"76","56","72.5","13","0","14","100","Credit Card","Sun Taxi","41.980264315","-87.913624596","POINT (-87.913624596 41.9802643146)","41.79259236","-87.769615453","POINT (-87.7696154528 41.7925923603)"
"7063c4665ffa92d80db3f8ee634249e673c52bfc","c7a0a182e884af18d25c22584df83f14df5b044b900930885d55b2a2a5c0ddb23d2d3eadbb652b2e15b4167609d461a8af488b075a458d2ed19647feac570602","2026-04-30T23:00:00.000","2026-04-30T23:15:00.000","1090","13.43",,,"76","22","33.5","5","0","5","44","Credit Card","5 Star Taxi","41.980264315","-87.913624596","POINT (-87.913624596 41.9802643146)","41.92276062","-87.699155343","POINT (-87.6991553432 41.9227606205)"
"c26ba102cfecba5892d11e6e3beb277e265ec9c4","6b6dc04e7b06da4f1dc50dee727d9ef2d1c2df22a009b44ba04c006d6dc61a1dd90cf2bca0b3e86e383183d495d4e25681dd4dc5e65c952c9614cc1913f95767","2026-04-30T23:00:00.000","2026-04-30T23:30:00.000","1855","13.63","17031980100","17031081201","56","8","36","12.6","0","5.5","54.6","Credit Card","Sun Taxi","41.785998518","-87.750934289","POINT (-87.7509342894 41.785998518)","41.899155613","-87.626210532","POINT (-87.6262105324 41.8991556134)"
"d18f794f2bcda3a322299482fb6a64558a89eac0","913c95ba782fa447b7c55fbfc38d040907d13e7ddf7282a75fe448d2a25082dcdab927cd930805ea14e62bc534d5288669b15f73751bd43a746cc9e3bbddb2f4","2026-04-30T23:00:00.000","2026-04-30T23:45:00.000","1992","14.58",,,"32","70","39.63","0","0","0","39.63","Cash","Flash Cab","41.878865584","-87.625192142","POINT (-87.6251921424 41.8788655841)","41.745757713","-87.708365704","POINT (-87.7083657043 41.7457577128)"
"a508deb992c9b8e3553690a391822fd3c5d1f5b6","4aea2e625ae553b6dcd2d4ff71a76a90a15386cca21e03d27be9f0ee9b3cd99384135215316d24365bc36c1003d206872c8e60de1da1c49cef797b0b2bbbe7aa","2026-04-30T23:00:00.000","2026-04-30T23:00:00.000","9","0.05",,,"5","16","3.25","0","0","0","3.25","Cash","Blue Ribbon Taxi Association","41.947791586","-87.683834942","POINT (-87.6838349425 41.9477915865)","41.953582125","-87.72345239","POINT (-87.7234523905 41.9535821253)"
"6b7b50bd8cb95e2d170193d5e6f0aa603464e56e","4f1e94982e6851725add382f7981d64006ae7c38f3664f6575ef12ab44c1c6af6e02524b142e95c1d10974f66b6a2eda0d332643b01607e2ca3ff2a7241f6dee","2026-04-30T23:00:00.000","2026-04-30T23:15:00.000","631","2.79",,,"8","24","11.64","0","0","0","12.14","Mobile","Flash Cab","41.899602111","-87.633308037","POINT (-87.6333080367 41.899602111)","41.901206994","-87.676355989","POINT (-87.6763559892 41.9012069941)"
"d0564efa5e807d338fb27dc5bd183944b0e6afea","6278c1674ea7d215ce7df0639ab7359bd906b09f2b253610b7f72fc1d6a791b0ef9d7f8fd07ef92578c9c705a601aeb37ef7936e8038aadfb712b3250ce28437","2026-04-30T23:00:00.000","2026-04-30T23:15:00.000","684","2.48",,,"4","77","9.75","0","0","0","9.75","Cash","Flash Cab","41.975170943","-87.687515515","POINT (-87.6875155152 41.9751709433)","41.9867118","-87.663416405","POINT (-87.6634164054 41.9867117999)"
"cf707635965a9c159c2c888558db9af9a4e2d33a","135ae3e27e645db0d93702c52df40e6f0ae8b88c87869bdd6a7585a84ee4ed72641efefe7dd2d0bae191a6a6cb59f1da77fd207adffb4802e7042c296fa0e1a9","2026-04-30T23:00:00.000","2026-04-30T23:15:00.000","1176","3.74",,,"28","31","12.36","0","0","0","12.86","Mobile","Flash Cab","41.874005383","-87.66351755","POINT (-87.6635175498 41.874005383)","41.850266366","-87.667569312","POINT (-87.667569312 41.8502663663)"
"a46b78c86228233f16d98319935ec51439e59f23","fcaa473b1a8f982e6a4e0d0a1d8913c60a0ab87a1c4019819185f7301eb259dffff8e2d4edb33d07194b2aeac874513dc61977a7fa40c3b5f93702a209468205","2026-04-30T23:00:00.000","2026-04-30T23:00:00.000","5","0",,,"7","7","3.25","0","0","0","3.25","Cash","Taxicab Insurance Agency Llc","41.922686284","-87.649488729","POINT (-87.6494887289 41.9226862843)","41.922686284","-87.649488729","POINT (-87.6494887289 41.9226862843)"
"e1eab113f0d62a58589f28a639aaafb0dd29cdb5","58c784c628cc2b0b77468e6a406acea729301abbc17a6240eed68ac3b5ce5a9378deffab5b2b940db6c83e7c9553eacd8fdb8d10593e071cefffe2b388af3bd7","2026-04-30T23:00:00.000","2026-04-30T23:00:00.000","717","4.61",,,"76",,"14.25","5.55","0","13","33.3","Credit Card","Taxicab Insurance Agency Llc","41.980264315","-87.913624596","POINT (-87.913624596 41.9802643146)",,,
"a331de5706ddec90e3dfab810ad4f3cdbdc8ffde","dd2844d5f13c91c2d50ff5092bacd0f339c5b3c17376b56fa06e0acf5a7142a133994bb6aa0c8d7bbf24684cc8ed4d566533121b031f5dd76787b8bb7b1abf01","2026-04-30T23:00:00.000","2026-04-30T23:00:00.000","382","1.64",,,"3","77","9.5","1.45","0","0","11.45","Mobile","City Service","41.96581197","-87.655878786","POINT (-87.6558787862 41.96581197)","41.9867118","-87.663416405","POINT (-87.6634164054 41.9867117999)"
"4ed238620e75a9a5826a5f72b42f86aafafd57af","b587d7b411523ec3634b1f20e09baf59d90c74d746c8a0da76084b01132dcf224cb8c51cb4e8366a8067d3f9ccb028bd7af846c9fd4acf16e2fd7f00395ed6a7","2026-04-30T23:00:00.000","2026-04-30T23:15:00.000","944","3.35",,,"32","24","15.69","5.38","0","0","21.57","Mobile","Wolley Taxi","41.878865584","-87.625192142","POINT (-87.6251921424 41.8788655841)","41.901206994","-87.676355989","POINT (-87.6763559892 41.9012069941)"
"ce915f3d70948d1324de8611252ecf2b3fd2b417","770c8eeffb35f5fb925ceecfac5201171e3ecdaf5bacaa75c715bafdcd8c6322a479407001e9e1ed4f65bdcbc4030a22123cce3599809fe6f55b73608485130c","2026-04-30T23:00:00.000","2026-04-30T23:15:00.000","228","0.61","17031081403","17031081700","8","8","5.89","0","0","0","6.39","Mobile","Sun Taxi","41.890922026","-87.618868355","POINT (-87.6188683546 41.8909220259)","41.892042136","-87.63186395","POINT (-87.6318639497 41.8920421365)"
"09c1396319e3ebd1e39a7ae9817b30c6b48623e5","477e2191cd2213e2db9413d810936b2f24a73c8e5270594c724f811dbe4cfea5b58519d789ac8fb30d3ac6ee375721019e2e793a889be528f59327e0cc32ea94","2026-04-30T23:00:00.000","2026-04-30T23:45:00.000","2340","14.8",,,"76","6","38.75","8.8","0","5","52.55","Credit Card","Transit Administrative Center Inc","41.980264315","-87.913624596","POINT (-87.913624596 41.9802643146)","41.944226601","-87.655998182","POINT (-87.6559981815 41.9442266014)"
"1b0c83b56766e934d165e308d67fb4694e67adc4","46c4778c3a32454511f96752c509c608955e293da45dbf245bf9eba5bef28916b7b61295d27aa8f61e4ad63b264051057ace630bce41b8aff5bc6853585fed15","2026-04-30T23:00:00.000","2026-04-30T23:30:00.000","1800","14.4",,,"76","6","36.75","8.45","0","5","50.2","Credit Card","Transit Administrative Center Inc","41.980264315","-87.913624596","POINT (-87.913624596 41.9802643146)","41.944226601","-87.655998182","POINT (-87.6559981815 41.9442266014)"
"8860ad8425e2f642e71e91b3615d2833d024aec4","30edf2adde06c5b5d365eced7cf4b5020255da2bc604f133d3d1fd02d720d8a410ecd999b4346b6e4984cd472d0c17a460628833b9d80a6c51b6671f56100512","2026-04-30T23:00:00.000","2026-04-30T23:30:00.000","2340","15.8",,,"76","8","39.75","10","0","4","53.75","Credit Card","Chicago City Taxi Association","41.980264315","-87.913624596","POINT (-87.913624596 41.9802643146)","41.899602111","-87.633308037","POINT (-87.6333080367 41.899602111)"
"cb3a3012edf082adaf852c3c52d8582b1aea1a54","2fea69c8a6e08471bc4339a05e9ee7955bef68d791f77a202bd54f3ae41c805907d7ac13a89f86fac4494c976ca87883157baa32ea41f59056661884135f6bba","2026-04-30T23:00:00.000","2026-04-30T23:15:00.000","779","4.35",,,"8","6","13.75","4.88","0","2","21.13","Credit Card","Sun Taxi","41.899602111","-87.633308037","POINT (-87.6333080367 41.899602111)","41.944226601","-87.655998182","POINT (-87.6559981815 41.9442266014)"
"8f5047c1d3400b9bae4a44eae278c5de94a98c3d","196d0cab116da01f1cb8685842d0ce1052d6e0b368d7d5cd560154f6d7a7f0b94903fbd090629f3172f2103f9b3eaf359d0024e4c29007ab571c961ee2241f67","2026-04-30T23:00:00.000","2026-04-30T23:30:00.000","1800","4.9",,,"32","7","17.75","0","0","1","18.75","Unknown","Transit Administrative Center Inc","41.878865584","-87.625192142","POINT (-87.6251921424 41.8788655841)","41.922686284","-87.649488729","POINT (-87.6494887289 41.9226862843)"
"1a83e9aecbe00cf7a1fc9c2438a44ce7b1a78cc5","2d72c5e6313ad93f663008a55045cad0c76164b057dcb756f23448dcfc082f616d8626020794704f296e6ad06f65837ff799930aa961729096167c5ef8612663","2026-04-30T23:00:00.000","2026-04-30T23:30:00.000","1398","14.2",,,"76","6","36","0","0","4","40","Cash","Flash Cab","41.980264315","-87.913624596","POINT (-87.913624596 41.9802643146)","41.944226601","-87.655998182","POINT (-87.6559981815 41.9442266014)"
"789ef5b039e9a000d1b3e70ee0cae620d7d80b66","2c6ef81b0ba1f2bbe58cb63f171b872e9e3f53d4c34a3cea273685a97da3bf5e7711767303f028d68f735c5a7acf04d94965ffc332e389515d91ec77cd5ab6dc","2026-04-30T23:00:00.000","2026-04-30T23:30:00.000","2160","16.9","17031980000","17031081201","76","8","42.5","12","0","5","59.5","Credit Card","Taxicab Insurance Agency  LLC","41.97907082","-87.903039661","POINT (-87.9030396611 41.9790708201)","41.899155613","-87.626210532","POINT (-87.6262105324 41.8991556134)"
"10fd0c80da090aa50c87c855e028eb485a67be94","f808a46257ac52d9b4a8d9df32feaf63b10542702ce6530d130e4f1e5e8781ef8ea5255fc3da50593c8f43150f7c820a0e3a81b2cc6edbc657657ea066697443","2026-04-30T23:00:00.000","2026-04-30T23:15:00.000","1020","3.6","17031833000","17031330100","28","33","15.4","0","0","0","15.4","Credit Card","Transit Administrative Center Inc","41.88528132","-87.6572332","POINT (-87.6572331997 41.8852813201)","41.859349715","-87.617358006","POINT (-87.6173580061 41.859349715)"
"0be94605d719af6a1a9a197449db9ef6d3fde24f","40720025b84fa778c47d6637db01b1d8f2de2eabafa5298fbcccc1f5b255192ab25869acec3673616f69a0e0c5bf9c364586eaab85b4ac440ce23594a328aa42","2026-04-30T23:00:00.000","2026-05-01T00:00:00.000","2760","17.7","17031980000","17031081500","76","8","45","9.9","0","4","58.9","Credit Card","Transit Administrative Center Inc","41.97907082","-87.903039661","POINT (-87.9030396611 41.9790708201)","41.892507781","-87.626214906","POINT (-87.6262149064 41.8925077809)"
"04c895274576ccda0b33311c9198ba79da29bc0a","bf66d006c4634bdc6c98ee6d505187ed750e647a6b4d1cc7e6fa4c719d50ccd3e5968d0122c6667b2250d861b153392c24deaab293d88c5f04ba686a32486c8d","2026-04-30T23:00:00.000","2026-04-30T23:15:00.000","1506","12.25",,,"43","28","32","0","0","0","32","Prcard","Flash Cab","41.761577908","-87.572781987","POINT (-87.5727819867 41.7615779081)","41.874005383","-87.66351755","POINT (-87.6635175498 41.874005383)"
"9e79331f009ae76ac6cfca51533e862178966e25","1626953f5dfefe1c62e73836adb90d16258a243e46f69e3acce8d7e3ca2c283d3cffefbe5a12f7edc501101d65832fba4c1deb851c52f8652756619c56ad3bcb","2026-04-30T23:00:00.000","2026-04-30T23:30:00.000","1515","11.34",,,"5","76","31.25","0","0","0","31.25","Prcard","Globe Taxi","41.947791586","-87.683834942","POINT (-87.6838349425 41.9477915865)","41.980264315","-87.913624596","POINT (-87.913624596 41.9802643146)"
"6a883ef5d37a015d9a4659ae245246a90b552f5c","a91e4a6ad978a93f577ec15fb988dda85bb8a870978685c4ace6bf7c9f8fbdf993436ae80997a90b356730824e30b0af62d729f2f84b85d4830b84fcf68b4cd4","2026-04-30T23:00:00.000","2026-04-30T23:45:00.000","2640","16.8",,,"76","8","42.75","4","0","5","51.75","Credit Card","Transit Administrative Center Inc","41.980264315","-87.913624596","POINT (-87.913624596 41.9802643146)","41.899602111","-87.633308037","POINT (-87.6333080367 41.899602111)"
"c57bdb1145cdbf7757fcf239874bc6523972d1cd","f792ce9f8c7d6114fbda6b8d687014f3211b21dc8fe2b2bdd03c5df6b440b0149ba18bc7528be76b77b9f1e0e85ae2843fc8f34df9bbecb347993d293f3b8b15","2026-04-30T23:00:00.000","2026-04-30T23:15:00.000","592","1.51",,,"8","28","9.49","0","0","0","9.99","Mobile","Sun Taxi","41.899602111","-87.633308037","POINT (-87.6333080367 41.899602111)","41.874005383","-87.66351755","POINT (-87.6635175498 41.874005383)"
"9d620c8adcfc98ce0e1ae12c70550b081c93b83e","9a26991eb0f188c6b8c8ad555d4fafbd9c3419259bfbd955a6268c59e1c1870e49037ecf205e53ea82dc3770c2f0286fa356df846369d7d3783a6dcfe726304d","2026-04-30T23:00:00.000","2026-04-30T23:30:00.000","1778","13.8",,,"76","6","36.5","10.25","0","4","51.25","Credit Card","Sun Taxi","41.980264315","-87.913624596","POINT (-87.913624596 41.9802643146)","41.944226601","-87.655998182","POINT (-87.6559981815 41.9442266014)"
"868f539219c4e177f2bf4882c9baa2fae9775f80","f705c825446b6687d3b45d5bb04a7a29720306923943f35ba050b6b5234e5dd564b074ace9b2e6c4c91c3dc09866a05908bed9d7f027d4f34f318274d5264b65","2026-04-30T23:00:00.000","2026-04-30T23:00:00.000","265","0.42",,,"28","28","9.5","2.9","0","0","12.9","Mobile","Tac - Yellow Cab Association","41.874005383","-87.66351755","POINT (-87.6635175498 41.874005383)","41.874005383","-87.66351755","POINT (-87.6635175498 41.874005383)"
"9f02c274e69561ad1c373cdba52f7f407d6a2676","291328f378f142203a6ffe5ac99c68d0e06c220b134093aa841dbf684207252b50a4ab24eb98ea3fe111e37c2288c09196bed631ac1de638d7be8a5f3121baf3","2026-04-30T23:00:00.000","2026-04-30T23:30:00.000","1263","5.16",,,"32","7","15.35","5.28","0","0","21.13","Mobile","Taxicab Insurance Agency Llc","41.878865584","-87.625192142","POINT (-87.6251921424 41.8788655841)","41.922686284","-87.649488729","POINT (-87.6494887289 41.9226862843)"
"e403848ac4a522cad170fb4e88e23c2338bf14f1","4b0be6b79d41fe7dd5d6951ad555da4d4964ea46762ed5801d205f573ba487cf17db500488ae3a698883784360ecb28828e64aa803027525e7762f008f75a60c","2026-04-30T23:00:00.000","2026-04-30T23:15:00.000","326","0.63","17031081100","17031081500","8","8","5.25","3","0","0","8.75","Credit Card","Wolley Taxi","41.900221297","-87.629105186","POINT (-87.6291051864 41.9002212967)","41.892507781","-87.626214906","POINT (-87.6262149064 41.8925077809)"
"1dd3c806f16cf906ba7c06d3f25811adc4bc6e2a","cefcf124c1b1156a94b0d3c6edd07763849c63f800638f3fc436c7fa380a3b2816da93bfb9770a3815bfb17cce670956e235f5d541d15497aa8e775e97c7ce49","2026-04-30T23:00:00.000","2026-04-30T23:15:00.000","1560","7",,,"76",,"30.75","0","0","19","49.75","No Charge","Transit Administrative Center Inc","41.980264315","-87.913624596","POINT (-87.913624596 41.9802643146)",,,
"70d38c6d46b0a879a53c8bc2cc64cf4874c2b678","7ae35df0e9996a29e76fcb12863c5a1eee8d6512695aff517344da28f1baaac08d71a805c75ded64918bb9689430e65f11f33edf8201a29c24aa363b3f845707","2026-04-30T23:00:00.000","2026-04-30T23:30:00.000","1459","10.36",,,"2","8","28.5","0","0","0","28.5","Prcard","Flash Cab","42.001571027","-87.695012589","POINT (-87.6950125892 42.001571027)","41.899602111","-87.633308037","POINT (-87.6333080367 41.899602111)"
"c36b8cb0955890466c31eb17a556fdb0e009cc98","081ccd1ec8ea43f5aba0cfcc53977d1fa8cc826c708a4c9c1dde7cbe488e8e55b1427c6dbb87a287c7a317fdd368a4c2d76f06e5ed93b8cafd5861a482fa782b","2026-04-30T23:00:00.000","2026-04-30T23:15:00.000","709","1.87","17031280100","17031081300","28","8","10.21","0","0","0","10.71","Mobile","Flash Cab","41.885300022","-87.642808466","POINT (-87.6428084655 41.8853000224)","41.898331794","-87.620762865","POINT (-87.6207628651 41.8983317935)"
"386318ef2fcf99289ef17b2ed6aa29b532e281f1","34f13b72cc0f5eee8a0827f77e3d51707f7cdf695e7b4af811cbe05dbf04e51a283ed57964735a325c40f366a69600cf83d5d187ecf9bd7f3e1da04c2675964c","2026-04-30T23:00:00.000","2026-04-30T23:00:00.000","40","0",,,"6","6","3.25","0","0","0","3.25","Cash","Flash Cab","41.944226601","-87.655998182","POINT (-87.6559981815 41.9442266014)","41.944226601","-87.655998182","POINT (-87.6559981815 41.9442266014)"
"c25348702d3cc955bdac7c1f5b9696c0ed046ee6","c57508f365f1bdac3be5e7de12fb19c8d669c37d515e41ce850c82ddb102742fa9fe614b9f87db01a764b52beccd09e57172ff3c513cfd4799828feb8c94028c","2026-04-30T23:00:00.000","2026-04-30T23:15:00.000","1100","13.4",,,"76","6","33.75","2","0","4","40.25","Mobile","5 Star Taxi","41.980264315","-87.913624596","POINT (-87.913624596 41.9802643146)","41.944226601","-87.655998182","POINT (-87.6559981815 41.9442266014)"
"b0fcca5cc6638362da1358c43050c52e8711f48e","63d6f8cde6f0de8a4cf504adc40f8c49c00358506766a65dba0031887a7a464eccfcc1083c3dde417f97abbc0de38eb0d4b4f2081d83de1301fc1ac0e5f4d43c","2026-04-30T23:00:00.000","2026-04-30T23:45:00.000","3000","18.1","17031980000","17031081300","76","8","46","5","0","4","55","Credit Card","Transit Administrative Center Inc","41.97907082","-87.903039661","POINT (-87.9030396611 41.9790708201)","41.898331794","-87.620762865","POINT (-87.6207628651 41.8983317935)"
"9cbced68dfd10e6b69f707179400a6209a5f589f","141074afe6aae95a4613cde037b5ed73011d4d19017b59d970600d380294700d5ef4a72d0e7b050b68e1138a6e7ab1ebd82768c68b4d18bcb116d3990afecab0","2026-04-30T23:00:00.000","2026-04-30T23:45:00.000","2700","16.9",,,"76","8","42.25","0","0","5","47.25","Cash","Transit Administrative Center Inc","41.980264315","-87.913624596","POINT (-87.913624596 41.9802643146)","41.899602111","-87.633308037","POINT (-87.6333080367 41.899602111)"
"cab09e6c6c0d7514f6ec0b6f790ab497f20cd25c","9475d35df519612aec86dbbfcb872633159f538fe7d90aea0c11732d3d6674dfcbe6758dca70f9125b5add9c895dd2a996bbe3dc2a1dd6165b047f790998fddd","2026-04-30T23:00:00.000","2026-04-30T23:15:00.000","1665","17.35","17031980000","17031081300","76","8","87","0","0","0","87.5","Credit Card","5 Star Taxi","41.97907082","-87.903039661","POINT (-87.9030396611 41.9790708201)","41.898331794","-87.620762865","POINT (-87.6207628651 41.8983317935)"
"83d1592d1ab4d576cc93b7460e3e1476eb0dc9ec","2ee014517008727c09c564f78b483383c62d85e7d5f0f82bb7b8a692bca650097a8d0942bc4d898d1c650160b2fe2639a25356dcd3b95887275783d9386b1cb1","2026-04-30T23:00:00.000","2026-04-30T23:00:00.000","493","2.49",,,"28","28","9.75","3","0","0","13.25","Credit Card","Taxicab Insurance Agency Llc","41.874005383","-87.66351755","POINT (-87.6635175498 41.874005383)","41.874005383","-87.66351755","POINT (-87.6635175498 41.874005383)"
"c3b5cbb2b49deda44b87664a13efb73f2bd43d19","3d32e203ce14fba431c473d26ce7389ee53693f9201467cd386b75a58f0b3ea9bb856d15c5978553e3f7ba402a2650820ceb4e879a863c70a54cf5b416c6099f","2026-04-30T23:00:00.000","2026-04-30T23:30:00.000","2040","0",,,"76","8","55.55","12","0","4","71.55","Credit Card","Transit Administrative Center Inc","41.980264315","-87.913624596","POINT (-87.913624596 41.9802643146)","41.899602111","-87.633308037","POINT (-87.6333080367 41.899602111)"
"064ead73a657f31c0d6de29efebaef186e3aa627","8123ec5a70681a139fcd93fd477eec0ee05dda8298774835a80496c9e90fbb9443e5d116ba283712e1dec8fdaf9c8acb0f69a77dc20170984c5b380aa8ae3f96","2026-04-30T23:00:00.000","2026-04-30T23:00:00.000","215","0.73",,,"32","28","6.92","0","0","0","7.42","Mobile","Globe Taxi","41.878865584","-87.625192142","POINT (-87.6251921424 41.8788655841)","41.874005383","-87.66351755","POINT (-87.6635175498 41.874005383)"
"9c3e0f7c4e208f639760dd216ba2f0a8facd3800","ab348dc13e306a79cd69bf16e590df4e160b4c098c0d9a0592cbb596225d6f786d492af1b920fad2783ba4fc5d2566d70ab58bb0c30796a0c07a66c4cbf1be84","2026-04-30T23:00:00.000","2026-04-30T23:00:00.000","645","1.51",,,"8","32","8.5","3","0","1","13","Credit Card","Choice Taxi Association Inc","41.899602111","-87.633308037","POINT (-87.6333080367 41.899602111)","41.878865584","-87.625192142","POINT (-87.6251921424 41.8788655841)"
"9c3ba73c01b4c9359df3a1b59d950c96d0b04525","f0d6376865e19a2dae04d7d5401649247eb526372356ac1effde0d73c4a46620829f36ddfdd3abdd2a9d68b6ee43812935341de11113d38c91f6a60ffd59b15d","2026-04-30T23:00:00.000","2026-04-30T23:00:00.000","560","0.86","17031081700","17031081401","8","8","7.27","0","0","0","7.77","Mobile","Taxicab Insurance Agency Llc","41.892042136","-87.63186395","POINT (-87.6318639497 41.8920421365)","41.89503345","-87.619710672","POINT (-87.6197106717 41.8950334495)"
"8ec401f73a2390cccf4629403faf4fd121d4ed1d","ff17670d96389440510dbf6c0dbfa442be6431b76d0d4cfa0cf7acbd600749eaa3a625c92a1c4eb20ec68e25a7c74cba7127002d45507700d5f3686dfb24ef27","2026-04-30T23:00:00.000","2026-04-30T23:15:00.000","870","5.58",,,"32","36","20.89","0","0","0","21.39","Mobile","Taxicab Insurance Agency Llc","41.878865584","-87.625192142","POINT (-87.6251921424 41.8788655841)","41.82371281","-87.602350437","POINT (-87.6023504372 41.8237128095)"
"fdf3a5a6e803a77552bac565f8d0516e75688fac","e8f673c7d74913eef9b2c58975502e30884a6d7c93a80264c9ef1ee7a3a44652b66f8f74348e5f7b62dc458b19ef474b8c0801463178f03b03bd08f768c42c4e","2026-04-30T23:00:00.000","2026-04-30T23:15:00.000","540","1.4",,,"8","32","7.5","0","0","0","7.5","No Charge","Transit Administrative Center Inc","41.899602111","-87.633308037","POINT (-87.6333080367 41.899602111)","41.878865584","-87.625192142","POINT (-87.6251921424 41.8788655841)"
"44c4b3c936e84e3b9f170b376ecef844a045d96b","145704ff91badf2808dafedfa719dddb09643f1563f8f6e23f839f6f94e7b7bc9b4d1f1d1462866064db58fca57d61409368f4b36fd05dbfea8697efd3006bf0","2026-04-30T23:00:00.000","2026-04-30T23:00:00.000","378","1.29","17031839100","17031330100","32","33","9.45","0","0","0","9.95","Mobile","Taxicab Insurance Agency Llc","41.880994471","-87.632746489","POINT (-87.6327464887 41.8809944707)","41.859349715","-87.617358006","POINT (-87.6173580061 41.859349715)"
"fd18c59ebbce0da5a73d023c6ee8e4ffd668c60d","ea4daf4e61f0f63ebcab3cf3a5e6400c14f65b95b191b26a179aff51bdbf6bc692ec775a6ce1509e71434c6add26df7052ba53676268dd9ae34c58580120f430","2026-04-30T23:00:00.000","2026-04-30T23:15:00.000","1367","0",,,"42","43","30","0","0","0","30","Cash","Tac - Yellow Cab Association","41.77887686","-87.594925439","POINT (-87.5949254391 41.7788768603)","41.761577908","-87.572781987","POINT (-87.5727819867 41.7615779081)"
"9aca404f6a1cccb4a8cf3e82ab721e8ee4988b86","d24d419085615e4f1184135c4e2fbce7458c52aab8378fc8281b4befd63c2b0cae9fe783c705236a9041663673b444f4899928e6927e6d6cfd14f12d6e2e1cd2","2026-04-30T23:00:00.000","2026-04-30T23:30:00.000","2340","13.3",,,"56","8","37.75","10.55","0","4","52.3","Credit Card","Transit Administrative Center Inc","41.79259236","-87.769615453","POINT (-87.7696154528 41.7925923603)","41.899602111","-87.633308037","POINT (-87.6333080367 41.899602111)"
"cbddb05b7c4d4db5bd672586c30d7e329d3f778d","1e17dd9f6bce9b805ec3f6c6b510caa5a64e4b67e9f3b79fa7ca1781d0c7970d6b754f429a79075c22e353586076b9f2f6856e8f98b31f5022751d7eb321069b","2026-04-30T23:00:00.000","2026-04-30T23:00:00.000","402","1","17031081700","17031080202","8","8","6.25","1.35","0","0","8.1","Mobile","City Service","41.892042136","-87.63186395","POINT (-87.6318639497 41.8920421365)","41.905857769","-87.630865027","POINT (-87.6308650266 41.9058577688)"
"a4d15947008bb703f1e89afb295f6da4b8297c19","c3a8b014ee600ece10f8ac77cf6892688b9a468a976f5c7772861b85b3824c5462ea7d571128bfb92cafea22c1d590223a90c469fe848ebcd5bec80d787a8f33","2026-04-30T23:00:00.000","2026-04-30T23:15:00.000","171","0.46","17031839100","17031839100","32","32","6.79","0","0","0","7.29","Mobile","City Service","41.880994471","-87.632746489","POINT (-87.6327464887 41.8809944707)","41.880994471","-87.632746489","POINT (-87.6327464887 41.8809944707)"
"6cce30582a282c383b8470f3d2e108d808ebc17e","1aa27355c709dc0cba3790a2549861c6b7864165ccf0200acea758474b04eb0c3d30bb4b69311843dff9944351170a4d0d707b2e7bd4aef1c5979b050925d38d","2026-04-30T23:00:00.000","2026-04-30T23:30:00.000","2160","15.6",,,"76","7","38.75","10","0","5","53.75","Credit Card","Transit Administrative Center Inc","41.980264315","-87.913624596","POINT (-87.913624596 41.9802643146)","41.922686284","-87.649488729","POINT (-87.6494887289 41.9226862843)"
"bf4450435d039916dd4b7d9c1b9dc73112bb3c6c","555c4b09482029c17187f62aae86e4bab17fd875e37fef0803bdf647c7f7d41a704fb242debdd28f4ec407b177405a0af1256c3ee3336e8f097e7d7a1fcbb37f","2026-04-30T23:00:00.000","2026-04-30T23:15:00.000","489","2.61",,,"76",,"40","8.1","0","0","48.6","Credit Card","Sun Taxi","41.980264315","-87.913624596","POINT (-87.913624596 41.9802643146)",,,
"6b4f02d422f9281af8d016ddea3df201586a0e6d","5cdde36a39ded2651da1686c7813baf589dac6eb873894c8d09897a60426f797790a9733c26060fcfb78ab34d938474c558db546687b5fed582732b2e120567d","2026-04-30T23:00:00.000","2026-04-30T23:15:00.000","1099","0",,,"8","24","1","0","0","0","1","Cash","Tac - Yellow Cab Association","41.899602111","-87.633308037","POINT (-87.6333080367 41.899602111)","41.901206994","-87.676355989","POINT (-87.6763559892 41.9012069941)"
"00aef997b6632a29cbbddab10aa9699cea17e3b1","7cb607b940a690e65b20dec20182d2646d3306f725130c6567b45dff33b1d5b065399e33615a630057f59f9c6e9c8d019c2797dcaa8020e19af7fceaa71f3d2a","2026-04-30T23:00:00.000","2026-04-30T23:15:00.000","1635","18.06","17031980000","17031839100","76","32","44","8","0","6","58.5","Credit Card","Globe Taxi","41.97907082","-87.903039661","POINT (-87.9030396611 41.9790708201)","41.880994471","-87.632746489","POINT (-87.6327464887 41.8809944707)"
"ae3210fcfa2a1bd97ff343f88d8d819f4599ab52","a5af44e477d4a113284fc380e77366cecd26cf2d5dcf668a27be74b6eb2b50ad4c73271ffb06bbd4e7d22b1369bcaf63e6b416ee94ea20d07a8328674eb9be91","2026-04-30T23:00:00.000","2026-04-30T23:30:00.000","1185","8.84",,,"61","45","31.29","0","0","0","31.29","Cash","Flash Cab","41.80901825","-87.659166599","POINT (-87.6591665992 41.8090182499)","41.744199535","-87.586348318","POINT (-87.5863483178 41.7441995348)"
"9cf83029d0bfbe85c2f77d0208cd3a0339132e8f","bf74cd0b2bc2ffe8e5b8c272c34c885330c2c2f0b0871dc2e1164f140a7fb55d6fde30cc5e05b1e8f3d6493fbb8d1b04b8bbe92537549dd380d89049571ccd1b","2026-04-30T23:00:00.000","2026-04-30T23:00:00.000","6","0",,,"21","21","45","0","0","0","45.5","Credit Card","City Service","41.938666196","-87.711210593","POINT (-87.7112105933 41.9386661962)","41.938666196","-87.711210593","POINT (-87.7112105933 41.9386661962)"
"bf4964eafc223b92e3d266de74ade988a53cdac5","00fbd9a7e5fce4db91d74af6c82fc74f07d246b40435a71356a60c170ef136ab5f853dce0cd6a6443dc01eb817d4048e22537c521d508533b79574bad77e9c81","2026-04-30T23:00:00.000","2026-04-30T23:00:00.000","433","1.48","17031841900","17031330100","28","33","7.5","0","0","0","7.5","Cash","Flash Cab","41.867902418","-87.642958665","POINT (-87.6429586652 41.8679024175)","41.859349715","-87.617358006","POINT (-87.6173580061 41.859349715)"
"bdc6a8a4abe0d4e81d9b5b322d269047ca13be5c","f6c95de604709d60bb9e583806814e1187f12a74ce65c75669ba888d1e1d87527b69563a99e4b024ca374be6f9578fed56bc16b9087822f1e1fdcaabd9ed2409","2026-04-30T23:00:00.000","2026-04-30T23:00:00.000","372","0.84","17031320100","17031081401","32","8","6.86","0","0","0","7.36","Mobile","5 Star Taxi","41.884987192","-87.620992913","POINT (-87.6209929134 41.8849871918)","41.89503345","-87.619710672","POINT (-87.6197106717 41.8950334495)"
"579bf2ac0c38435cffbf350c21329bed0dd8bb44","fbfc2ff558d0fc2dd96362ef65d25e08f00b13bc427645692cc034fb62d0ccf5f19c7187554fdf79c714323023b793de64da10de48051c38528f05ca5fc29e27","2026-04-30T23:00:00.000","2026-04-30T23:00:00.000","240","0",,,"28","28","0","0","0","0","0","Cash","Transit Administrative Center Inc","41.874005383","-87.66351755","POINT (-87.6635175498 41.874005383)","41.874005383","-87.66351755","POINT (-87.6635175498 41.874005383)"
"5dc18aeb7f0ddf212683acb506bdc0c667eb0529","f6c95de604709d60bb9e583806814e1187f12a74ce65c75669ba888d1e1d87527b69563a99e4b024ca374be6f9578fed56bc16b9087822f1e1fdcaabd9ed2409","2026-04-30T23:00:00.000","2026-04-30T23:15:00.000","708","6.76",,,"8","77","18.5","0","0","0","18.5","Cash","5 Star Taxi","41.899602111","-87.633308037","POINT (-87.6333080367 41.899602111)","41.9867118","-87.663416405","POINT (-87.6634164054 41.9867117999)"
"240bd010bde8cf02bed3a5cde8bbcfe09f68ba92","3324712c665e5b70d271ba8f48ae939f361e0caf35973b73728f1cff0d97f1e4e465e7080b87e921d1942f8720371c0bc9c3cdfbf5a95501b5159eded8b0f083","2026-04-30T23:00:00.000","2026-04-30T23:00:00.000","382","2.6","17031839100","17031838200","32","28","10.11","0","0","0","10.61","Mobile","Flash Cab","41.880994471","-87.632746489","POINT (-87.6327464887 41.8809944707)","41.870415","-87.675085621","POINT (-87.6750856208 41.8704150003)"
"5f32a5a66cbfbfb6ddcc2ab5f31db7168ccceb80","f7684402b7b01a62af891e65189e28fb61890f2ef5922b1d3d411329c1c7052673b1f781dda89f2fdcfa99aac10a3e65075093505297afef46c96a138bd3e502","2026-04-30T23:00:00.000","2026-04-30T23:00:00.000","0","0",,,"76","76","55","0","0","0","55","Cash","Transit Administrative Center Inc","41.980264315","-87.913624596","POINT (-87.913624596 41.9802643146)","41.980264315","-87.913624596","POINT (-87.913624596 41.9802643146)"
"976c56517dc844abf267d2d6e7b1d3d9d27b48f6","f9bc93a0ba6b1f18c9709a96c99bb9c5a99054b1711f80ddfe986a0f78a02470f146c48fd7d66bf74fe374f53d032676cb2fb7871afce4314dfdac97d4f22d32","2026-04-30T23:00:00.000","2026-04-30T23:15:00.000","809","8.58",,,"76","11","22.75","8.48","0","5","36.73","Credit Card","City Service","41.980264315","-87.913624596","POINT (-87.913624596 41.9802643146)","41.978829526","-87.771166703","POINT (-87.771166703 41.9788295262)"
"f960900a330b84496ff4ed520d0d3c0f355f4364","ed17822a864c82f0ac8c3110918dacfa804f66b06d9668289cb6d507d300f79adc991ce01dbfcd09b84b1aba420e74a49c5e30ba1e4d03e5966cdc1a225f7991","2026-04-30T23:00:00.000","2026-04-30T23:15:00.000","1515","17.13","17031980000","17031081300","76","8","42.5","9.4","0","4","56.4","Credit Card","City Service","41.97907082","-87.903039661","POINT (-87.9030396611 41.9790708201)","41.898331794","-87.620762865","POINT (-87.6207628651 41.8983317935)"
"f6e6e43776a3df33036f3a43d7977e6a90897c9a","b2faa1d3e1b91bb0e84ca332617afa61667a5e8d8bc09867a441a8fba87bc8b82c0e3d0be873b2a142f0fdcc94a003101cc022009d68c05d8c0a6651b8d980fa","2026-04-30T23:00:00.000","2026-04-30T23:30:00.000","1312","16.74","17031980000","17031839100","76","32","42","0","0","4","46.5","Credit Card","5 Star Taxi","41.97907082","-87.903039661","POINT (-87.9030396611 41.9790708201)","41.880994471","-87.632746489","POINT (-87.6327464887 41.8809944707)"
"bb14802a3f3acb5324bb4c7b0165f15014892dc7","58a80cdb3c9c1a43c90bb9b1d4faa5da222f6b7cf92bc55bd4d0ab6293924f7516091832597425ff50cf147f0f60631bbf079aa4cbd467a437deae0324fbdb9a","2026-04-30T23:00:00.000","2026-04-30T23:15:00.000","764","5.04",,,"8","6","15.25","3.15","0","0","18.9","Mobile","Flash Cab","41.899602111","-87.633308037","POINT (-87.6333080367 41.899602111)","41.944226601","-87.655998182","POINT (-87.6559981815 41.9442266014)"
"f6d3d1d9de27c7ba62814d86b8fcaa5310bf6228","79871a444f99170269396b5e6b08b90ef1def10a76732e08a64166669dc54b7bec477a1cf72a8b877e0efe6b8b1cdef2177d5769386ffbb39eca4004078f1af9","2026-04-30T23:00:00.000","2026-04-30T23:30:00.000","1496","13.57",,,"76","6","35","7.9","0","4","47.4","Credit Card","Chicago Independents","41.980264315","-87.913624596","POINT (-87.913624596 41.9802643146)","41.944226601","-87.655998182","POINT (-87.6559981815 41.9442266014)"
"1152f11ef49300cfea4c6f506cc9a3e888967174","314f48fcaf3556a8f1c5a32b497057bb479a7afded63d262a5bd50d85a12ee308958f096b3a375648d64eee4bf19d6be55358257fd31009f88c04da6cac3d0c8","2026-04-30T23:00:00.000","2026-04-30T23:00:00.000","5","0",,,"5","5","50","12.62","0","0","63.12","Credit Card","5 Star Taxi","41.947791586","-87.683834942","POINT (-87.6838349425 41.9477915865)","41.947791586","-87.683834942","POINT (-87.6838349425 41.9477915865)"
"f7bb08a23475c21f09f65506ec58233e032f84a4","15ebaceb1f5e522414ecc2fb3af8775a525ccbb8427e69e5d58364f166a9f2bb11ad29b537e2363c505dec29d069e10ea10d6e836077ce25883c5d8fa0dad189","2026-04-30T23:00:00.000","2026-04-30T23:00:00.000","4","0",,,"6","6","45","9.1","0","0","54.6","Credit Card","Flash Cab","41.944226601","-87.655998182","POINT (-87.6559981815 41.9442266014)","41.944226601","-87.655998182","POINT (-87.6559981815 41.9442266014)"
"ba68443a8ce01be937972e6a5bfeb38c44e03d42","467e208aa360a74a2bfcc97dccac10220d7dfbe4ea17020a7f292dbbe0a8a66af760ccc66daabe708edad93abd1e0952de7a1c3a2a0bd34d89cd81bb705f32be","2026-04-30T23:00:00.000","2026-04-30T23:00:00.000","3","0","17031320100","17031320100","32","32","30","7.62","0","0","38.12","Credit Card","Taxicab Insurance Agency Llc","41.884987192","-87.620992913","POINT (-87.6209929134 41.8849871918)","41.884987192","-87.620992913","POINT (-87.6209929134 41.8849871918)"
"cfdfa0356125d2674e6a4a95ca28d90a19706d5d","95e2243f1be3ddd4b546741f6176fb12f2101fdc321377deb6a90915750c19d388915c3ee42dd04060b56e139f57dee79553cf85c71424715337145addae5fde","2026-04-30T23:00:00.000","2026-04-30T23:45:00.000","2700","17.6","17031980000","17031081403","76","8","44.25","0","0","4","48.25","Cash","Chicago City Taxi Association","41.97907082","-87.903039661","POINT (-87.9030396611 41.9790708201)","41.890922026","-87.618868355","POINT (-87.6188683546 41.8909220259)"
"d0febced8c8141ec75b2e34a8d4b80f0a019d3de","390210c789e65184cf389dd3484688acf1956ab0c6618362f43f2f60da01b8b3a2afb54349a98fa29c22d66ef23d7dd607493da0c78794b18893cc57b8af4799","2026-04-30T23:00:00.000","2026-04-30T23:30:00.000","2100","11.7",,,"76","4","31.25","7.25","0","5","43.5","Credit Card","Transit Administrative Center Inc","41.980264315","-87.913624596","POINT (-87.913624596 41.9802643146)","41.975170943","-87.687515515","POINT (-87.6875155152 41.9751709433)"
"668d7db7a71b22610d3d36f94d4a365cbc87c12c","e8d374b4e7bc344add5893f1a1ae3b611823439ac1caf06087c4bf2cb6fe114201a38c49646f2851d86f9e73c21c1e99f29903cceb84612fd1118e3224528b2b","2026-04-30T23:00:00.000","2026-04-30T23:45:00.000","1980","5.9",,,"32","7","20.75","0","0","0","20.75","Unknown","Transit Administrative Center Inc","41.878865584","-87.625192142","POINT (-87.6251921424 41.8788655841)","41.922686284","-87.649488729","POINT (-87.6494887289 41.9226862843)"
"07b803915b92d7195209277a9434e216fdda72b6","20218c842100486ccaee7947df54a242535c1c3bf08b28dcb81187188be857188e776d1511b9ce7e0d35f90bca58f280eb3a48bd1c3215f9115c0abe6d81711e","2026-04-30T23:00:00.000","2026-04-30T23:15:00.000","1168","7.98",,,,,"44.05","0","0","0","44.05","Cash","Flash Cab",,,,,,
"f5a506859a2c8e1a5d61641a7d0a9a29402341b0","e585218a9f728ba533db40a74237a1caa23f01212f0fa8ec83ade5c2774f20cead93dfeb12b3cb57108aee6d05d5e7b4a135733c9e90280b50ceb58047c2adda","2026-04-30T23:00:00.000","2026-04-30T23:00:00.000","213","1.05",,,"28","28","6.82","0","0","0","7.32","Mobile","Blue Ribbon Taxi Association","41.874005383","-87.66351755","POINT (-87.6635175498 41.874005383)","41.874005383","-87.66351755","POINT (-87.6635175498 41.874005383)"
"e335a7a4dcfb3bab8840cf9bb8c17c36f8cab1bf","1d9f1ab92fd36a4578d77d25eecb75771962aa5047119a76f240e35c9d3122ecedf4eeb0e72f6b2fb9302927cbe67f4decca34287fb5f97d51acd02b6bd86531","2026-04-30T23:00:00.000","2026-04-30T23:15:00.000","752","2.73","17031833000","17031330100","28","33","10.8","4.48","0","0","15.78","Mobile","Flash Cab","41.88528132","-87.6572332","POINT (-87.6572331997 41.8852813201)","41.859349715","-87.617358006","POINT (-87.6173580061 41.859349715)"
"b7a1f3107e3c4329a628a913d26b8d8e6629b5ce","febf6bd82296f740d9ca26702c2c46792fb106edecf225ebce543d5856051e6ee8e730aa126d4d947856cce4d3dde767d4eb8ae5741b7d577203d21475f7f298","2026-04-30T23:00:00.000","2026-04-30T23:00:00.000","230","0.96",,,"15","19","5.5","0","0","0","5.5","Cash","5 Star Taxi","41.954027649","-87.763399032","POINT (-87.7633990316 41.9540276487)","41.927260956","-87.765501609","POINT (-87.7655016086 41.9272609555)"
"f9aadbd47cc9ce394673511499dae008012e4fe9","3497d2b935bf09123c257fd1ff03b4ca266e067fac8e97007b30bd3e5138ca4988760b37ee60b57ccf32fd220729611e04a99d769bcd0d06c5d64911df2f1da1","2026-04-30T23:00:00.000","2026-04-30T23:30:00.000","1680","16.9",,,"76",,"42.25","12.75","3.3","5","63.3","Credit Card","Transit Administrative Center Inc","41.980264315","-87.913624596","POINT (-87.913624596 41.9802643146)",,,
"f45b8756cf8106ca794b70e333e135192199112a","dd38b7cebd5414ae2b17595c68048ff8745c5147487c6c21819daf489517055192acf8e79b37a52b929601021940f63b5fcae96aa07346acff8bc4298fdc9be6","2026-04-30T23:00:00.000","2026-04-30T23:15:00.000","660","1.1",,,"8","8","9.06","0","0","0","9.06","Credit Card","Transit Administrative Center Inc","41.899602111","-87.633308037","POINT (-87.6333080367 41.899602111)","41.899602111","-87.633308037","POINT (-87.6333080367 41.899602111)"
"3e1f20e5c91dbe4c010957d7e68d26c901995449","249d932165de24c10140f979fa81b350183cff7ac630991ebc0e2b567883a3c60780ed9dd4f087f74022f6af1eb04d11f888b84b182f90a5e1996bc87da1fa70","2026-04-30T23:00:00.000","2026-04-30T23:15:00.000","697","1.66","17031081800","17031081201","8","8","7.58","0","0","0","8.08","Mobile","Globe Taxi","41.89321636","-87.63784421","POINT (-87.6378442095 41.8932163595)","41.899155613","-87.626210532","POINT (-87.6262105324 41.8991556134)"
"59fcfcd7135c04c78ef9526b390ddd2f2bbb7a14","d416e1376a7b18f0786cd086c7c30039c9fed937285fba0dbd5adddc31613f6c395d53fb2f29f9b2a2f2976461cd0d46d03dbc926a1795aba1c64bf2a837dde5","2026-04-30T23:00:00.000","2026-04-30T23:00:00.000","10","0","17031320100","17031320100","32","32","74","14.9","0","0","89.4","Credit Card","Taxicab Insurance Agency Llc","41.884987192","-87.620992913","POINT (-87.6209929134 41.8849871918)","41.884987192","-87.620992913","POINT (-87.6209929134 41.8849871918)"
"438fbb3c41827e156a57fa7c69338cc8da356d42","ee2350d6534936ef855c7f72bfac42ee77b857396eff20908e21e983988e81e02a4717aaaf5cf0617fedc959abf31dc6e522e7b828b9bd5cb86d520b5301edeb","2026-04-30T23:00:00.000","2026-04-30T23:45:00.000","2580","19.2","17031980000","17031320100","76","32","48.25","5","0","4","57.25","Credit Card","Transit Administrative Center Inc","41.97907082","-87.903039661","POINT (-87.9030396611 41.9790708201)","41.884987192","-87.620992913","POINT (-87.6209929134 41.8849871918)"
"1e32705a9cecd8afd70442778cca094ade3701a9","b889c2489ef79cdbcc7d26375dc93bdb4eb77de9f7e393990343d80168ff7bd7013ccd0b3dcd6456924ba204c257a8e145403a1f0ccc3ee9ed67e253863ac35c","2026-04-30T23:00:00.000","2026-04-30T23:15:00.000","1083","2.45",,,"8","28","13.9","0","0","0","14.4","Mobile","Flash Cab","41.899602111","-87.633308037","POINT (-87.6333080367 41.899602111)","41.874005383","-87.66351755","POINT (-87.6635175498 41.874005383)"
"eec10488e445a68e260793a0b17890fc210d481a","26098afc7c6fc2d9e067c502b4a101289d018978ba915788b3f946d5db3e78d9b683ef49a1a02440950345c0361a4e6175536969cd31aa99193a9467be23f593","2026-04-30T23:00:00.000","2026-04-30T23:15:00.000","600","0.9","17031280100","17031839100","28","32","7.25","0","0","0","7.25","Cash","Transit Administrative Center Inc","41.885300022","-87.642808466","POINT (-87.6428084655 41.8853000224)","41.880994471","-87.632746489","POINT (-87.6327464887 41.8809944707)"
"0b35218e2059cdf515822cfda056ef07d73a3417","624a6a680c34b514659e430a8c859b763e61c2cd9f0e2f076fe0b2bc6157670cf884a9fb4dca2bd996ba2ae7315f9527cb1fd3fda8e0ab7641f247bb3dfb560e","2026-04-30T23:00:00.000","2026-04-30T23:30:00.000","1571","12.2","17031980000",,"76",,"32.25","0","0","37","69.25","Cash","Chicago Independents","41.97907082","-87.903039661","POINT (-87.9030396611 41.9790708201)",,,
"ee4ebac81e93fb62ff029cd38f709153b7effe85","6ef77e0e0e6d4b22a9c6f730b294a0b604c92cd43d557b078731d5b56091941d0a617465ef3c36772e2ac5dc07ba97bef4f7409727fefada4e41b5ff4f0dfef5","2026-04-30T23:00:00.000","2026-04-30T23:30:00.000","1860","0","17031980100","17031081201","56","8","45","9.05","0","0","54.05","Credit Card","Transit Administrative Center Inc","41.785998518","-87.750934289","POINT (-87.7509342894 41.785998518)","41.899155613","-87.626210532","POINT (-87.6262105324 41.8991556134)"
"2934fe423e65e7b7b628d405a3d79a587d98dec6","1df52fc60f8edec541c9a014b8ecf83c86f471b328635c58b32a45d57acec8cbc2dff77dcc94dc117f2d62e8c38932dc54c7f5d9af4e9512a2797662b586261b","2026-04-30T23:00:00.000","2026-04-30T23:00:00.000","552","3.23","17031320100","17031330100","32","33","11","3","0","0","14.5","Credit Card","Globe Taxi","41.884987192","-87.620992913","POINT (-87.6209929134 41.8849871918)","41.859349715","-87.617358006","POINT (-87.6173580061 41.859349715)"
"b6db3ee52009c0e4e0c41708410a4d8e60f7861e","b36241d07345ec7e4800cc89d4864f6f944018ce13b7af45cc6414c315f343bf1b157f987f755e66ccd163c4ed883d69530531e0027f5fe9f4811f2b9b82cfec","2026-04-30T23:00:00.000","2026-04-30T23:30:00.000","1808","16.71",,,"76",,"41.5","5","0","30","77","Credit Card","Taxicab Insurance Agency Llc","41.980264315","-87.913624596","POINT (-87.913624596 41.9802643146)",,,
"31b3091498b9bbcb5958058544c9613f1bcf881b","119db775284b2ff29c31eba3cd0166a049b0a48e4f3a6ccbfbf4ce07aa861fcf363a52f35885851d6948616b46b4f77eaba65ab72567e7ebe624d243b0c8d82e","2026-04-30T23:00:00.000","2026-04-30T23:15:00.000","1128","10.11","17031980100","17031833100","56","28","27.25","6.35","0","4","38.1","Credit Card","Medallion Leasin","41.785998518","-87.750934289","POINT (-87.7509342894 41.785998518)","41.879066994","-87.657005027","POINT (-87.657005027 41.8790669938)"
"8a1bb76eb07c62ca7679818a6688a95caff3772d","83a03e93bf25ce653700ec8360c79b5f393ab5c9167f31f9151dd36c7f91538049c1e558bcda79475f8858037ab10446b5ad23997ffea791fe87fc56304eff34","2026-04-30T23:00:00.000","2026-04-30T23:15:00.000","1200","6.2",,,"76",,"18.75","5.8","0","4","28.55","Credit Card","Transit Administrative Center Inc","41.980264315","-87.913624596","POINT (-87.913624596 41.9802643146)",,,
"ed92e1fe531afc50cd8d86674afaa664b805c358","4d383b5d473f9402a59c74dd17d0d1c4d7b2f2c640bd0648c03c999f45777fe740fc5aa1dd7549cef55a660f3b5865e46fba8265851d12c6864235b037b33806","2026-04-30T23:00:00.000","2026-04-30T23:45:00.000","2040","15.1",,,"76","7","38.25","8.55","0","4","50.8","Credit Card","Transit Administrative Center Inc","41.980264315","-87.913624596","POINT (-87.913624596 41.9802643146)","41.922686284","-87.649488729","POINT (-87.6494887289 41.9226862843)"
"6bcb4c8f01f771cb0e840f7b8c72d6d9d5600a80","a5f044a163af0da6eaeff3ff2d44cead115185433a283a1d18756c23004bb5d543b779de5a0c4df2dbfb81a087bdb8ce8e724df29a7f0419fc640328c1030794","2026-04-30T23:00:00.000","2026-04-30T23:15:00.000","1140","8.4",,,"76",,"23.25","5","0","7","35.25","Credit Card","Transit Administrative Center Inc","41.980264315","-87.913624596","POINT (-87.913624596 41.9802643146)",,,
"f5e3247fa26e184765e6c59c68888f5f04978791","821fbe209557c784dcfc8435cd37ca5777c46f71219dac57af753806c6e6ff3ce3f4b9aff73b0b73672a33f75f115a8b913ac86d99e4a6f26b3cfc4a6ddfb065","2026-04-30T23:00:00.000","2026-04-30T23:30:00.000","2502","17.96",,,"56","6","47.25","13.19","0","5","65.94","Credit Card","City Service","41.79259236","-87.769615453","POINT (-87.7696154528 41.7925923603)","41.944226601","-87.655998182","POINT (-87.6559981815 41.9442266014)"
"6cc45b3967245e5f0cffac96c2fe1324724615a0","2780ead18beaa862cc67315ddabd9d1acaadcd6da82eba38b064d7d6f4acc260b68ef1ae3ce06dad845178107940b3493fa99640f0f70c25d15cf57336ab7b8f","2026-04-30T23:00:00.000","2026-04-30T23:15:00.000","782","2.18",,,"8","32","9.75","2","0","0","12.25","Credit Card","Flash Cab","41.899602111","-87.633308037","POINT (-87.6333080367 41.899602111)","41.878865584","-87.625192142","POINT (-87.6251921424 41.8788655841)"
"73ce5f25c8f59f6e92f8199090401c7f4fca600d","34766262f2e312774b1ad4651b99dc23b780dbd00b658fd9425073c510a15d39b21d2c5835fdf71c447ecadcdf2211013d245331c588b302a74eb3128c5b0f83","2026-04-30T23:00:00.000","2026-04-30T23:15:00.000","1387","12.89","17031980100","17031241400","56","24","33.5","10","0","4","48","Credit Card","Taxicab Insurance Agency Llc","41.785998518","-87.750934289","POINT (-87.7509342894 41.785998518)","41.906025969","-87.675311622","POINT (-87.6753116216 41.906025969)"
"931757788e79b653e3cedc0e9e309077b7a65a55","223702c6155649517dcb9f4860ae0fa2669903bbe7d54fae5475cd9677fc8230ad3f1bf9721b88063fb7a3e7b153de9a2e27521d15392ae203f9b17169833607","2026-04-30T23:00:00.000","2026-04-30T23:00:00.000","120","0.3","17031081403","17031081401","8","8","4","2","0","1","7","Credit Card","Transit Administrative Center Inc","41.890922026","-87.618868355","POINT (-87.6188683546 41.8909220259)","41.89503345","-87.619710672","POINT (-87.6197106717 41.8950334495)"
"0076e7a413db9ba596e960841c263b812d3b3df9","14275cab8bb64007379de40be92944817231f63047033992a1964ce85a4a5405085b87a804736c24ecd8a334baa315255c066e271d7f73dfb756a19a24a44d25","2026-04-30T23:00:00.000","2026-04-30T23:30:00.000","1351","14.57",,,"76",,"36.5","9.15","2","22","70.15","Credit Card","5 Star Taxi","41.980264315","-87.913624596","POINT (-87.913624596 41.9802643146)",,,
"2455ab7511c1452845e6a9605ccca8e03a113081","bab73d82a115cb08f1bcd17caebbb2581e3a6f29d92adc859f44304acc357c859fb025673c5b9d6379ab41c191ca7b09fa7275a1ee66bf2e3f55215c1d838430","2026-04-30T23:00:00.000","2026-04-30T23:30:00.000","1920","15.4",,,"76","24","39","10.85","0","4","53.85","Credit Card","Transit Administrative Center Inc","41.980264315","-87.913624596","POINT (-87.913624596 41.9802643146)","41.901206994","-87.676355989","POINT (-87.6763559892 41.9012069941)"
"179f67b669dae01c87a38002bea1fa6cd03c76da","a79d72d3d49bed13558577cc0608caf7e8da5b9cee67b608b53567d1be89e0ad257654a59e271e1a0239e5ef4a926668d7edb9e1a798a7b1e6726b64113518c6","2026-04-30T23:00:00.000","2026-04-30T23:15:00.000","1494","17.38",,,"53","8","42.75","0","0","0","42.75","Prcard","Flash Cab","41.673819904","-87.635739777","POINT (-87.6357397768 41.6738199043)","41.899602111","-87.633308037","POINT (-87.6333080367 41.899602111)"
"9205fd2251f6f3b22d9654e553179c93616fc621","3ae83cc261cea27eafc3d9b18bbc93100c03762e8b6971ee60ec7c34e975fde969dfaad88186def33c7205ef5aa98f5fc01f8419f70f7f30ab5b8af02663a2e3","2026-04-30T23:00:00.000","2026-04-30T23:00:00.000","0","0",,,,,"0","0","0","0","0","Cash","Transit Administrative Center Inc",,,,,,
"00b84056f4100f8a3b276371087659d7e72a1e93","4136627ef25b9fad79910c55679c02d8e1f2a42925d29c89625b9a1b45192d184a2a2d368927e2eeccd104c0c21efb24cbe8a9d1c27bc3513911181e1c9ac216","2026-04-30T23:00:00.000","2026-04-30T23:00:00.000","600","2",,,"7","8","10.82","0","0","0","10.82","Credit Card","Transit Administrative Center Inc","41.922686284","-87.649488729","POINT (-87.6494887289 41.9226862843)","41.899602111","-87.633308037","POINT (-87.6333080367 41.899602111)"
"f98da4ee0cc6fc230b312026f16d120e0abb8f03","b9a58663518c48b09e83f462ca25ee0d702a2e4bc1219953870a648afd6aa986be592200ee3b694e9f9f2795a9d2d376e95fb9c6d2ef441a27e27a80e085b74a","2026-04-30T23:00:00.000","2026-04-30T23:45:00.000","1916","16.52",,,"76",,"64","13.7","4","0","82.2","Credit Card","City Service","41.980264315","-87.913624596","POINT (-87.913624596 41.9802643146)",,,
"0c5b5b332e97714d02ad8fdd6c385fe4dc7d99f1","a8107c5481ea5eed4d6fa93cd1648f3f69c6822a6fff49ffd923bb75143c36a7f99d7a4af12ec68d9a85591a64671de48d14ba70d22501698b01747effc01cb1","2026-04-30T23:00:00.000","2026-04-30T23:00:00.000","12","0.02",,,"8","8","10","0","0","0","10.5","Credit Card","Chicago Independents","41.899602111","-87.633308037","POINT (-87.6333080367 41.899602111)","41.899602111","-87.633308037","POINT (-87.6333080367 41.899602111)"
"98d2d2e58e33667011d4f54cb8572d11252a04fe","6e40306a3a76d2e41f2530cc314ecfbd2520aae13202d7fcef97373649d1f5631936ac2b91bdfc48617f8837dc331171eaf7915604b75c8aa40ee707b68ad0da","2026-04-30T23:00:00.000","2026-04-30T23:15:00.000","780","3.2",,,,"43","11.5","0","0","0","11.5","Unknown","Transit Administrative Center Inc",,,,"41.761577908","-87.572781987","POINT (-87.5727819867 41.7615779081)"
"f790cd7c5814b15a4844476de7060835d8bd5be2","d21f47b3005e2a6d38a9ee8fdf739c56ee1c61a4ed00e7fbb2a0aa29134bbf73c9c5768848b446d6f6b01d75875ce85c03558ed3b9fcb4189ed0dada74837204","2026-04-30T23:00:00.000","2026-04-30T23:30:00.000","1929","11.78",,,"6","39","33","0","0","0","33","Prcard","Flash Cab","41.944226601","-87.655998182","POINT (-87.6559981815 41.9442266014)","41.808916283","-87.596183344","POINT (-87.5961833442 41.8089162826)"
"b2293c4eb9fc1aa42afd833fe8d3acb37b511a6a","281b319a9b5b605e48fd6471258d8c61fa30438ddcd5f262282d47ca7fbddaff30f30b538efff19f0eacf39c8a3e9cf2e682bd5e87452fc07af91d489fefad65","2026-04-30T23:00:00.000","2026-04-30T23:30:00.000","2002","17.05",,,"32",,"44.93","0","0","0","45.43","Mobile","Flash Cab","41.878865584","-87.625192142","POINT (-87.6251921424 41.8788655841)",,,
"80f1e6fda98950d8857e975f9aa3327b5d569476","878fad758bcb6e1a1444c81a48594c00962e442e20bb715f8724f74b42482ec5a745806a3e9e7dadd43494f6b469d0f1f2b6ba0e002a7a97b3f1e259c8411797","2026-04-30T23:00:00.000","2026-04-30T23:15:00.000","389","1.27",,,"8","8","8.5","1","0","0","10","Mobile","Blue Ribbon Taxi Association","41.899602111","-87.633308037","POINT (-87.6333080367 41.899602111)","41.899602111","-87.633308037","POINT (-87.6333080367 41.899602111)"
"979e0c8ad675573f19de262b4c84a2ff04449bdb","f509c57d2f0b196f54d9b751ce2a1b6e956f378841b1e88b178bed2240a6aa347b50ef81087dff1f91efb1a52f5580848cd8467316b6eb4d02f2642814b8996e","2026-04-30T23:00:00.000","2026-04-30T23:15:00.000","739","7.53",,,"32","16","22.38","5.53","0","0","28.41","Mobile","City Service","41.878865584","-87.625192142","POINT (-87.6251921424 41.8788655841)","41.953582125","-87.72345239","POINT (-87.7234523905 41.9535821253)"
"1b61c26d8f8319ffacbd8eb81d81d42ff6491258","fca0a8e9246c5f754725d46da0661e884e50559c957ab73fe0e9157b6f52b01b6d400d5af6222646f1681d6f7c30273c573ef9df0b590113016f81b2c5d428c2","2026-04-30T23:00:00.000","2026-04-30T23:15:00.000","1667","12.44","17031980100","17031320100","56","32","33","9.38","0","4","46.88","Credit Card","Taxicab Insurance Agency Llc","41.785998518","-87.750934289","POINT (-87.7509342894 41.785998518)","41.884987192","-87.620992913","POINT (-87.6209929134 41.8849871918)"
"462a17bc0129b1ae16cd03ef112fd82e8c86c65a","fbfc2ff558d0fc2dd96362ef65d25e08f00b13bc427645692cc034fb62d0ccf5f19c7187554fdf79c714323023b793de64da10de48051c38528f05ca5fc29e27","2026-04-30T23:00:00.000","2026-04-30T23:00:00.000","1","0",,,,,"80","0","0","0","80","Cash","Tac - Yellow Cab Association",,,,,,
"5a67e2bea7bc871951a4f5a798bd95e6ab2dc193","58ba68a5ed675f1dd391281aa8853366f7759face1a388abf6b64c8a9e5f24d65de820eb60b293a3a8b6dbd48e8019439535d20faf2576989701a5936c4e77b8","2026-04-30T23:00:00.000","2026-04-30T23:15:00.000","720","1.6",,,"32","8","8.5","5","0","1","14.5","Credit Card","Transit Administrative Center Inc","41.878865584","-87.625192142","POINT (-87.6251921424 41.8788655841)","41.899602111","-87.633308037","POINT (-87.6333080367 41.899602111)"
"4061824b2c7872e5e0b2ebfa2f22fe0781d3a13c","a9264178aea9106814363f4ca92ca09da32ee79f8c67713eb5dc316e548c380d716965b7e6e39a1f74357b2fcae0e9222f0afc363cf29c366076461ab3b3e17b","2026-04-30T23:00:00.000","2026-04-30T23:15:00.000","533","2.4",,,"28","8","10.31","3.18","0","0","13.99","Mobile","City Service","41.874005383","-87.66351755","POINT (-87.6635175498 41.874005383)","41.899602111","-87.633308037","POINT (-87.6333080367 41.899602111)"
"735a4524e77f9872956cb15b97ecfa2d8b87e742","92000228f17be4f549e0b09b6a1e362f0cca516b95306d0da98f6c073c3cde625f4a708972d29021a8478e3076a86dc30b1f8f6479820d9f3671c18e88016ab7","2026-04-30T23:00:00.000","2026-04-30T23:00:00.000","466","1.15",,,"8","32","9.85","3.06","0","0","13.41","Mobile","Chicago Independents","41.899602111","-87.633308037","POINT (-87.6333080367 41.899602111)","41.878865584","-87.625192142","POINT (-87.6251921424 41.8788655841)"
"e77db1267ee00e3f0909d9453d8244aedae27b34","c60633c5d2053dd1c2076286b88196cf83f4fe0ecc194556cb7405d8056f3faa11d83458699f8a332e522c255b47a8daf820c31baed2a84873ddbf60941b1c0c","2026-04-30T23:00:00.000","2026-04-30T23:30:00.000","1179","11.54",,,"53","41","29.75","0","0","0","29.75","Prcard","Chicago Independents","41.673819904","-87.635739777","POINT (-87.6357397768 41.6738199043)","41.794090253","-87.592310855","POINT (-87.592310855 41.794090253)"
"b71b81e4199da21ae5042da212acfe9c488c0763","38d00610debf2306201a33902c298ea78df627880d3d19d0e190983205911a16a3ff9b26c952506731328985f618da9b074ef0d8d89970493748c8f8d2087f08","2026-04-30T23:00:00.000","2026-04-30T23:15:00.000","1308","4.44",,,"28","7","17.13","2.33","0","0","19.96","Mobile","Flash Cab","41.874005383","-87.66351755","POINT (-87.6635175498 41.874005383)","41.922686284","-87.649488729","POINT (-87.6494887289 41.9226862843)"
"1ce412d8e3a590c4b090eeabe8820546b951d071","78d1ae230754ef2eca7aa3e828789bc4714b8a261a35d5a68ec99361a2ac78cadf9daceaf0feaf8965e9932ad127499fd270df74e1308b412a4da1ea8c0fbbfa","2026-04-30T22:45:00.000","2026-04-30T22:45:00.000","4","0",,,"8","8","3.25","0","0","0","3.25","Cash","City Service","41.899602111","-87.633308037","POINT (-87.6333080367 41.899602111)","41.899602111","-87.633308037","POINT (-87.6333080367 41.899602111)"
"e4babd4f4d8ef69d1e993d3423d14f4c8afdf2df","b2a007b1410c7208af92ef3a97b87c0af4c3e7b49c2b765a39fccd2f06b2f836ed410f8507081389b033082d814a0ee5598e1fa925facbc5c0d20e13b7bc0e5a","2026-04-30T22:45:00.000","2026-04-30T23:00:00.000","855","10.98",,,"73","60","28.75","0","0","0","28.75","Prcard","5 Star Taxi","41.717493036","-87.648895072","POINT (-87.6488950721 41.7174930361)","41.836150155","-87.648787952","POINT (-87.6487879519 41.8361501547)"
"b03841530fa51b4afba471057d091593804f642a","9290a8430ba3e8061554627a9b1ebc78fd78a446a92b55f693e94316ea69930e29180297a7df363fffe70f0b36e64b319e858a24ceffcbcb690d428779d6fd94","2026-04-30T22:45:00.000","2026-04-30T23:00:00.000","780","1.7","17031320400","17031081000","32","8","9","0","0","0","9","Cash","Transit Administrative Center Inc","41.877406123","-87.621971652","POINT (-87.6219716519 41.8774061234)","41.900265687","-87.63210922","POINT (-87.6321092196 41.9002656868)"
"af4d7411888d797a92e8de62fb9ca9156b182d98","093e9e4c05ea53bf75c51763839d5f5bd5d1785c11ee5ec5e805c14bcb833c9fbfd81ab2b7874a85cba14046e54062335b2221738a0bb0bf1ddcfe83a7efa382","2026-04-30T22:45:00.000","2026-04-30T22:45:00.000","278","0.57",,,"8","8","5.25","3","0","1","9.75","Credit Card","City Service","41.899602111","-87.633308037","POINT (-87.6333080367 41.899602111)","41.899602111","-87.633308037","POINT (-87.6333080367 41.899602111)"
"3057ea454c51a8552da0b68511b6bd13e4dd7e3f","4ba3690e7f7bde263c96de93e97af2af2545f6d16f06b7ebb4ebdf2e0808e40a2eb225589935ec91db11ccc6f33538288b54e4d28443a08396d8ab9288f047d7","2026-04-30T22:45:00.000","2026-04-30T23:30:00.000","2301","18.29",,,"1","42","65.87","0","0","0","65.87","Cash","Flash Cab","42.009622881","-87.670166857","POINT (-87.6701668569 42.0096228806)","41.77887686","-87.594925439","POINT (-87.5949254391 41.7788768603)"
"af421654b00b1bb7462167d9fb1b11de22400015","78d1ae230754ef2eca7aa3e828789bc4714b8a261a35d5a68ec99361a2ac78cadf9daceaf0feaf8965e9932ad127499fd270df74e1308b412a4da1ea8c0fbbfa","2026-04-30T22:45:00.000","2026-04-30T22:45:00.000","7","0",,,"8","8","3.25","0","0","0","3.25","Cash","City Service","41.899602111","-87.633308037","POINT (-87.6333080367 41.899602111)","41.899602111","-87.633308037","POINT (-87.6333080367 41.899602111)"
"71252f064dafc5fc8d49f200df4a5acccc86ffba","9f33e7399628a6eedff9d041a0c1bcb14a61fbfa4cdfaa79685f736dd6b8e373ba818b66179498b7951019eda10fef74cffcc17ee4a21db3afa0f5c98a010782","2026-04-30T22:45:00.000","2026-04-30T23:15:00.000","1534","18.45",,,"76","32","46","10","0","4","60.5","Credit Card","5 Star Taxi","41.980264315","-87.913624596","POINT (-87.913624596 41.9802643146)","41.878865584","-87.625192142","POINT (-87.6251921424 41.8788655841)"
"10b2c6e27acd5300e0e7314b00e9b4811da9f50e","1a9f0188874ee240e95f2713388e0ee930b07996909b35a0b7731e45fbe7dec4c60b090d7ef8641e332ab12c9c379d4a81c6083c91442b42628a9e00ad25f71b","2026-04-30T22:45:00.000","2026-04-30T23:00:00.000","819","2.25",,,"32","8","14.66","0","0","0","15.16","Mobile","Taxicab Insurance Agency Llc","41.878865584","-87.625192142","POINT (-87.6251921424 41.8788655841)","41.899602111","-87.633308037","POINT (-87.6333080367 41.899602111)"
"28b7a7516a9fa4e50360d3faca1018c58a8ccaf4","00c0020de20ee2cd36c1d41058360c24dad77a526394139cb47082ca13f6d513fd27b1c894c4983b6ee581b71eba609976621a62795bb7a5869097a8bdbab4b5","2026-04-30T22:45:00.000","2026-04-30T23:00:00.000","1698","17.99","17031980000",,"76",,"44.25","21.22","0","26","91.97","Credit Card","City Service","41.97907082","-87.903039661","POINT (-87.9030396611 41.9790708201)",,,
"a8e20fb73f149a12760eea158004d75f220a9bf9","eef60e7bb68695582d37bf6722680d0861b302db224b029e65acb53ce06dac40de0a362bdc8f5e1123488812d91ea2ecfe96b90f2dc522e821bf427a2b8a439b","2026-04-30T22:45:00.000","2026-04-30T23:15:00.000","1966","18.13","17031980000","17031320100","76","32","44.75","9.85","0","4","59.1","Credit Card","Flash Cab","41.97907082","-87.903039661","POINT (-87.9030396611 41.9790708201)","41.884987192","-87.620992913","POINT (-87.6209929134 41.8849871918)"
"8a5c2c1627a8b1bacf83d4de3b5592732fbe39e7","01480513a7f6f4664d6cc4c41ff3043ae6ecbc8cb17404f45de6db711747adf72cf309207bcde58413778d568f67a548640421aedac9a6f961b6919b6e662e8f","2026-04-30T22:45:00.000","2026-04-30T22:45:00.000","502","1.77","17031839100","17031330100","32","33","8.95","0","0","0","9.45","Mobile","Blue Ribbon Taxi Association","41.880994471","-87.632746489","POINT (-87.6327464887 41.8809944707)","41.859349715","-87.617358006","POINT (-87.6173580061 41.859349715)"
"3b350af439fb30dd6832041de20876a22c998d9a","4f1e94982e6851725add382f7981d64006ae7c38f3664f6575ef12ab44c1c6af6e02524b142e95c1d10974f66b6a2eda0d332643b01607e2ca3ff2a7241f6dee","2026-04-30T22:45:00.000","2026-04-30T23:00:00.000","567","1.53","17031839100","17031081401","32","8","9.63","0","0","0","10.13","Mobile","Flash Cab","41.880994471","-87.632746489","POINT (-87.6327464887 41.8809944707)","41.89503345","-87.619710672","POINT (-87.6197106717 41.8950334495)"
"2c575c347c1408d8ddf70b8e8cd3045bcc8af44f","ed631d46e4dbab43d42b2f661b91adca7f69e719b27427f33f399db421fc96670fe0bf19843918b48296f35e43899dbf7a54b45ef7398b315bc98be221c0324d","2026-04-30T22:45:00.000","2026-04-30T22:45:00.000","124","0",,,"13","13","3.75","0","0","0","3.75","Cash","Flash Cab","41.983636307","-87.723583185","POINT (-87.7235831853 41.9836363072)","41.983636307","-87.723583185","POINT (-87.7235831853 41.9836363072)"
"ae5a9faef2b1cb7f5743bbb8fbdce7032e7ad1a4","249d932165de24c10140f979fa81b350183cff7ac630991ebc0e2b567883a3c60780ed9dd4f087f74022f6af1eb04d11f888b84b182f90a5e1996bc87da1fa70","2026-04-30T22:45:00.000","2026-04-30T22:45:00.000","545","1.42","17031833000","17031839100","28","32","7.54","0","0","0","8.04","Mobile","Globe Taxi","41.88528132","-87.6572332","POINT (-87.6572331997 41.8852813201)","41.880994471","-87.632746489","POINT (-87.6327464887 41.8809944707)"
"adb63edecb4f8c2ec56a93f128d7bedf9e90c3b2","e9fc2f81145c244007f76cdcb5aeb4df32d68cd4c23c164da765d98e48b176118b02a76380a44524d3f16cf675e5cd49ea530f340597f4430a942cbf6a7e3ab0","2026-04-30T22:45:00.000","2026-04-30T23:15:00.000","2040","7.9",,,"76",,"24","0","0","4","28","Cash","Transit Administrative Center Inc","41.980264315","-87.913624596","POINT (-87.913624596 41.9802643146)",,,
"4fdb8bd638c78d6d12a6b2af346001d00c2ccb42","8ef1056519939d511d24008e394f83e925d2539d668a002c97c441c1d24ab86e29b31a6d8544356006c1eee49dda811760c872d4ddcbaffd55a681b17864a014","2026-04-30T22:45:00.000","2026-04-30T22:45:00.000","709","2.39","17031839100","17031071500","32","7","11","2.36","0","0","13.86","Mobile","Flash Cab","41.880994471","-87.632746489","POINT (-87.6327464887 41.8809944707)","41.914616286","-87.631717366","POINT (-87.6317173661 41.9146162864)"
"dcb9e319199e2ec6f793c505bcc777dfed45af0d","444a10db2a60293aca7a7e53b6a65bfae2fb054d213226f6ddd3e4eba2e07337343a8d960f17bb06ce632559e34c5675702128574408646ca06a3b681cee00f3","2026-04-30T22:45:00.000","2026-04-30T23:15:00.000","1299","16.29","17031980000","17031081800","76","8","40","1","0","4","45.5","Credit Card","Flash Cab","41.97907082","-87.903039661","POINT (-87.9030396611 41.9790708201)","41.89321636","-87.63784421","POINT (-87.6378442095 41.8932163595)"
"62ec9fe5d623613fcab433ad4d5b76019c18ede0","41235584d1969c7a37382dbbac8e063edfc824f5bddddea9da0299ff2dfb790081ed159c74bc5bc18366e3219a4885d5c881b538d083d8a72f4a3b9d3cbe7127","2026-04-30T22:45:00.000","2026-04-30T22:45:00.000","421","1.34",,,"33","35","8.13","0","0","0","8.63","Mobile","5 Star Taxi","41.857183858","-87.620334624","POINT (-87.6203346241 41.8571838585)","41.835117986","-87.618677767","POINT (-87.6186777673 41.8351179863)"
"4901cfae94970fddf71a5d87de513e6f7bc1d420","48c0b5669ed50a0dcd8bf0e69fd99bb2669cb027ec06c0b76f9781a5497dcb8cb04b1d3106e61447749bfbb5b6547bc82fc3e94ce2ea87b154d3f53ad364be98","2026-04-30T22:45:00.000","2026-04-30T23:30:00.000","1879","17.28","17031980000","17031320100","76","32","65","10","0","0","75.5","Credit Card","Flash Cab","41.97907082","-87.903039661","POINT (-87.9030396611 41.9790708201)","41.884987192","-87.620992913","POINT (-87.6209929134 41.8849871918)"
"ae774f93c0b9063e907cf7d99270af91cea9b2ad","99a996d079da15de20cb43da904ab1dfa54610da249cf2d04551ee0da726da7440a0733350f922be3b5ac6b14c2e3200aa5d2568c4862047e7d0a0a35ec97e69","2026-04-30T22:45:00.000","2026-04-30T23:00:00.000","549","4.89",,,"28","5","14.9","4.11","0","0","19.51","Mobile","Flash Cab","41.874005383","-87.66351755","POINT (-87.6635175498 41.874005383)","41.947791586","-87.683834942","POINT (-87.6838349425 41.9477915865)"
"7f509fd911f05ce1c9beff578b905b9cf7fed632","f6db72e04ae8ef4d6fd82c21bacd9599a3487e7ba5b829bda6ea839de54142e2ec85d280a49af6305aa413dce1e87b5cc097acf6650b85f16efee35a7b054a7d","2026-04-30T22:45:00.000","2026-04-30T23:15:00.000","2337","21.41",,,"76","22","53.25","0","0","5","58.25","Cash","5 Star Taxi","41.980264315","-87.913624596","POINT (-87.913624596 41.9802643146)","41.92276062","-87.699155343","POINT (-87.6991553432 41.9227606205)"
"0b1fde1f14f99f61b7bce656fdf340e30f8114f9","04b96cbbdcfe5b7cbb6884bc1b922819466f652662ead83eac149f6c108ce8ffd4bd7298abbe9ea2c33712f922a16f680c3543e2dbdbd929a8f1a8f44265d1ba","2026-04-30T22:45:00.000","2026-04-30T22:45:00.000","24","0.01","17031081700","17031081700","8","8","3.25","0","0","0","3.25","Cash","5 Star Taxi","41.892042136","-87.63186395","POINT (-87.6318639497 41.8920421365)","41.892042136","-87.63186395","POINT (-87.6318639497 41.8920421365)"
"8adb70a9261de61ff11acd7e09f4abf08a625676","f454eed0504cea35dec37d008e940841cd60610ddacc5e04648c2fcb762cfeae48123639c2b237a18afe37d6521c07d6fe7c6c62d0dacd2cec82955520ce0e3e","2026-04-30T22:45:00.000","2026-04-30T22:45:00.000","4","0",,,"6","6","50","8","0","0","58.5","Credit Card","5 Star Taxi","41.944226601","-87.655998182","POINT (-87.6559981815 41.9442266014)","41.944226601","-87.655998182","POINT (-87.6559981815 41.9442266014)"
"7d44f4111670a12e840834e50fcfbb17e097092a","8a579afa6df0914d872dac898a493e2d6c36acbe25b73fc9d65fe5a258d284daf3931399e83299e5de66065142ffd78278f8b4d022a8401afb11837d26099289","2026-04-30T22:45:00.000","2026-04-30T22:45:00.000","86","0.42",,,"24","28","4.9","0","0","0","5.4","Mobile","Taxicab Insurance Agency Llc","41.901206994","-87.676355989","POINT (-87.6763559892 41.9012069941)","41.874005383","-87.66351755","POINT (-87.6635175498 41.874005383)"
"a9e0557c035f9cb16a6efa36a30996897fda6cd5","5ba3a19b228cd79e8064974b6f0169a7df8b11795f5336dfc0cdc122326339527e1702c248b4ff53ced19171119e699d1b0299d3e546ba5af09564ada1fc2769","2026-04-30T22:45:00.000","2026-04-30T23:15:00.000","1980","12.9",,,"76","23","33.5","11.65","0","5","50.15","Credit Card","Transit Administrative Center Inc","41.980264315","-87.913624596","POINT (-87.913624596 41.9802643146)","41.900069603","-87.720918238","POINT (-87.7209182385 41.9000696026)"
"a9918597af2f549b3f6b5fea50e5e2f0ad8aa223","11f73b08790612efe341cf8cf69cadbcb77322937941860d0f0df787aa6cb819aae857d7f1805be77e4439c66455b8f099ca121e59b77b5ffeb02951f0248807","2026-04-30T22:45:00.000","2026-04-30T23:30:00.000","3120","22.2",,,"76",,"55.75","0","0","5","60.75","Cash","Choice Taxi Association Inc","41.980264315","-87.913624596","POINT (-87.913624596 41.9802643146)",,,
"8a7ea277aa561e4a8bbfbc14a59a0e9b0d8f9faf","a0cdba8d4e07e8a004a922fcafc76fb8f0105e33b923470f5d4fcb5da605c8a1c260654d038e830f2f94af40f49b296e88e4754a2cf30611d17d423db46bc433","2026-04-30T22:45:00.000","2026-04-30T23:00:00.000","1744","14.28",,,"56","7","37.25","5","0","4","46.75","Mobile","Chicago Independents","41.79259236","-87.769615453","POINT (-87.7696154528 41.7925923603)","41.922686284","-87.649488729","POINT (-87.6494887289 41.9226862843)"
"a93522d86291a9d461fa6f2d35e7f307276ff4ab","dff961ecd817888f464f58b7438c55182ed09d92003ec46cf92bff17bd6a7411fbb2e62a529caba1762ae76d027cd34640c152047ddbe45cc693cf4a20f7201c","2026-04-30T22:45:00.000","2026-04-30T23:00:00.000","664","2.89",,,"6","7","10.25","3","0","0","13.75","Credit Card","Medallion Leasin","41.944226601","-87.655998182","POINT (-87.6559981815 41.9442266014)","41.922686284","-87.649488729","POINT (-87.6494887289 41.9226862843)"
"dc0b053cc7b8b3d97600e9b9603a115d10a75dd0","00f4b381570486f8575cbaa57ed41f116ed2e1f9d85f73bb2f6dba13a72541761d2ad4cb1727990d97795a2b0bdd99f0e4a8826245c81dac443cebb1c19b26fb","2026-04-30T22:45:00.000","2026-04-30T23:30:00.000","2100","14.2",,,"76","7","37","8.3","0","4","49.3","Credit Card","Transit Administrative Center Inc","41.980264315","-87.913624596","POINT (-87.913624596 41.9802643146)","41.922686284","-87.649488729","POINT (-87.6494887289 41.9226862843)"
"56ef4705d3553971de0b380b53508bd5305f5121","c7475fec1fa338d525948b60cc20c8a47905a257c68ef82a4c83aee2604374cf0ced7e33c2322b16c5164c2acf252d76e67812a3d9a0e320c258668b1e8598f8","2026-04-30T22:45:00.000","2026-04-30T23:15:00.000","1419","12.48","17031980100","17031081403","56","8","32.75","7.45","0","4","44.7","Credit Card","Wolley Taxi","41.785998518","-87.750934289","POINT (-87.7509342894 41.785998518)","41.890922026","-87.618868355","POINT (-87.6188683546 41.8909220259)"
"6db38f324981e98d12587a0b8ac031ca054fe067","727d25ef3e713739c21fdf1d666cd90359b51ddc7f410cff09b0f252b6a1add860c11efb964970e934323dce992e0a515b00889bd2e620ee3456d7ebfa33b325","2026-04-30T22:45:00.000","2026-04-30T22:45:00.000","2","0",,,"22","22","61","16.38","0","4","81.88","Credit Card","Flash Cab","41.92276062","-87.699155343","POINT (-87.6991553432 41.9227606205)","41.92276062","-87.699155343","POINT (-87.6991553432 41.9227606205)"
"8aa1fca052fd7e1e21cb1d895450ab13785eeda9","c60633c5d2053dd1c2076286b88196cf83f4fe0ecc194556cb7405d8056f3faa11d83458699f8a332e522c255b47a8daf820c31baed2a84873ddbf60941b1c0c","2026-04-30T22:45:00.000","2026-04-30T22:45:00.000","819","13.19",,,"73",,"32.75","0","0","0","32.75","Prcard","Chicago Independents","41.717493036","-87.648895072","POINT (-87.6488950721 41.7174930361)",,,
"7ce8ca8730b830f49e9fb2e2405db4122887013a","35057a271731c5b976bda25efe85aa0c1901d0a5fc9ba2b7068508375a4c43033b282303a439c95d4ef479c592268f31ac7eb0b3db8f3998aaa79e82458a1d71","2026-04-30T22:45:00.000","2026-04-30T23:00:00.000","935","12.07",,,"76","21","30.5","0","0","4","34.5","Cash","Chicago Independents","41.980264315","-87.913624596","POINT (-87.913624596 41.9802643146)","41.938666196","-87.711210593","POINT (-87.7112105933 41.9386661962)"
"d7445446a8687d3034006938f3b074e55a6e64d5","30a2ec0ae79a56492f2b7301c8084c0e7bc56b2c84b1c6af4b9dca24267a0a839b79fc7a336e2461d7596fadcbf51310b65dd65363160677a693008625af0708","2026-04-30T22:45:00.000","2026-04-30T23:30:00.000","2940","17.5","17031980000","17031081401","76","8","45","9.9","0","4","58.9","Credit Card","Transit Administrative Center Inc","41.97907082","-87.903039661","POINT (-87.9030396611 41.9790708201)","41.89503345","-87.619710672","POINT (-87.6197106717 41.8950334495)"
"4fc4d84cd0d412ed433678aa5e64e1b7bbf1a0c8","65d584dc8663bc6f5c9196d6af7b155e6af31a56c81c5a12b5fc146c6e342d94b6675e0570cd570b0c82121e68d134cdf06152c5aab65ff0cce319ddd369eb47","2026-04-30T22:45:00.000","2026-04-30T23:00:00.000","960","6.4",,,"7","16","19","0","0","0","19","Credit Card","Transit Administrative Center Inc","41.922686284","-87.649488729","POINT (-87.6494887289 41.9226862843)","41.953582125","-87.72345239","POINT (-87.7234523905 41.9535821253)"
"89acfaca30463d628440d2261bef70c724220bdd","417500d2bdac7a8c104b98016c9518146be264963d79561964b21b504f9b5576d8d8ee51be1ad4425a2908d42ee3031e76df4f36c2e4306d000beecaa6d325f2","2026-04-30T22:45:00.000","2026-04-30T23:00:00.000","523","2.02",,,"31","28","10.01","2.61","0","0","13.12","Mobile","Taxicab Insurance Agency Llc","41.850266366","-87.667569312","POINT (-87.667569312 41.8502663663)","41.874005383","-87.66351755","POINT (-87.6635175498 41.874005383)"
"1128bb476dbca0502f1c34c6cffef669edf620b9","33d0b751a7c55e6c8ce21d8226710db0da56a644ed6d070ed90c85001f198e95499126f1e400270429d8aec4fe3716a1083491533d23b226bf88c90f0095c17e","2026-04-30T22:45:00.000","2026-04-30T22:45:00.000","570","1.47","17031833000","17031320100","28","32","9.39","0","0","0","9.89","Mobile","Flash Cab","41.88528132","-87.6572332","POINT (-87.6572331997 41.8852813201)","41.884987192","-87.620992913","POINT (-87.6209929134 41.8849871918)"
"4f410438a6a9a5ed01112dda78269d8cd4cde22d","955eb42f62b0db8f7f4d65f7c3ebfe08fcaa734ac7a0d5d25963361dfe766114197962d0b826ac398958e0298bcc6b70517e4abf930ac0518c9018e2c0a63118","2026-04-30T22:45:00.000","2026-04-30T23:00:00.000","749","5.18",,,"76",,"36","8.1","0","4","48.6","Credit Card","Blue Ribbon Taxi Association","41.980264315","-87.913624596","POINT (-87.913624596 41.9802643146)",,,
"6d19b76c2d3ab4bcf75d9128b761062d5724c1a8","3f2a24e813695ce63232d6cccfc688ad3875df09b609fa761fade5314d178e3107a4e8cde05936a4d0bf8f03186e3b6f88e620da8b50a225c1d2169cdc40d10a","2026-04-30T22:45:00.000","2026-04-30T23:00:00.000","900","3",,,"32","7","11.5","2.3","0","0","13.8","Credit Card","Chicago City Taxi Association","41.878865584","-87.625192142","POINT (-87.6251921424 41.8788655841)","41.922686284","-87.649488729","POINT (-87.6494887289 41.9226862843)"
"1804b9f0681da8c2533b0a63e0c52372efdc4952","2d4235dd5d044ce0a67f57c2879eb279055ac8da29b733e1a2912fa9966d9adecff41373d01bf48270219442ae14824911085063fd6000bf4377a82c754cc252","2026-04-30T22:45:00.000","2026-04-30T23:30:00.000","2760","17.4","17031980000","17031081600","76","8","43.75","12.3","0","5","61.05","Credit Card","Transit Administrative Center Inc","41.97907082","-87.903039661","POINT (-87.9030396611 41.9790708201)","41.892072635","-87.628874157","POINT (-87.6288741572 41.8920726347)"
"dcfd0fff6cd5b2b60ae7c80023b84e4ecddd8157","85c39e068db414d181c6252a89fd822afc2e169a9a9e853a14000c4e8d301ab4158f92ddb7d420aad7b979d438b7b61b5bd888bc8803a0050af936b7f6c3e370","2026-04-30T22:45:00.000","2026-04-30T23:00:00.000","734","2.88",,,"32","31","12.98","0","0","0","13.48","Mobile","Blue Ribbon Taxi Association","41.878865584","-87.625192142","POINT (-87.6251921424 41.8788655841)","41.850266366","-87.667569312","POINT (-87.667569312 41.8502663663)"
"3a55425e361e06e2560a5ffd45702b52cf38631f","0671aa9764799e2893118b9adeedb4f1c542bc9cbe32cdd990f87f9f2954820cac7a5d933f1e322d949eae50a5e2ab44f04174b4fa659f64f516e152ad41a3db","2026-04-30T22:45:00.000","2026-04-30T23:30:00.000","2220","14.8",,,"76","7","38.25","8.55","0","4","50.8","Credit Card","Transit Administrative Center Inc","41.980264315","-87.913624596","POINT (-87.913624596 41.9802643146)","41.922686284","-87.649488729","POINT (-87.6494887289 41.9226862843)"
"d529c4bf25b4d488223f78107f42bf39200816c2","68493b3174493e98d99b8493bc0902735bc099df7761d06718f1d63353a8ffbabad8499e26d59e3f7612050b815787d4699742b5b7f879a0cb92b797456e3642","2026-04-30T22:45:00.000","2026-04-30T23:00:00.000","468","1.5",,,"8","8","7.25","3","0","0","10.75","Credit Card","Taxicab Insurance Agency Llc","41.899602111","-87.633308037","POINT (-87.6333080367 41.899602111)","41.899602111","-87.633308037","POINT (-87.6333080367 41.899602111)"
"022dfb68587c6a699c8323aaeb18c6405a020102","abb21322570c56a5cd8b988b73c4d99777563689155b7b281883d4dbe3b45d5ff76b6f944bd3a8fe00b2481e8130a5b17b7f40b695913bbe1d7aadf683625d7d","2026-04-30T22:45:00.000","2026-04-30T23:15:00.000","1663","11.38",,,"28","1","30.5","8","0","1","40","Credit Card","Blue Ribbon Taxi Association","41.874005383","-87.66351755","POINT (-87.6635175498 41.874005383)","42.009622881","-87.670166857","POINT (-87.6701668569 42.0096228806)"
"56b71064b9b4af994a8af13a813f9590da1eb5f0","e88e44c3a70002c1612d2e06cadeb38dcf23a697a15adda054c06a5bab688be0e25b14e435d61f897c0c9abdcc6b13a6af7c190f14245a73b7e690a3342b22bb","2026-04-30T22:45:00.000","2026-04-30T22:45:00.000","6","0","17031081700","17031081700","8","8","10","2","0","0","12.5","Credit Card","Blue Ribbon Taxi Association","41.892042136","-87.63186395","POINT (-87.6318639497 41.8920421365)","41.892042136","-87.63186395","POINT (-87.6318639497 41.8920421365)"
"40f6591ed6b5d0e65abb18d1876e4ebabd5432a6","f6ea1f58e87fd583890861ab62c8f06f47dd09f494e80176213469293049fbff7f78ed805edba4b977aec3ecd2c6ff4130ad4ad05caf0093103932a4bd4328b6","2026-04-30T22:45:00.000","2026-04-30T23:30:00.000","2280","14.7",,,"76","7","38","5","0","4","47","Credit Card","Transit Administrative Center Inc","41.980264315","-87.913624596","POINT (-87.913624596 41.9802643146)","41.922686284","-87.649488729","POINT (-87.6494887289 41.9226862843)"
"d4f8d2246ad39d92b474b31fde589140fdeb946d","febf6bd82296f740d9ca26702c2c46792fb106edecf225ebce543d5856051e6ee8e730aa126d4d947856cce4d3dde767d4eb8ae5741b7d577203d21475f7f298","2026-04-30T22:45:00.000","2026-04-30T22:45:00.000","210","0.79",,,"16","16","5.25","0","0","0","5.25","Cash","5 Star Taxi","41.953582125","-87.72345239","POINT (-87.7234523905 41.9535821253)","41.953582125","-87.72345239","POINT (-87.7234523905 41.9535821253)"
"dda4911ffbd956902d88f70dd11468f7aed1b285","8f3c2c6d6d5deef595725a3c706d81fcece05a6ec9fe87906b5e1f507d1b22700b5b3d02028d985a7e712e0a363fa9b0ff7e486040b7b918413df5b6a7b622e8","2026-04-30T22:45:00.000","2026-04-30T23:15:00.000","1659","16.19",,,"56","44","41","6.82","0","4","52.32","Credit Card","Medallion Leasin","41.79259236","-87.769615453","POINT (-87.7696154528 41.7925923603)","41.740205756","-87.615969523","POINT (-87.6159695226 41.7402057565)"
"883742bccda967ce5e2b80aed41bfd3d68317ebf","0a83f5a5d16f62d20fc8c6866fc8cb379efd0d52e69023615ea00de8e3fbeb9a388785c062bc907b5733a012f8a79c19b2459d654ed103a12132c43b2809438b","2026-04-30T22:45:00.000","2026-04-30T23:30:00.000","2280","16.9",,,,,"42","4.6","0","4","50.6","Credit Card","Chicago City Taxi Association",,,,,,
"25dfbdee936b48cfa966e55986a1575f12d7a10b","c3c7eca7dbd2a69ff3195e717334343ed19de792129c84eac1164ef891680fab305d6b67f0fa474846cefe0831b69ded292d8c6f77c1021822b647f48189da88","2026-04-30T22:45:00.000","2026-04-30T23:00:00.000","1029","11.93","17031980000",,"76",,"30","9.15","0","30.5","70.15","Credit Card","Globe Taxi","41.97907082","-87.903039661","POINT (-87.9030396611 41.9790708201)",,,
"39fd40b5b939d26995b1277438005eb0e165fd8a","c3a8b014ee600ece10f8ac77cf6892688b9a468a976f5c7772861b85b3824c5462ea7d571128bfb92cafea22c1d590223a90c469fe848ebcd5bec80d787a8f33","2026-04-30T22:45:00.000","2026-04-30T23:00:00.000","367","0.97","17031320100","17031839100","32","32","6.9","0","0","0","7.4","Mobile","City Service","41.884987192","-87.620992913","POINT (-87.6209929134 41.8849871918)","41.880994471","-87.632746489","POINT (-87.6327464887 41.8809944707)"
"6bd5b3324d408964629b77696f6dc2f35eb9f963","26098afc7c6fc2d9e067c502b4a101289d018978ba915788b3f946d5db3e78d9b683ef49a1a02440950345c0361a4e6175536969cd31aa99193a9467be23f593","2026-04-30T22:45:00.000","2026-04-30T23:00:00.000","660","0.9",,,"8","28","9.67","0","0","0","9.67","Credit Card","Transit Administrative Center Inc","41.899602111","-87.633308037","POINT (-87.6333080367 41.899602111)","41.874005383","-87.66351755","POINT (-87.6635175498 41.874005383)"
"d2b088bab6ae6ccc048c6e555bf36444461506fe","3faa8cd4b08a27471c13be24573d831fea1445947afb304492ca4fa4ece1dc6f77ba48720014dfb533809499f8bc7edf0c883d7ded17d945622cde0680c75acd","2026-04-30T22:45:00.000","2026-04-30T23:15:00.000","1510","17.37",,,"76","28","43","5","0","5","53.5","Credit Card","Chicago Independents","41.980264315","-87.913624596","POINT (-87.913624596 41.9802643146)","41.874005383","-87.66351755","POINT (-87.6635175498 41.874005383)"
"a517e746b3757bffcc2bb7f92bc5e5a6942f8cf7","fb1ed566274f6a66dfcddbe4c014bbe87ac3516412dfe6fd4c8cb8e1a6d673215953d8fc03cdb28fcfd3b60fc9379e6d27104879c16306fbf3a1fb45c1148d83","2026-04-30T22:45:00.000","2026-04-30T23:00:00.000","566","1.5","17031839100","17031081000","32","8","8.44","0","0","0","8.94","Mobile","Sun Taxi","41.880994471","-87.632746489","POINT (-87.6327464887 41.8809944707)","41.900265687","-87.63210922","POINT (-87.6321092196 41.9002656868)"
"5e6868cb1d72b8e850b90fd8b7615ba139e7e635","4f7fd7c1ea16af4b1aaab270f6b0d7ddb68e9edd79b1b51ddb6311c63d792d4df306c4dda5ca258afdfdaea64778a161c2a5e381684b2683cbebb7404d1eaf23","2026-04-30T22:45:00.000","2026-04-30T23:00:00.000","1413","8.17",,,"28","4","23.5","4.8","0","0","28.8","Credit Card","Chicago Independents","41.874005383","-87.66351755","POINT (-87.6635175498 41.874005383)","41.975170943","-87.687515515","POINT (-87.6875155152 41.9751709433)"
"4c0e592d4a5adbb7eae0047b4f7d257f6b84ec24","94392ee820e83f72bebb76726fcf270ae473528a67189cbbbd487ad44d63371c770790c38a39f6f79a109aa3c4715e017b9d10e992f4fe9bda1d860d464cc8e7","2026-04-30T22:45:00.000","2026-04-30T23:00:00.000","1311","13.88",,,"76","22","35.25","3","0","4","42.75","Credit Card","Medallion Leasin","41.980264315","-87.913624596","POINT (-87.913624596 41.9802643146)","41.92276062","-87.699155343","POINT (-87.6991553432 41.9227606205)"
"19a86c2a8f57259bdba8f71f6bf0ce6456980ce6","f892614bf893b49cba778a71b629054fe7bf5ebad54364c96dbbf2ba782c04a49e17347a31f4d5e8c0c06713d50a99d92d4fb62e6a57f243fe872495ae8ab415","2026-04-30T22:45:00.000","2026-04-30T23:15:00.000","1364","13.87",,,"56",,"35.5","5","0","22.5","63.5","Credit Card","Globe Taxi","41.79259236","-87.769615453","POINT (-87.7696154528 41.7925923603)",,,
"06e53ad5f698f6fe857d69009798220b0aeb8c32","f77b6190620fd456321d1b6ff0dfabc98b898213e800478da287caf32281c5c215470c9fa3ad05e47d1eec0478a826487d2595ea4f5df57e030f00b37a30367b","2026-04-30T22:45:00.000","2026-04-30T23:30:00.000","1980","14.1",,,"76","7","35.75","8.3","0","5.5","49.55","Credit Card","Transit Administrative Center Inc","41.980264315","-87.913624596","POINT (-87.913624596 41.9802643146)","41.922686284","-87.649488729","POINT (-87.6494887289 41.9226862843)"
"ce385313c27752c179b0da97550962d8c7f67e08","52e8915b8a7b8851b341adb6797c3652a198b772561e9e9888d9963de61b796f60653ebdd06f44aa2fad304efb0a53160d6210b2a26fcc64b21932db0d658e32","2026-04-30T22:45:00.000","2026-04-30T23:45:00.000","3942","6.69",,,"76","10","22.25","5.69","0","0","28.44","Credit Card","Flash Cab","41.980264315","-87.913624596","POINT (-87.913624596 41.9802643146)","41.985015101","-87.804532006","POINT (-87.8045320063 41.9850151008)"
"7de95edc532d000bee83bb8c2f46aa9e46809ff0","6246eb8a405bf567621bf47fbcbf5325b7e8132f1d88362c54a4f224b47b8a0449d690357dc2323b6e36eea2354ec55cafe32d2d6d657748c10be1df49f6aa04","2026-04-30T22:45:00.000","2026-04-30T23:00:00.000","1103","8.96",,,"76","11","24.25","0","0","5","29.25","Cash","Taxicab Insurance Agency Llc","41.980264315","-87.913624596","POINT (-87.913624596 41.9802643146)","41.978829526","-87.771166703","POINT (-87.771166703 41.9788295262)"
"3418f21bcc6a4741b96de8a5c1a8992012c8d68a","22b403ba1c4de25cb19049e9c08b6d1339a9eea3ec06f9bad7bca4f17a7ce1b237f980cc925abad84ec75963637c6c4c517ef5319e0db76ad7046e28f43ff9cf","2026-04-30T22:45:00.000","2026-04-30T23:00:00.000","1058","2.53","17031280100","17031081100","28","8","10.02","0","0","0","10.52","Mobile","Flash Cab","41.885300022","-87.642808466","POINT (-87.6428084655 41.8853000224)","41.900221297","-87.629105186","POINT (-87.6291051864 41.9002212967)"
"0c9406e3f10d1a4a6cead9e3dacb364fac583d75","d659f74187f4c9fbeff72aceb3223872937188d65be25b0995c7e71ad9111b3be71974f13d5093b35ea4f3e88a2735bba1470e1dad6d2c00f4358b53847b84e2","2026-04-30T22:45:00.000","2026-04-30T23:15:00.000","1448","19.07",,,"76","32","59","11.9","0","0","71.4","Credit Card","Taxicab Insurance Agency Llc","41.980264315","-87.913624596","POINT (-87.913624596 41.9802643146)","41.878865584","-87.625192142","POINT (-87.6251921424 41.8788655841)"
"50746e65002b03ec46bf47fa1dd4e2ed5f1f3b4f","c6c0742ffcad334c2dec7af4e40a6b75e0e641f8efc6170c0731e8f7de057458c39e93cd4b21bdb754034f318de9e003acc96d3b465c9f01f35be16130c2f487","2026-04-30T22:45:00.000","2026-04-30T23:00:00.000","1766","16.26",,,"76","8","40.75","13.88","0","5","60.13","Credit Card","Chicago Independents","41.980264315","-87.913624596","POINT (-87.913624596 41.9802643146)","41.899602111","-87.633308037","POINT (-87.6333080367 41.899602111)"
"39c4d415c601f1e055aded8c04e30f482c703794","2fea69c8a6e08471bc4339a05e9ee7955bef68d791f77a202bd54f3ae41c805907d7ac13a89f86fac4494c976ca87883157baa32ea41f59056661884135f6bba","2026-04-30T22:45:00.000","2026-04-30T22:45:00.000","581","1.65",,,"28","8","9.5","2.93","0","0","12.93","Mobile","Sun Taxi","41.874005383","-87.66351755","POINT (-87.6635175498 41.874005383)","41.899602111","-87.633308037","POINT (-87.6333080367 41.899602111)"
"a5dc2e17cdc93873e0970e084ff31d7c2a05afb4","e8d374b4e7bc344add5893f1a1ae3b611823439ac1caf06087c4bf2cb6fe114201a38c49646f2851d86f9e73c21c1e99f29903cceb84612fd1118e3224528b2b","2026-04-30T22:45:00.000","2026-04-30T23:00:00.000","600","1.5",,,"8","32","9.09","0","0","0","9.09","Credit Card","Transit Administrative Center Inc","41.899602111","-87.633308037","POINT (-87.6333080367 41.899602111)","41.878865584","-87.625192142","POINT (-87.6251921424 41.8788655841)"
"da1740f7719a11a6062ca8aff5deb8c8d184e5df","e585218a9f728ba533db40a74237a1caa23f01212f0fa8ec83ade5c2774f20cead93dfeb12b3cb57108aee6d05d5e7b4a135733c9e90280b50ceb58047c2adda","2026-04-30T22:45:00.000","2026-04-30T23:00:00.000","366","2.6",,,"34","28","11.58","0","0","0","12.08","Mobile","Blue Ribbon Taxi Association","41.842076117","-87.633973422","POINT (-87.6339734222 41.8420761168)","41.874005383","-87.66351755","POINT (-87.6635175498 41.874005383)"
"e77505d76b39814750f23de601c7f301281c6185","cf676de36353be7581fc132e7b707e919d1541b82e2d97a250c75a44561e38d400e7bafa6adf5070c7ec3f54f3c84e1af334a2e179af65b9beb1c8ab75fd1814","2026-04-30T22:45:00.000","2026-04-30T23:45:00.000","3600","19.9","17031980000","17031320100","76","32","51.75","11.45","0","5","68.2","Credit Card","Transit Administrative Center Inc","41.97907082","-87.903039661","POINT (-87.9030396611 41.9790708201)","41.884987192","-87.620992913","POINT (-87.6209929134 41.8849871918)"
"cbfb8b4c16120e0007412573f5fef7005628111a","dd2844d5f13c91c2d50ff5092bacd0f339c5b3c17376b56fa06e0acf5a7142a133994bb6aa0c8d7bbf24684cc8ed4d566533121b031f5dd76787b8bb7b1abf01","2026-04-30T22:45:00.000","2026-04-30T22:45:00.000","4","0",,,"6","6","30","6.1","0","0","36.6","Credit Card","City Service","41.944226601","-87.655998182","POINT (-87.6559981815 41.9442266014)","41.944226601","-87.655998182","POINT (-87.6559981815 41.9442266014)"
"2aa110d0b17d16849714391df89269eb699f4cfc","e2d8418fcdb061eee0a4318fba0a6a1200aaff0143feb0a74c7175a02ec7afca09f8c24de278cd0dee124d29dbfb2796407d069b90dfc13353d5d4ed02ecb0d5","2026-04-30T22:45:00.000","2026-04-30T23:00:00.000","608","1.76",,,"8","8","8.25","0","0","0","8.25","Cash","Flash Cab","41.899602111","-87.633308037","POINT (-87.6333080367 41.899602111)","41.899602111","-87.633308037","POINT (-87.6333080367 41.899602111)"
"0e67f3b6d264a1db7e33fc84cd568e670d76f07c","73c53bd1d015d25541aa53570b7f1dd2227cf25b2bed0c08ea9c6099486dd35610416f2bf9937bafe3519b2fbbedd051c719c7b50af95eab8079e03ae86992af","2026-04-30T22:45:00.000","2026-04-30T23:30:00.000","2400","16.5",,,"76","28","41.25","9","0","4","54.25","Credit Card","Transit Administrative Center Inc","41.980264315","-87.913624596","POINT (-87.913624596 41.9802643146)","41.874005383","-87.66351755","POINT (-87.6635175498 41.874005383)"
"e291cff0b0aee59f59dbc490eb7ae0b8e5e38951","da23cb9383e3ce659712920d1633a3d73b24f85ccf7d526cdbe694982af0c8a4a81147aaec2f3efecbec75ff2261a885a9c4c1c46f3b7ebc0322bc2e83028c24","2026-04-30T22:45:00.000","2026-04-30T22:45:00.000","676","2.1",,,"32","8","9.5","2","0","0","12","Credit Card","Sun Taxi","41.878865584","-87.625192142","POINT (-87.6251921424 41.8788655841)","41.899602111","-87.633308037","POINT (-87.6333080367 41.899602111)"
"2f648114a59be0138d21c5bca7d1c35b56b476fe","2780ead18beaa862cc67315ddabd9d1acaadcd6da82eba38b064d7d6f4acc260b68ef1ae3ce06dad845178107940b3493fa99640f0f70c25d15cf57336ab7b8f","2026-04-30T22:45:00.000","2026-04-30T23:00:00.000","627","1.76",,,"32","8","10.46","0","0","0","10.96","Mobile","Flash Cab","41.878865584","-87.625192142","POINT (-87.6251921424 41.8788655841)","41.899602111","-87.633308037","POINT (-87.6333080367 41.899602111)"
"392731c683e2b4dcf151eaa2aa781629ebab0ce2","81bc2020b8536280419b3e152ad07a0c5b9f53cbb503a0e4e2b49254d4e359759e76256dab04c95c0ed69ddb5a89ce1f45d8db67bd7fbb101f91417b4ce3d271","2026-04-30T22:45:00.000","2026-04-30T23:30:00.000","2580","17.7",,,"76","32","44.75","10","0","15","69.75","Credit Card","Transit Administrative Center Inc","41.980264315","-87.913624596","POINT (-87.913624596 41.9802643146)","41.878865584","-87.625192142","POINT (-87.6251921424 41.8788655841)"
"a08e8e2e4c7331e28d1d312d2621157ffc67c2ce","02ef8f01232b1b1828f4e5e1b8e8a85cd71b67c449afafbd2dd7ab726b2bb72795fcd00a9bb2477dfa6f8a325bbfde41ae888127ecd354096a1117f5e6fd9e0d","2026-04-30T22:45:00.000","2026-04-30T23:00:00.000","869","7.35",,,"77","8","21","0","0","0","21","Prcard","City Service","41.9867118","-87.663416405","POINT (-87.6634164054 41.9867117999)","41.899602111","-87.633308037","POINT (-87.6333080367 41.899602111)"
"e237685739d701374ef789157b22366d88da07cd","aba7b7acc0bc874f790aa6859ab9566f67d3b3dc992062d1bc1ffd70522e1ea082f791ac05d9b833d34c3931e5bfccd804480316e4bc307ec37b8b4494091d9c","2026-04-30T22:45:00.000","2026-04-30T23:15:00.000","1556","9.79",,,"52","38","26.5","5.4","0","0","31.9","Prcard","Flash Cab","41.707311449","-87.534902901","POINT (-87.5349029012 41.707311449)","41.812948939","-87.617859676","POINT (-87.6178596758 41.8129489392)"
"e3ba7cd7dcf489cde3f9410ec7bd223d27555024","442f4c9dd3dde549a82c2dc0ef65b85e54664aa28f5b5509c49e1e0bd4236b96c06ed347ebaf4f54489b975efcbb0a9edf4b893a160849d29c95691be7b8c239","2026-04-30T22:45:00.000","2026-04-30T22:45:00.000","300","0","17031081500","17031320100","8","32","10","2.1","0","0","12.1","Credit Card","Transit Administrative Center Inc","41.892507781","-87.626214906","POINT (-87.6262149064 41.8925077809)","41.884987192","-87.620992913","POINT (-87.6209929134 41.8849871918)"
"867cbefabac919b7825dbeea5cc5c0b914cab0a4","199f852b9b7f49df5426c931ac14b4e746e6f946021af3cc5a3c021f3965b6cd07193886f2ecb39be823fa33247c18b4bc662005409bc8c171330c512b8d953d","2026-04-30T22:45:00.000","2026-04-30T23:00:00.000","728","2.62","17031833000","17031081700","28","8","10.77","0","0","0","11.27","Mobile","Flash Cab","41.88528132","-87.6572332","POINT (-87.6572331997 41.8852813201)","41.892042136","-87.63186395","POINT (-87.6318639497 41.8920421365)"
"c9de5a352280a8de0d7141da3b18c8fe0fe9168b","58a80cdb3c9c1a43c90bb9b1d4faa5da222f6b7cf92bc55bd4d0ab6293924f7516091832597425ff50cf147f0f60631bbf079aa4cbd467a437deae0324fbdb9a","2026-04-30T22:45:00.000","2026-04-30T22:45:00.000","579","1.5","17031280100","17031081500","28","8","8","2","0","1","11.5","Credit Card","Flash Cab","41.885300022","-87.642808466","POINT (-87.6428084655 41.8853000224)","41.892507781","-87.626214906","POINT (-87.6262149064 41.8925077809)"
"1ff10d21251c446cf30e927d898c293d4e6a90fc","411767ddfe72ac709e1442e69fb39ae68c97382b53bbdb21c1119751c427be211b0b1ee92d233b95b709ddde86934919ddce870afe1bfaaea9d9614a53e27d36","2026-04-30T22:45:00.000","2026-04-30T23:00:00.000","252","0.57",,,"32","32","5","0","0","1","6","Cash","Taxicab Insurance Agency Llc","41.878865584","-87.625192142","POINT (-87.6251921424 41.8788655841)","41.878865584","-87.625192142","POINT (-87.6251921424 41.8788655841)"
"70a08b41da236a52ff217d82c20e9a4fb5273fd9","d156d4adff01addd62b65753ce67dc8e04bdaf60f7eb14a4a557f54062e2fc83ca1ebe1bf2cd9eb7aac4a12707cb5aa3e915d9fe1e729dfb5fa5657659e11eab","2026-04-30T22:45:00.000","2026-04-30T22:45:00.000","126","0.58","17031839100","17031081700","32","8","0","0","0","0","0","Cash","Blue Ribbon Taxi Association","41.880994471","-87.632746489","POINT (-87.6327464887 41.8809944707)","41.892042136","-87.63186395","POINT (-87.6318639497 41.8920421365)"
"27c9a866833f8ad37afcb94db6462bdd21dc9eda","c3f8e0b6712bf3ea80e75ddde065b0ed42aa530e8c40cbd1872b2634c41e272499addf7513c052fcfc8b1a6f413a605d7a1148e8a695a014bbeef9281dcef5fb","2026-04-30T22:45:00.000","2026-04-30T23:15:00.000","1422","15.7",,,"76","8","55","11.1","0","0","66.6","Credit Card","City Service","41.980264315","-87.913624596","POINT (-87.913624596 41.9802643146)","41.899602111","-87.633308037","POINT (-87.6333080367 41.899602111)"
"ca044d3e2c56937a82d081d3ae7c01d63207885d","878fad758bcb6e1a1444c81a48594c00962e442e20bb715f8724f74b42482ec5a745806a3e9e7dadd43494f6b469d0f1f2b6ba0e002a7a97b3f1e259c8411797","2026-04-30T22:45:00.000","2026-04-30T23:00:00.000","304","1.09","17031281900","17031839100","28","32","6","0","0","1","7","Cash","Blue Ribbon Taxi Association","41.879255084","-87.642648998","POINT (-87.642648998 41.8792550844)","41.880994471","-87.632746489","POINT (-87.6327464887 41.8809944707)"
"1db5df9c7f77d523279d2a70f36d7b986e8c8153","ab44501ecc8f9ff89c3550d26b04014a7f70640b0691cf9a8845d90f6f237b4591f32cb1147b79777c45a650d4b872b0cab9e0a757cae22b5ad9e364846bcac1","2026-04-30T22:45:00.000","2026-04-30T22:45:00.000","110","0.4","17031081500","17031320100","8","32","4.25","5.75","0","0","10.5","Credit Card","Sun Taxi","41.892507781","-87.626214906","POINT (-87.6262149064 41.8925077809)","41.884987192","-87.620992913","POINT (-87.6209929134 41.8849871918)"
"4da8c8584f27bab2e2ed333887e265485302e1e7","b3d64534f81ff06a34ae1001f3f6e3831011fb0f7a6f40e56dec4ac07d1e10861c2e5cd4faef78ba995357ec822b14115eb40cbd585f4d5a73a26e14b6b3525b","2026-04-30T22:45:00.000","2026-04-30T23:30:00.000","1905","18.47","17031980000","17031320100","76","32","46.5","10.2","0","4","61.2","Credit Card","Taxicab Insurance Agency Llc","41.97907082","-87.903039661","POINT (-87.9030396611 41.9790708201)","41.884987192","-87.620992913","POINT (-87.6209929134 41.8849871918)"
"10506087bae9b672e12541f27ba09764a1f8e7ac","9a423881d4046f5590943c08ec5e58d59f5ebd91fe26aa9ef49ad0dfe587e3d3a78dc5e2d214e4d42120e5296ebadeb100494177de8b0fc8ef6a1b3e5290669b","2026-04-30T22:45:00.000","2026-04-30T23:30:00.000","2460","17","17031980000","17031839100","76","32","42.5","18.3","0","18","78.8","Credit Card","Transit Administrative Center Inc","41.97907082","-87.903039661","POINT (-87.9030396611 41.9790708201)","41.880994471","-87.632746489","POINT (-87.6327464887 41.8809944707)"
"9dbd20381635118d5c1103125726b24a9c69b9ad","0a7612c5440557d06a12bef163da92b0b8b8e8bddfa767706bbc77634a4566282c438b7c0bf7f402127b12ce452251b33a73773caa4533ed87637090328b2e66","2026-04-30T22:45:00.000","2026-04-30T23:15:00.000","1243","15.26",,,"76","28","59","15.88","0","4","79.38","Credit Card","Globe Taxi","41.980264315","-87.913624596","POINT (-87.913624596 41.9802643146)","41.874005383","-87.66351755","POINT (-87.6635175498 41.874005383)"
"3be5c15302cba79c231e46dabcc05c6d58eb500b","0d6436587c309cd68793fd45e1ca9b82b7d076cb80abd021856cc8731bcd2a6973ec8236584cfdf6a9e4c040e3724e40b6cf1dff40875c4ae7354a517eb71360","2026-04-30T22:45:00.000","2026-04-30T23:00:00.000","720","1.7",,,"7","6","10.92","0","0","0","10.92","Credit Card","Transit Administrative Center Inc","41.922686284","-87.649488729","POINT (-87.6494887289 41.9226862843)","41.944226601","-87.655998182","POINT (-87.6559981815 41.9442266014)"
"c5237ff6042acfe9594dda3c0374d09ccebd8e6b","3cdbbd850dee58fd415cce1b7af4256839cd5e6523328cf5a89e616601775c6474c0dde9a028971d7d0780907f3d7d5655ae4199e5148e095392bc0f7932049f","2026-04-30T22:45:00.000","2026-04-30T23:30:00.000","2580","16.5",,,"76","7","41.5","9.1","0","4","54.6","Credit Card","Transit Administrative Center Inc","41.980264315","-87.913624596","POINT (-87.913624596 41.9802643146)","41.922686284","-87.649488729","POINT (-87.6494887289 41.9226862843)"
"5c2581bc00664981eb2ff37bf6dff3bf48ab2848","38d00610debf2306201a33902c298ea78df627880d3d19d0e190983205911a16a3ff9b26c952506731328985f618da9b074ef0d8d89970493748c8f8d2087f08","2026-04-30T22:45:00.000","2026-04-30T22:45:00.000","320","0.75","17031839100","17031280100","32","28","5.5","2","0","1","9","Credit Card","Flash Cab","41.880994471","-87.632746489","POINT (-87.6327464887 41.8809944707)","41.885300022","-87.642808466","POINT (-87.6428084655 41.8853000224)"
"9d4cfbd2cc5340a13e41678e1fd1118182e92f6d","e8f673c7d74913eef9b2c58975502e30884a6d7c93a80264c9ef1ee7a3a44652b66f8f74348e5f7b62dc458b19ef474b8c0801463178f03b03bd08f768c42c4e","2026-04-30T22:45:00.000","2026-04-30T22:45:00.000","19","0",,,,"28","0.1","0","0","0","0.1","Cash","Tac - Yellow Cab Association",,,,"41.874005383","-87.66351755","POINT (-87.6635175498 41.874005383)"
"9d6ec998241e39c1f52f9be7171a24410a6d01b3","1f041942ef7c61fea34c62c89aea8231e4277ca158d54ef1a738be59f3099e32f7f6626f22cdd82e425bdff13f179feb3f1b12f34b8c1addd999239551c17d2d","2026-04-30T22:45:00.000","2026-04-30T23:00:00.000","950","8.21",,,"28","41","26.15","0","0","0","26.65","Mobile","Flash Cab","41.874005383","-87.66351755","POINT (-87.6635175498 41.874005383)","41.794090253","-87.592310855","POINT (-87.592310855 41.794090253)"
"43196add60a6922b6559d01c47d8b1bf796da823","9290a8430ba3e8061554627a9b1ebc78fd78a446a92b55f693e94316ea69930e29180297a7df363fffe70f0b36e64b319e858a24ceffcbcb690d428779d6fd94","2026-04-30T22:45:00.000","2026-04-30T22:45:00.000","0","0",,,"32","32","0","0","0","0","0","Cash","Transit Administrative Center Inc","41.878865584","-87.625192142","POINT (-87.6251921424 41.8788655841)","41.878865584","-87.625192142","POINT (-87.6251921424 41.8788655841)"
"c42a87bcf52289d95f5f6e7f9da511ea7e7f8a1a","931225a382fc38a75212f9d358439aec0d9b50fdaf32ad72ab675712c03e407a9bf99bea5f85136dd82fb3044040ee8854facb01d586e9715aec7dd1ae602d69","2026-04-30T22:45:00.000","2026-04-30T23:00:00.000","1548","12.93","17031980100","17031081100","56","8","36.75","6","0","5","48.25","Credit Card","5 Star Taxi","41.785998518","-87.750934289","POINT (-87.7509342894 41.785998518)","41.900221297","-87.629105186","POINT (-87.6291051864 41.9002212967)"
"69bdbdb62873507e9f94ee40468a66319216728a","88ecf448361fbe40dae4862335a2b689529bfb66bf2fb4899102a790e9ec5e79251dd5db8496a9e47d9ce41a742c527d33fac878343d80e3baac2b51b900f9a1","2026-04-30T22:45:00.000","2026-04-30T23:15:00.000","1560","16.1",,,"76",,"40","5","0","28.5","73.5","Credit Card","Transit Administrative Center Inc","41.980264315","-87.913624596","POINT (-87.913624596 41.9802643146)",,,
"c36bf0c86c36b64a28bcda6f33cad2fef49e520f","4489496317d593d220fd48f54f9db2732a9a1365fb52062e4984b575796cebb6c24954352d5c866d0db22a0ecd0c87f19bbed1657cfd19484aab872dc2d6435b","2026-04-30T22:45:00.000","2026-04-30T23:15:00.000","1665","19.04",,,"76",,"46.5","15.8","0","32","94.8","Credit Card","Sun Taxi","41.980264315","-87.913624596","POINT (-87.913624596 41.9802643146)",,,
"69eb86b56447ac5c470038a91944dc2d98d85bee","bf144d3085b875983198aca2ccfa966dc544b7423ca28f38f59b9fa1b73c35b753865221241c67b7ad7a06c07aaabb671515d056a73cb1a9946c4d5e5fa74441","2026-04-30T22:45:00.000","2026-04-30T23:15:00.000","1351","16.17","17031980000","17031241400","76","24","40.25","0","0","4","44.25","Cash","City Service","41.97907082","-87.903039661","POINT (-87.9030396611 41.9790708201)","41.906025969","-87.675311622","POINT (-87.6753116216 41.906025969)"
"84184fb87a984d13deb102a1a5d4396942969ba9","cf7d7298269a232bda57620063b7e58fa2862d9c166f61900566d19309bdce5ff97498a588e9a36dc335d891730db83fadabadff09870a456627863e233d5ca7","2026-04-30T22:45:00.000","2026-04-30T23:15:00.000","1430","25.44","17031980000","17031839100","76","32","60.75","17.06","0","7","85.31","Credit Card","Taxicab Insurance Agency Llc","41.97907082","-87.903039661","POINT (-87.9030396611 41.9790708201)","41.880994471","-87.632746489","POINT (-87.6327464887 41.8809944707)"
"01b0e7aa46bc26c30b2b7006b769392bcee91f31","92000228f17be4f549e0b09b6a1e362f0cca516b95306d0da98f6c073c3cde625f4a708972d29021a8478e3076a86dc30b1f8f6479820d9f3671c18e88016ab7","2026-04-30T22:45:00.000","2026-04-30T22:45:00.000","223","0.5",,,"8","8","5.27","0","0","0","5.77","Mobile","Chicago Independents","41.899602111","-87.633308037","POINT (-87.6333080367 41.899602111)","41.899602111","-87.633308037","POINT (-87.6333080367 41.899602111)"
"9f91f7ddc8faa3303806dde0f5399eea54d1bad6","587e7ab46f2a7a7f1ad7676dcfdfa7a3174ee58118e47bdfbf3f63388f4fab4147bb22571da494a439cedd1fc9af83cc92b6be51b78efa0195584600ecd24349","2026-04-30T22:45:00.000","2026-04-30T23:15:00.000","1269","13.7",,,"76","6","34.75","7.85","0","4","47.1","Credit Card","City Service","41.980264315","-87.913624596","POINT (-87.913624596 41.9802643146)","41.944226601","-87.655998182","POINT (-87.6559981815 41.9442266014)"
"9c79a93000b82eecfa0acccd71a1a7af8859fb6f","30b16efff2994f00adffb3bce7dc46d98b42a18de5be9ea3e4ee8ebc38d59619ef20dd5485ee3c07ec5da667526bbd9a87798cfd8e946f6475e75a9dd151d453","2026-04-30T22:45:00.000","2026-04-30T23:30:00.000","2040","13.9",,,"76","22","35","7.9","0","4","46.9","Credit Card","Transit Administrative Center Inc","41.980264315","-87.913624596","POINT (-87.913624596 41.9802643146)","41.92276062","-87.699155343","POINT (-87.6991553432 41.9227606205)"
"7793c474dcf701615f456090cf3ef17fba4dca8b","5972edb97ae53140d2e4cb8549f1527d9d93491acef5a2b8c2ccbc30d4547205d76ab83cf2a6fcb039263a1a31e4842cd1676be70fa07de0bda8543101c1079e","2026-04-30T22:45:00.000","2026-04-30T23:30:00.000","2700","18.4",,,,,"46.25","10.05","0","4","60.3","Credit Card","Taxicab Insurance Agency  LLC",,,,,,
"84d492c221c13b8aef6c9cacb6141e6b7cbb58b2","697ada6eb0299a4956ac3305adc75c5b45342ae7c7cd7fb3b1da8509193a5557f4c95197847331cf9e13b68014933a5b93701b48d01af85c3f14bad553495da1","2026-04-30T22:45:00.000","2026-04-30T23:30:00.000","2700","16.5","17031980000","17031839100","76","32","42","0","0","6","48","Cash","Transit Administrative Center Inc","41.97907082","-87.903039661","POINT (-87.9030396611 41.9790708201)","41.880994471","-87.632746489","POINT (-87.6327464887 41.8809944707)"
"c160b70749cabb58e814e93ace7abbd8af7657d2","8b8d35663133904892cc1e87911f55ed0bdf9a9bd1093c97025869a02f151c9ac0e089ac00a581281e172b00ec459830089882f5f4261ea514929a5a6ad0d169","2026-04-30T22:45:00.000","2026-04-30T22:45:00.000","127","0.73",,,"3","3","4.75","3","0","1","9.25","Credit Card","Sun Taxi","41.96581197","-87.655878786","POINT (-87.6558787862 41.96581197)","41.96581197","-87.655878786","POINT (-87.6558787862 41.96581197)"
"fea6efc553f7f16960825837a12565d9be11192b","fb0ce19e30e712c77c57cfdb6ef729c2d2ad73225d9ec3b541ddab78f8a281a073a93fd94232bb4c2397cade115fb3727045daeb602fcefd00df53cf6da9d563","2026-04-30T22:45:00.000","2026-04-30T23:00:00.000","837","3.9",,,"8","7","13","2.18","0","1","16.68","Credit Card","5 Star Taxi","41.899602111","-87.633308037","POINT (-87.6333080367 41.899602111)","41.922686284","-87.649488729","POINT (-87.6494887289 41.9226862843)"
"b198cf306068724eb21afb4f2c98ee155b7e6fbe","9f5163473aae222cdf835be350566caf350210ee6a08c04167aa785ebd05a7f648f0cce3d82887d8da10a12d86ed11af14b998a811febca38bca0ef0541d7a8a","2026-04-30T22:45:00.000","2026-04-30T23:15:00.000","1540","16.87","17031980000","17031081500","76","8","70","14.1","0","0","84.6","Mobile","Chicago Independents","41.97907082","-87.903039661","POINT (-87.9030396611 41.9790708201)","41.892507781","-87.626214906","POINT (-87.6262149064 41.8925077809)"
"38001ec72c267ff6b3114d04b923155d262f3c05","cce8c54f19d692acc5dd45d391a8bb964d15af67f314d1ac81e0597f105a70ad12935afa9487766eef90a6f8f0f3d09e6a8877e99b01d21035a05b4a16e985c4","2026-04-30T22:45:00.000","2026-04-30T22:45:00.000","780","3.9",,,"28","8","13","3","0","0","16","Credit Card","Transit Administrative Center Inc","41.874005383","-87.66351755","POINT (-87.6635175498 41.874005383)","41.899602111","-87.633308037","POINT (-87.6333080367 41.899602111)"
"9af1cdcc27ca739d950ef50a22dd17de60ec7638","661cda59f0dc5cacf442f48593e300010c8f10a4a6d0e07ea6d5fb6603425e6434f09fbbf86726e1396bec799c7e1abc24a8cb1e412c69a3d3bfb5d9b6094f39","2026-04-30T22:45:00.000","2026-04-30T22:45:00.000","402","1.49","17031280100","17031839000","28","32","9.61","0","0","0","10.11","Mobile","Sun Taxi","41.885300022","-87.642808466","POINT (-87.6428084655 41.8853000224)","41.87101588","-87.631406525","POINT (-87.6314065252 41.8710158803)"
"fd0cff2eed2ab53674d23317064eefaf66094e3e","26098afc7c6fc2d9e067c502b4a101289d018978ba915788b3f946d5db3e78d9b683ef49a1a02440950345c0361a4e6175536969cd31aa99193a9467be23f593","2026-04-30T22:45:00.000","2026-04-30T22:45:00.000","360","0.7","17031081201","17031081500","8","8","7.04","0","0","0","7.04","Credit Card","Transit Administrative Center Inc","41.899155613","-87.626210532","POINT (-87.6262105324 41.8991556134)","41.892507781","-87.626214906","POINT (-87.6262149064 41.8925077809)"
"9aa0f9729d884c6dde8db56881e5558e2cb4e505","b0c2db08b6f6bf8d19a6412bc3c5023d9810394b71d12f63dbb3237b9c6b490adbf9d36d2aba22abbcd1981275609f15e480aabc0ba116d9d627ebbfbb6862c2","2026-04-30T22:45:00.000","2026-04-30T22:45:00.000","282","0.51","17031081500","17031320100","8","32","5.25","0","0","0","5.25","Cash","Flash Cab","41.892507781","-87.626214906","POINT (-87.6262149064 41.8925077809)","41.884987192","-87.620992913","POINT (-87.6209929134 41.8849871918)"
"78348bad4167d997d1b5da0c35da46cfb3b2421d","222a0a55fe5180e292a8e128804e081fa50b05a0329775f9344b50ee230f23d12635ee6a2429af764d01221057af04260089849cfb0192fa29bfda38362ffad6","2026-04-30T22:45:00.000","2026-04-30T22:45:00.000","4","0.04",,,"7","7","34","0","0","0","34","Cash","Flash Cab","41.922686284","-87.649488729","POINT (-87.6494887289 41.9226862843)","41.922686284","-87.649488729","POINT (-87.6494887289 41.9226862843)"
"46ff71b6e287ac1ecd3a5fa2bc6c952e7750df08","e585218a9f728ba533db40a74237a1caa23f01212f0fa8ec83ade5c2774f20cead93dfeb12b3cb57108aee6d05d5e7b4a135733c9e90280b50ceb58047c2adda","2026-04-30T22:45:00.000","2026-04-30T22:45:00.000","425","1.82","17031281900","17031839000","28","32","9.61","0","0","0","10.11","Mobile","Blue Ribbon Taxi Association","41.879255084","-87.642648998","POINT (-87.642648998 41.8792550844)","41.87101588","-87.631406525","POINT (-87.6314065252 41.8710158803)"
"fa068e0375210f6a5aaca93fcfcb47b4065816a8","ec56c095d0e5b779d527c06e9551ccb27b04c70e1b8d8efb43307687869ce0412747b884e1012be095f35d5a0a8775c852b7bb4a237eb5d76992fea145bb7ff6","2026-04-30T22:45:00.000","2026-04-30T23:15:00.000","2040","19.7",,,"56",,"48.5","15.8","0","30","94.3","Credit Card","Chicago Independents","41.79259236","-87.769615453","POINT (-87.7696154528 41.7925923603)",,,
"547e656e5478b0b717d02e2ab2b32551feaf162a","8a579afa6df0914d872dac898a493e2d6c36acbe25b73fc9d65fe5a258d284daf3931399e83299e5de66065142ffd78278f8b4d022a8401afb11837d26099289","2026-04-30T22:45:00.000","2026-04-30T22:45:00.000","392","1.37",,,"7","8","7.9","0","0","0","8.4","Mobile","Taxicab Insurance Agency Llc","41.922686284","-87.649488729","POINT (-87.6494887289 41.9226862843)","41.899602111","-87.633308037","POINT (-87.6333080367 41.899602111)"
"fb720dd26d386fcf39184b21123d9d442adda7af","3760ab7d7e7e642ca35a51d2931b70f1a7a917b4f4225c48cc30793e0bfa9036ff31231ad08c205e3e94e3f4d16d9068445684046a59bab4c9e3f510d111455d","2026-04-30T22:45:00.000","2026-04-30T22:45:00.000","21","0.06","17031280100","17031281900","28","28","3.25","15.1","0","71.74","90.59","Credit Card","Chicago Independents","41.885300022","-87.642808466","POINT (-87.6428084655 41.8853000224)","41.879255084","-87.642648998","POINT (-87.642648998 41.8792550844)"
"bdf51d9b96710a4baba137ba7c4efd61bcda041f","e8f673c7d74913eef9b2c58975502e30884a6d7c93a80264c9ef1ee7a3a44652b66f8f74348e5f7b62dc458b19ef474b8c0801463178f03b03bd08f768c42c4e","2026-04-30T22:45:00.000","2026-04-30T23:00:00.000","859","2.55",,,"28","8","12.19","3.43","0","0","16.12","Mobile","Tac - Yellow Cab Association","41.874005383","-87.66351755","POINT (-87.6635175498 41.874005383)","41.899602111","-87.633308037","POINT (-87.6333080367 41.899602111)"
"74fe95e7191988c6c2d5dd7dd6998695a6ecebb9","913c95ba782fa447b7c55fbfc38d040907d13e7ddf7282a75fe448d2a25082dcdab927cd930805ea14e62bc534d5288669b15f73751bd43a746cc9e3bbddb2f4","2026-04-30T22:45:00.000","2026-04-30T22:45:00.000","259","0.76","17031081403","17031081700","8","8","5.25","0","0","0","5.25","Cash","Flash Cab","41.890922026","-87.618868355","POINT (-87.6188683546 41.8909220259)","41.892042136","-87.63186395","POINT (-87.6318639497 41.8920421365)"
"f96c9c0e4ec69f80df78f2084f6ababc59a6d383","f808a46257ac52d9b4a8d9df32feaf63b10542702ce6530d130e4f1e5e8781ef8ea5255fc3da50593c8f43150f7c820a0e3a81b2cc6edbc657657ea066697443","2026-04-30T22:45:00.000","2026-04-30T22:45:00.000","420","1.9","17031081700","17031280100","8","28","10.49","0","0","0","10.49","Credit Card","Transit Administrative Center Inc","41.892042136","-87.63186395","POINT (-87.6318639497 41.8920421365)","41.885300022","-87.642808466","POINT (-87.6428084655 41.8853000224)"
"4a0a66182046663e82e0f5a2f6ec3b50d2f01d72","35def117d7f62fb6cdb3752226cc2a4af2289a256011aad909eda7329af7be65db8eab83ad37d1922edfae781562d4cd9c5a0ea499c36ee735355f624df01812","2026-04-30T22:45:00.000","2026-04-30T23:15:00.000","2040","13.8",,,"76",,"35.5","5","0","4","44.5","Credit Card","Transit Administrative Center Inc","41.980264315","-87.913624596","POINT (-87.913624596 41.9802643146)",,,
"f87a37319302277a9484413f035acdd36c6042b6","8d75a4e15682364840d85e0f9f954e98b2703f4e252e88660a601cb8b23075632ed27806eb5054190c73d478358977f9efb527f1c302198ae9c28b606c0fb0be","2026-04-30T22:45:00.000","2026-04-30T23:30:00.000","2880","17.7","17031980000","17031081403","76","8","44.75","0","0","4","48.75","Cash","Transit Administrative Center Inc","41.97907082","-87.903039661","POINT (-87.9030396611 41.9790708201)","41.890922026","-87.618868355","POINT (-87.6188683546 41.8909220259)"
"053b154d4bc2d4b2ad0564e6b6f49b638a007e31","e8b30fe3cdcf458994b6943ba607e06f31b92202cab6b738f759f564007e1381a6cc1e7da2f48c2b0ced5c9dddbdf795c762884b2f0ac46f11406772d87f1ca0","2026-04-30T22:45:00.000","2026-04-30T23:15:00.000","1473","17.52","17031980000","17031081700","76","8","43.25","10.15","0","7","60.9","Credit Card","Sun Taxi","41.97907082","-87.903039661","POINT (-87.9030396611 41.9790708201)","41.892042136","-87.63186395","POINT (-87.6318639497 41.8920421365)"
"f9521088a5c50949a0e0d847d5b7d8d682732cf7","e4d62c5f130dee786b1d1515868b32e04df99df544b98efa26a48af417169342dcd9b3b98ecbffd6611e513ec4effe664a5b093d747e2d2d338185a100c6d3fc","2026-04-30T22:45:00.000","2026-04-30T22:45:00.000","651","2.6","17031833000","17031081403","28","8","11.37","0","0","0","11.87","Mobile","Taxicab Insurance Agency Llc","41.88528132","-87.6572332","POINT (-87.6572331997 41.8852813201)","41.890922026","-87.618868355","POINT (-87.6188683546 41.8909220259)"
"179d61779386d7ac1c74656a3ee977887bad6cc1","6775020216ff4fd219bc6c63d4dcac611945dc862e64789054200b735a6986a928ce10460b97e2d1da47dcf411ae59d1b7a5e14d421cdb8014d4981b77eea741","2026-04-30T22:45:00.000","2026-04-30T23:00:00.000","732","4.63",,,"8","6","17.09","0","0","0","17.59","Mobile","Globe Taxi","41.899602111","-87.633308037","POINT (-87.6333080367 41.899602111)","41.944226601","-87.655998182","POINT (-87.6559981815 41.9442266014)"
"81dbafb38d543fb2b139ef0834fe714045b6e61d","aefac4ce6d1a787e28b51b047402bdf876c2b3473e39c9d70f98bc199226995391f2107e85d7bf8f7b68f23ed35c7a0f927678b998e607bf4a0a229dcce40539","2026-04-30T22:45:00.000","2026-05-01T00:15:00.000","5299","22.98",,,"16","6","61.25","13.35","0","5","80.1","Credit Card","Taxicab Insurance Agency Llc","41.953582125","-87.72345239","POINT (-87.7234523905 41.9535821253)","41.944226601","-87.655998182","POINT (-87.6559981815 41.9442266014)"
"f63062e2e9dc4fa1ff857f9a5ea80bf608d13945","b41e8c8124d8d600a4db8b7c176c2956756d378c749cb11c0a8e2c326a4c1cd83cac353869b657c398c9abc2c9d1d4c760905cfd5189595282dbfbe2fb0ce482","2026-04-30T22:45:00.000","2026-04-30T22:45:00.000","300","0.8",,,"8","8","7.07","0","0","0","7.07","Credit Card","Transit Administrative Center Inc","41.899602111","-87.633308037","POINT (-87.6333080367 41.899602111)","41.899602111","-87.633308037","POINT (-87.6333080367 41.899602111)"
"8204d8303d78c46e33552900212850a23951269a","423b50296181ec281f4b53d6d0d6170532045e0248701389964c764649c56732e689870c8558be0f14691861e61602bf80e8c4b1aa1e6b63a0cf5d6a159f2aca","2026-04-30T22:45:00.000","2026-04-30T22:45:00.000","120","0.3","17031320100","17031320100","32","32","4","2","0","0","6","Credit Card","Transit Administrative Center Inc","41.884987192","-87.620992913","POINT (-87.6209929134 41.8849871918)","41.884987192","-87.620992913","POINT (-87.6209929134 41.8849871918)"
"b9e347a9e8d636e7dacef641528f50d199facafd","dff8b2296e1abd3c3470a2f0765b3f385f9a53c8df1cc314e899a81be2cfb6f52c61af660e6434c35e2c1a4ab2eeb004ab0027826471be4fff9a4648ef51e7a0","2026-04-30T22:45:00.000","2026-04-30T23:00:00.000","488","3.33",,,"8","24","15.21","0","0","0","15.71","Mobile","Chicago Independents","41.899602111","-87.633308037","POINT (-87.6333080367 41.899602111)","41.901206994","-87.676355989","POINT (-87.6763559892 41.9012069941)"
"d03b8aa806772957e05fc1a30c9e4d1bce274566","6a23e62ff9add07c054168d9bb0ee5c00d1a4306b3467c98f31501bb7298646ba50c1f8c8b59344393a10b79067a115eb2611486a25fb20e02dc2c92b69fcef4","2026-04-30T22:45:00.000","2026-04-30T22:45:00.000","0","0","17031081500","17031081500","8","8","3.25","0","0","1","4.25","Cash","Transit Administrative Center Inc","41.892507781","-87.626214906","POINT (-87.6262149064 41.8925077809)","41.892507781","-87.626214906","POINT (-87.6262149064 41.8925077809)"
"673ffff50658fb0227ca472f0bc8124654411f74","40dd26181941ac03ca95b3d4cf2f0d12b34ae0338e688bf6a3593581e9726e9034a0af3bae4f0a62383c9a0db07ce188b8c68e3ff97ec260adbbc760f1546e58","2026-04-30T22:45:00.000","2026-04-30T22:45:00.000","4","0",,,,,"58","11.7","0","0","70.2","Credit Card","Flash Cab",,,,,,
"f99549978d771f3cbdfd33e34f443706dbf3dd2f","8123ec5a70681a139fcd93fd477eec0ee05dda8298774835a80496c9e90fbb9443e5d116ba283712e1dec8fdaf9c8acb0f69a77dc20170984c5b380aa8ae3f96","2026-04-30T22:45:00.000","2026-04-30T23:00:00.000","423","1.3",,,"28","32","9.86","0","0","0","10.36","Mobile","Globe Taxi","41.874005383","-87.66351755","POINT (-87.6635175498 41.874005383)","41.878865584","-87.625192142","POINT (-87.6251921424 41.8788655841)"
"81745cffd89918b8f4d3b84ec0de03d6ff1ee4f5","829dced7036593da33254d88a2d065c1698fc377e76c93f5401b6421fcb3c618860b632a5932a359a4893a40a0e75a5f3106811716625dd84ff683aff0dd7877","2026-04-30T22:45:00.000","2026-04-30T23:15:00.000","960","6.2",,,,"76","18.5","0","0","0","18.5","Cash","Transit Administrative Center Inc",,,,"41.980264315","-87.913624596","POINT (-87.913624596 41.9802643146)"
"96335a38a6e785a24bae46af18ce9063570d04a4","3c0868927194b2901fad4463dea178de530dc0ed3f7888c5720390737f01deab51fa305e015456e35d4fdf033da0186c813d9ef637061e033e3598caf7e9d49d","2026-04-30T22:45:00.000","2026-04-30T23:15:00.000","1414","12.74",,,,"7","33","11.12","0","11","55.62","Credit Card","Sun Taxi",,,,"41.922686284","-87.649488729","POINT (-87.6494887289 41.9226862843)"
"5a00fdb105fde41d45c8a87a2f7d972b04da3044","c3f8e0b6712bf3ea80e75ddde065b0ed42aa530e8c40cbd1872b2634c41e272499addf7513c052fcfc8b1a6f413a605d7a1148e8a695a014bbeef9281dcef5fb","2026-04-30T22:45:00.000","2026-04-30T22:45:00.000","308","0.76","17031980000","17031980000","76","76","60","0","0","0","60","Cash","City Service","41.97907082","-87.903039661","POINT (-87.9030396611 41.9790708201)","41.97907082","-87.903039661","POINT (-87.9030396611 41.9790708201)"
"f4f544226a046e2af08275e59c91c9f447ca5ba1","e533bfdc483206f9c02c1c879a118d88f0a3ca1cd2703f3cf88e318716bbbb0c71d5f1c5f86b042b4ee1a06dbc750fa840acec0ebaf5fc1d90edbdc215114a1d","2026-04-30T22:45:00.000","2026-04-30T23:15:00.000","1725","14.33",,,"76","6","37.5","0","0","4","41.5","Cash","Flash Cab","41.980264315","-87.913624596","POINT (-87.913624596 41.9802643146)","41.944226601","-87.655998182","POINT (-87.6559981815 41.9442266014)"
"8186fa6bccbc41dd69c83cebf8ddf8471316eedb","e2c349c7cbb608d552aa0b5814031943f13641ef9e50d86361d598aa3277fc35fabc76bd437f793774e6deaa6f2a0f29b8a87b0cf22b5a27b6c10f6f5ed614ae","2026-04-30T22:45:00.000","2026-04-30T23:15:00.000","1980","14.5",,,"76","7","37.25","15","0","4","56.25","Credit Card","Transit Administrative Center Inc","41.980264315","-87.913624596","POINT (-87.913624596 41.9802643146)","41.922686284","-87.649488729","POINT (-87.6494887289 41.9226862843)"
"96544bc7bad067fb750e2e724d238340225cf10a","467e208aa360a74a2bfcc97dccac10220d7dfbe4ea17020a7f292dbbe0a8a66af760ccc66daabe708edad93abd1e0952de7a1c3a2a0bd34d89cd81bb705f32be","2026-04-30T22:45:00.000","2026-04-30T22:45:00.000","2","0","17031081403","17031081403","8","8","15","3.1","0","0","18.6","Credit Card","Taxicab Insurance Agency Llc","41.890922026","-87.618868355","POINT (-87.6188683546 41.8909220259)","41.890922026","-87.618868355","POINT (-87.6188683546 41.8909220259)"
"b826e5cfadd464106f19fd00d2e318b96662449c","bc9f0521b68daec76fdff578445175b5afccf1701a34b0c54013555c56a1a42982fb8fdc2a5ad0e8cabbe067601a20f8df18f64883efddca7d1b686169f16e72","2026-04-30T22:45:00.000","2026-04-30T23:00:00.000","1495","15.82",,,"76","24","39.25","8.95","0","5","53.7","Credit Card","Taxicab Insurance Agency Llc","41.980264315","-87.913624596","POINT (-87.913624596 41.9802643146)","41.901206994","-87.676355989","POINT (-87.6763559892 41.9012069941)"
"b99b0f0ef3a7a50973c37e1f8ab1fe0ca9ad9ba0","d1386a65b4826b912fd1b2e9167acdf0ec67fdf3d15b9793b8792e7dee01b2b90fb6ab6fe00e719c3eb577d9c0bb1a6cca736b7b491ee763dc6cdd3802e9e258","2026-04-30T22:45:00.000","2026-04-30T23:00:00.000","764","5.15",,,"28","22","30","6.1","0","0","36.6","Credit Card","Taxicab Insurance Agency Llc","41.874005383","-87.66351755","POINT (-87.6635175498 41.874005383)","41.92276062","-87.699155343","POINT (-87.6991553432 41.9227606205)"
"297fda90ea5ec9a9d178545ede84f1600067931d","137d4f780c3823fdc5f26cec160a8c9f8eb952f769c5bc70d0bc747b3eda1d77f6c5df60f9caccccfecc6ded275a85c2cb5afcf4994f42473c445e8ef4a71e35","2026-04-30T22:45:00.000","2026-04-30T23:00:00.000","523","1.34","17031839100","17031081300","32","8","8.68","0","0","0","9.18","Mobile","5 Star Taxi","41.880994471","-87.632746489","POINT (-87.6327464887 41.8809944707)","41.898331794","-87.620762865","POINT (-87.6207628651 41.8983317935)"
"f3d163b998de6a610b144c8f9d32b3bdb9c6be67","3f365e125eb1d15aae0ae8a4bf53a01191478f26ccf00c877528ac2dcecf8cea91c1ee67aa49721351839fbc0a8fd976abc65438225bd6a39e6ef2e905977225","2026-04-30T22:45:00.000","2026-04-30T23:00:00.000","726","5.12",,,"76","76","15.25","0","0","5","20.25","Cash","5 Star Taxi","41.980264315","-87.913624596","POINT (-87.913624596 41.9802643146)","41.980264315","-87.913624596","POINT (-87.913624596 41.9802643146)"
"b7c0664f4ffe460e29c3547bd8592e956c660f6d","88977855bbb1a376d39d870268a92a6c01a9d3bedbc73d960c4042b08aaf9ee0b7869b7d2e757d160f770d56b2f35a9b85820f6beeaa4fc2e802c0bc7057c46d","2026-04-30T22:45:00.000","2026-04-30T23:15:00.000","1137","14.55","17031980000","17031842300","76","24","36.25","8.15","0","4","48.9","Credit Card","Taxicab Insurance Agency Llc","41.97907082","-87.903039661","POINT (-87.9030396611 41.9790708201)","41.89830587","-87.653613982","POINT (-87.6536139825 41.8983058696)"
"b80f7cf20041bd6cad56e5236940369560aa04e4","5f0d6a987785a46d187f154408b16d8b39d8733e09d5271d1cc7e7759715c7c495a4e266153fa28a12db178aef1c2554b9223c868f08de9523bc873f07277526","2026-04-30T22:45:00.000","2026-04-30T22:45:00.000","277","0.96","17031320100","17031280100","32","28","5.75","1.45","0","1","8.7","Mobile","Taxicab Insurance Agency Llc","41.884987192","-87.620992913","POINT (-87.6209929134 41.8849871918)","41.885300022","-87.642808466","POINT (-87.6428084655 41.8853000224)"
"f1670e5a11dede1616aed25af731a1cb6822f789","42bfc19863617733aaa5ef96de670e3307690921a42d3df9e13ff7a35fa621088d7656cf297d3bb44306fa4ebc03bc631afc3c050b0562dea4b0b833e85818d2","2026-04-30T22:45:00.000","2026-04-30T23:00:00.000","873","3.64","17031081201","17031833000","8","28","13.81","0","0","0","14.31","Mobile","Sun Taxi","41.899155613","-87.626210532","POINT (-87.6262105324 41.8991556134)","41.88528132","-87.6572332","POINT (-87.6572331997 41.8852813201)"
"f1bfbf6bb0d88a7aa22cf05ceb2bd74c4a60346a","da1ddce066f7f02d7f134cb4b049fa71f94412f4b8e2af057bb32e3bdee7c42bd5cfbe02ba45de8fa62b1eabef705f7958c020a6e7ac6051ee61d88e4cf32779","2026-04-30T22:45:00.000","2026-04-30T23:30:00.000","2042","20.31","17031980000",,"76",,"49.75","5","0","35","90.25","Credit Card","5 Star Taxi","41.97907082","-87.903039661","POINT (-87.9030396611 41.9790708201)",,,
"b599dea10d2c5260ddc144120e69e053003bf4ed","53d18a0c85f3bf6b56ae7d2da5a5f3885d15ac664d5a340f9329a26ee0e38c1543e26f8b28530a9a12afd13b164baa9764a9417d96e981f041199449941ab912","2026-04-30T22:45:00.000","2026-04-30T23:30:00.000","2340","14.6",,,,,"38.5","7","0","4","49.5","Credit Card","Taxicab Insurance Agency  LLC",,,,,,
"93b68d353a57ef364fd7953f554239bec81a66d6","1226e3d8b86299171525b37f43403bc64e9fa3f8aa450209dd7d40a968237353b605ae9085f43da45cc896cb43a4371c3952e92bdc2ea7600c9e95fcdd297f2c","2026-04-30T22:45:00.000","2026-04-30T23:00:00.000","1423","12.78",,,"76","5","32.75","11.18","0","4","48.43","Credit Card","Sun Taxi","41.980264315","-87.913624596","POINT (-87.913624596 41.9802643146)","41.947791586","-87.683834942","POINT (-87.6838349425 41.9477915865)"
"94b8a92077a07d2022b668d9f9d6e1672fbbcc47","1aa27355c709dc0cba3790a2549861c6b7864165ccf0200acea758474b04eb0c3d30bb4b69311843dff9944351170a4d0d707b2e7bd4aef1c5979b050925d38d","2026-04-30T22:45:00.000","2026-04-30T23:00:00.000","897","0",,,,"7","5","0","0","0","5","Cash","Tac - Yellow Cab Association",,,,"41.922686284","-87.649488729","POINT (-87.6494887289 41.9226862843)"
"92d6a80f91c3d21adc97ac62a326c8c20a535ba3","4030b29dd1ab83d0c992425e312f2f93405cfc7d07f8888c63f24372c957102285d867adb5654b0271719ab1854bd31951dbdd9293fd7ad1cbe39f41d39d115d","2026-04-30T22:45:00.000","2026-04-30T23:00:00.000","898","5.55",,,"33","7","20.09","0","0","0","20.59","Mobile","Flash Cab","41.857183858","-87.620334624","POINT (-87.6203346241 41.8571838585)","41.922686284","-87.649488729","POINT (-87.6494887289 41.9226862843)"
"b420396e3557b642f4718b43a8a58688de16982c","27949a905445bfe98c8d8250aa84382cc91a23a252b3b15b2fb9fa66341454f91c0ae753c3006ef59f91eae92598917f2c05c49570a33d58c4c130a38e27bd65","2026-04-30T22:45:00.000","2026-04-30T23:00:00.000","1560","12",,,"56","8","31.5","7.1","0","4","42.6","Credit Card","Transit Administrative Center Inc","41.79259236","-87.769615453","POINT (-87.7696154528 41.7925923603)","41.899602111","-87.633308037","POINT (-87.6333080367 41.899602111)"
"ed3fc75855c373e4ba34d1df6f9f08db348b04e1","a325b14b280bbfdff06d740fb9ef083a12af4310f364020ea9b5eba3cb45fa79086de21ccaeca0ca83dd96c3454385d99e12aca779663208b1ea50edc8244856","2026-04-30T22:45:00.000","2026-04-30T23:30:00.000","2460","16.5",,,"76","28","40.5","11.25","0","4","55.75","Credit Card","Transit Administrative Center Inc","41.980264315","-87.913624596","POINT (-87.913624596 41.9802643146)","41.874005383","-87.66351755","POINT (-87.6635175498 41.874005383)"
"7fe688f136747675096062cd1a71567c24f417e7","a571f38b99425482899e6be7e4bc0c7573e95b86ef92ab30a442ef7e78fb2aa9d3518fe7f2bd22b692eb63a50f95df64d2e6d88059fe9eb0654f14ccc3083294","2026-04-30T22:45:00.000","2026-04-30T23:00:00.000","1012","7.26",,,"56",,"20.5","0","0","5","25.5","Cash","Taxicab Insurance Agency Llc","41.79259236","-87.769615453","POINT (-87.7696154528 41.7925923603)",,,
"918e348a03b70681212ec01caeeeb4d571342a01","00c152d49563ae56e208fde25f6c65b08511d0f50259d1d902901595502fc63779169df8a8e232c444151efd3aa8fc404272dc3956cf0dedfedccea5c7cfe024","2026-04-30T22:45:00.000","2026-04-30T22:45:00.000","566","3.55",,,"76",,"11.5","3.2","0","4","19.2","Credit Card","City Service","41.980264315","-87.913624596","POINT (-87.913624596 41.9802643146)",,,
"ec470b6da9461fc2f378cf2875d11b44dfd7d279","adb1cb74113851b651b474182fbe95a9663783779db8cca0fdc3ff7ac82cc8fe5d864b7f86a995c64e405fa6c89cd87d00b458108ebe0c62bc23c4c79e61da46","2026-04-30T22:45:00.000","2026-04-30T22:45:00.000","475","1.27","17031320100","17031320600","32","32","9.5","1.45","0","0","11.45","Mobile","5 Star Taxi","41.884987192","-87.620992913","POINT (-87.6209929134 41.8849871918)","41.870607372","-87.622172937","POINT (-87.6221729369 41.8706073724)"
"4a1881ee30930d74a4b2f36463a17c8115c6ea59","6e40306a3a76d2e41f2530cc314ecfbd2520aae13202d7fcef97373649d1f5631936ac2b91bdfc48617f8837dc331171eaf7915604b75c8aa40ee707b68ad0da","2026-04-30T22:45:00.000","2026-04-30T23:00:00.000","1092","0",,,,"67","10.75","0","0","0","10.75","Cash","Tac - Blue Diamond Dispatch",,,,"41.775928827","-87.666596265","POINT (-87.6665962653 41.7759288274)"
"72949c6519c320c433f6be85cd6d6aaa329b4895","687e4d96be3cc961be4ce4608d2ad3bfadf54e3bbe80d706e066fd268dea4bce387cfa66ad249143808d0fed4ac39b01ea5e1d00faca6f07496eabd519ad812f","2026-04-30T22:45:00.000","2026-04-30T23:15:00.000","1444","0.92",,,"7","7","12","0","0","0","12","Cash","City Service","41.922686284","-87.649488729","POINT (-87.6494887289 41.9226862843)","41.922686284","-87.649488729","POINT (-87.6494887289 41.9226862843)"
"3a250ca11224af78a880013352d5f00e775d75ab","dd38b7cebd5414ae2b17595c68048ff8745c5147487c6c21819daf489517055192acf8e79b37a52b929601021940f63b5fcae96aa07346acff8bc4298fdc9be6","2026-04-30T22:45:00.000","2026-04-30T23:00:00.000","1140","3.6","17031330100","17031080100","33","8","18.62","0","0","0","18.62","Credit Card","Transit Administrative Center Inc","41.859349715","-87.617358006","POINT (-87.6173580061 41.859349715)","41.907520075","-87.6266589","POINT (-87.6266589003 41.9075200747)"
"b317a3d1175b0d67dd47d93ce272be66507bea74","3ca436ef5f4b97b724c781602661edf78ea482d9752197c02d276feb39fbd7506084d2eeb32b721c0be9f76bfe585f6c245f3be2d416449ccbeb1ec368876839","2026-04-30T22:45:00.000","2026-04-30T22:45:00.000","82","0","17031081403","17031081403","8","8","23.2","0","0","0","23.7","Mobile","Globe Taxi","41.890922026","-87.618868355","POINT (-87.6188683546 41.8909220259)","41.890922026","-87.618868355","POINT (-87.6188683546 41.8909220259)"
"b33fc7c463604296ab0334a362c699c676da17ba","ebcc9ba7a913bf2458b5753d5fedc3f8a66cf9448a632745d2f88db6cc972ad6b8746ab4c2c91ba793d23b9b8b4333ad5736d457df1e0887bba9a52aff3874e5","2026-04-30T22:45:00.000","2026-04-30T23:00:00.000","694","2.67","17031330100","17031839100","33","32","12.69","0","0","0","13.19","Mobile","Sun Taxi","41.859349715","-87.617358006","POINT (-87.6173580061 41.859349715)","41.880994471","-87.632746489","POINT (-87.6327464887 41.8809944707)"
"546ea235ab6f19c1c78b429aacc7cf9a29a4047c","d7534c97e331fcad0e0c767f60c265b7396e0e40c732926b154dbaff9ae6784969e1db9de8be2bc323b161aa74d314302df04ab5e3dad986fded980d32ab2646","2026-04-30T22:45:00.000","2026-04-30T23:15:00.000","1668","17.51","17031980000","17031081500","76","8","43.5","12","0","4","60","Credit Card","Chicago Independents","41.97907082","-87.903039661","POINT (-87.9030396611 41.9790708201)","41.892507781","-87.626214906","POINT (-87.6262149064 41.8925077809)"
"916437b95944eaf4b2ab90b0c1dff73ce3125f09","b0c2db08b6f6bf8d19a6412bc3c5023d9810394b71d12f63dbb3237b9c6b490adbf9d36d2aba22abbcd1981275609f15e480aabc0ba116d9d627ebbfbb6862c2","2026-04-30T22:45:00.000","2026-04-30T22:45:00.000","28","0.03",,,"8","8","3.25","0","0","0","3.25","Cash","Flash Cab","41.899602111","-87.633308037","POINT (-87.6333080367 41.899602111)","41.899602111","-87.633308037","POINT (-87.6333080367 41.899602111)"
"4678f144b395dc0777a0a1d52f32f97f5cc013bf","7e179f8ef66ae99ec2d1ec89224e0b7ee5469fe5627f6dc2e8b9f1843e432dc471d29f9c22edef4dcc3d22060f4818321e988f698797827307339a0953b30ed4","2026-04-30T22:45:00.000","2026-04-30T23:00:00.000","735","3.03",,,"6","21","11","0","0","0","11","Cash","Flash Cab","41.944226601","-87.655998182","POINT (-87.6559981815 41.9442266014)","41.938666196","-87.711210593","POINT (-87.7112105933 41.9386661962)"
"3b3e4e73c91917652c500716fe77c7c9a6c6c902","ef41432a731d4324591f1de0f8ffb0121cbb1c3dade0e3bc20b40551e4a748abc2708de507181c174a5549a60eaea95b9c673356eca438d8aa74636cd3ee9228","2026-04-30T22:45:00.000","2026-04-30T23:15:00.000","1587","14.83",,,"56","42","38","0","0","4","42","Cash","Sun Taxi","41.79259236","-87.769615453","POINT (-87.7696154528 41.7925923603)","41.77887686","-87.594925439","POINT (-87.5949254391 41.7788768603)"
"f9c1e6b38658bc26d8a4a874fb803053304d3052","693d50a88a25eeb78492f4619f5a6ecdde75f947ed8cc04d371c44baf3c2c86e90202bf88d14bfad9f82df4703e747dfd66e7cddf07208a5e24fc96e8a75239f","2026-04-30T22:45:00.000","2026-04-30T23:00:00.000","480","1","17031320100","17031081403","32","8","6.5","0","0","0","6.5","Cash","Transit Administrative Center Inc","41.884987192","-87.620992913","POINT (-87.6209929134 41.8849871918)","41.890922026","-87.618868355","POINT (-87.6188683546 41.8909220259)"
"e807444aca7e4b821a3f8d2a4debd067c63033db","21f210e0f7e9291dd7f3643f0130d0221f153dc8d9ba615181d97c1350126f3d017139b6f9b5a3e04ac3b529bdb82c6632540b1ec7a8490190a5d4c7604e25d1","2026-04-30T22:45:00.000","2026-04-30T23:00:00.000","839","2.7",,,"8","24","10.75","3","0","0","14.25","Credit Card","Wolley Taxi","41.899602111","-87.633308037","POINT (-87.6333080367 41.899602111)","41.901206994","-87.676355989","POINT (-87.6763559892 41.9012069941)"
"64e39eba535f49b6e705b3872efece4b6503b5b9","6a23e62ff9add07c054168d9bb0ee5c00d1a4306b3467c98f31501bb7298646ba50c1f8c8b59344393a10b79067a115eb2611486a25fb20e02dc2c92b69fcef4","2026-04-30T22:45:00.000","2026-04-30T23:00:00.000","240","0","17031081500","17031081401","8","8","8","0","0","0","8","Cash","Transit Administrative Center Inc","41.892507781","-87.626214906","POINT (-87.6262149064 41.8925077809)","41.89503345","-87.619710672","POINT (-87.6197106717 41.8950334495)"
"b28a038e9a7efc3320bb57a72ddb724bca335694","d4e172502a18df80190c19176a06c0d9344f71abdbe521e964ad99caae1c73860f3f1f7cc96e1dcac410fbe9aba385af639ef03c028b0453429bbfb67e78010b","2026-04-30T22:45:00.000","2026-04-30T23:30:00.000","2180","10.93",,,"33","1","31.5","0","0","0","31.5","Prcard","Globe Taxi","41.857183858","-87.620334624","POINT (-87.6203346241 41.8571838585)","42.009622881","-87.670166857","POINT (-87.6701668569 42.0096228806)"
"15d013025c6dd94ef383e2cfe0a726df06a3c540","03cfe911366a3ec59f30b328348efcbcb5a55aabe3befeb0338b2655928e4da049a6cbaf6412ef5aed2ace6b67dd3e84c2e5d7507b50797b886796d051f1a893","2026-04-30T22:45:00.000","2026-04-30T23:00:00.000","1365","13.88",,,"8",,"35.25","0","0","0","35.25","Prcard","Flash Cab","41.899602111","-87.633308037","POINT (-87.6333080367 41.899602111)",,,
"e853b8d5b0358967f198dbf71f02bf982e5b3615","0ccfc1f0f221ef68515db37020162334fcf99e9a7ccde2327823c9b43d09033020d1d4627af68268781594424c020042f5e95ca16acccf25aaf13281e8eefe75","2026-04-30T22:45:00.000","2026-04-30T23:00:00.000","377","0.93","17031081700","17031081300","8","8","7.09","0","0","0","7.59","Mobile","Sun Taxi","41.892042136","-87.63186395","POINT (-87.6318639497 41.8920421365)","41.898331794","-87.620762865","POINT (-87.6207628651 41.8983317935)"
"eccbc35f1b24f946aee235faae8cfe61e07a959e","e285c667a98b7debef94575d342f30dfe750bde84af57f22146752d6efd191399772a06b593576e2eee5c8530005880dadcf0c918112dbf70bd7a2ddb6fb5e55","2026-04-30T22:45:00.000","2026-04-30T23:15:00.000","1835","17.61",,,"76","8","58.25","6","0","0","64.75","Credit Card","Taxicab Insurance Agency Llc","41.980264315","-87.913624596","POINT (-87.913624596 41.9802643146)","41.899602111","-87.633308037","POINT (-87.6333080367 41.899602111)"
"218b98834b21bc8e1395a6128328ed863921e8bd","deec568f18d18fb40292b918b82311ac8006ada6a8a1fff177f4bab2b5925b4c0712813919884a696c8fa2bde1d0a283d372f72024785b3d9ef2b8d18857b0b4","2026-04-30T22:45:00.000","2026-04-30T23:00:00.000","1071","6.28",,,"8","24","17.07","0","0","0","17.57","Mobile","City Service","41.899602111","-87.633308037","POINT (-87.6333080367 41.899602111)","41.901206994","-87.676355989","POINT (-87.6763559892 41.9012069941)"
"f32ca7bbc8c76b7c421428c0a2b9e5f068427615","c3ebfce9cb4f64d18d29e3e416e9f64dfe671eb8226d44719da28eff8fb2204be6684d86097d4ebc3eb951e8e21977035ecbcc5d96bce6105af21c56d794322a","2026-04-30T22:45:00.000","2026-04-30T23:15:00.000","1420","7.5",,,"28","3","27.88","0","0","0","28.38","Mobile","Globe Taxi","41.874005383","-87.66351755","POINT (-87.6635175498 41.874005383)","41.96581197","-87.655878786","POINT (-87.6558787862 41.96581197)"
"8f8d27af940a0ce7c5f97f620563b43dfef396bc","87a017eedd299c9b5df098aa1d777cdefaf5d93c3c5e7c39c9e65dca8ec6d1b7065cc7076dd3ba437dc9c2ed030b0a3c21ff908d1e711efe6c91bdda05f3b23e","2026-04-30T22:30:00.000","2026-04-30T23:30:00.000","3480","18.3",,,"56","3","51.75","11.15","0","4","66.9","Credit Card","Chicago City Taxi Association","41.79259236","-87.769615453","POINT (-87.7696154528 41.7925923603)","41.96581197","-87.655878786","POINT (-87.6558787862 41.96581197)"
"8f9f0cd15110eaa10630fc7bdbc4ca7f45589e12","df7451c41ae34d5df211c1e00487f0b91fbdd6d0e9e15692e146397dea00b22d1f2c8ce1da1fbb1bfbacf9c1e84cd11ceef5755ae6c4832e241d15ce6af2d268","2026-04-30T22:30:00.000","2026-04-30T22:45:00.000","699","1.9","17031081500","17031330100","8","33","9.25","0","0","0","9.25","Cash","Taxicab Insurance Agency Llc","41.892507781","-87.626214906","POINT (-87.6262149064 41.8925077809)","41.859349715","-87.617358006","POINT (-87.6173580061 41.859349715)"
"e4b96d2e12631bbff1a11d909863f2425dc5f57f","ab44501ecc8f9ff89c3550d26b04014a7f70640b0691cf9a8845d90f6f237b4591f32cb1147b79777c45a650d4b872b0cab9e0a757cae22b5ad9e364846bcac1","2026-04-30T22:30:00.000","2026-04-30T22:30:00.000","430","1.71",,,"8","7","9.5","3.39","0","0","13.39","Mobile","Sun Taxi","41.899602111","-87.633308037","POINT (-87.6333080367 41.899602111)","41.922686284","-87.649488729","POINT (-87.6494887289 41.9226862843)"
"b07f01d6551284dffce28eb3ea4762cae1b56602","26098afc7c6fc2d9e067c502b4a101289d018978ba915788b3f946d5db3e78d9b683ef49a1a02440950345c0361a4e6175536969cd31aa99193a9467be23f593","2026-04-30T22:30:00.000","2026-04-30T22:30:00.000","0","0","17031081403","17031081403","8","8","3.25","0","0","0","3.25","Cash","Transit Administrative Center Inc","41.890922026","-87.618868355","POINT (-87.6188683546 41.8909220259)","41.890922026","-87.618868355","POINT (-87.6188683546 41.8909220259)"
"71bdfb6a34bb9b2ad4f0cfb4dd2ff28689a3072f","adb1cb74113851b651b474182fbe95a9663783779db8cca0fdc3ff7ac82cc8fe5d864b7f86a995c64e405fa6c89cd87d00b458108ebe0c62bc23c4c79e61da46","2026-04-30T22:30:00.000","2026-04-30T22:30:00.000","556","1.99","17031330100","17031320100","33","32","10.6","0","0","0","11.1","Mobile","5 Star Taxi","41.859349715","-87.617358006","POINT (-87.6173580061 41.859349715)","41.884987192","-87.620992913","POINT (-87.6209929134 41.8849871918)"
"583220a7a615bf23a43d45315c74b6fd23048aa5","b972ec70e50b0f04e4fa382c61337d527d0cdfcf2c3007f28776933fe723960f4f35af95829923b98de387e054b62c6e7b1d233e0783c19d80e4226f45581494","2026-04-30T22:30:00.000","2026-04-30T22:45:00.000","1200","7.4","17031281900","17031060900","28","6","21","0","0","0","21","Credit Card","Transit Administrative Center Inc","41.879255084","-87.642648998","POINT (-87.642648998 41.8792550844)","41.949829346","-87.64396537","POINT (-87.6439653703 41.949829346)"
"e3fd60c6dc0dbabdeb2a3f3ea55f5142192f8aec","0d6436587c309cd68793fd45e1ca9b82b7d076cb80abd021856cc8731bcd2a6973ec8236584cfdf6a9e4c040e3724e40b6cf1dff40875c4ae7354a517eb71360","2026-04-30T22:30:00.000","2026-04-30T22:30:00.000","360","0.4",,,"7","7","9.72","0","0","0","9.72","Credit Card","Transit Administrative Center Inc","41.922686284","-87.649488729","POINT (-87.6494887289 41.9226862843)","41.922686284","-87.649488729","POINT (-87.6494887289 41.9226862843)"
"06e87fd938f1a3e0ad2f75e37fc5b271025217d8","76c46aac3a21541622da6dcd85e3a2d41c436bfd64e041dfaa590da142f64521829a4e71897d69d682035566310f29477b2e3e730e39b87f251b21d29b5216b5","2026-04-30T22:30:00.000","2026-04-30T22:45:00.000","1059","6.95",,,"28","4","23.5","0","0","0","24","Mobile","Sun Taxi","41.874005383","-87.66351755","POINT (-87.6635175498 41.874005383)","41.975170943","-87.687515515","POINT (-87.6875155152 41.9751709433)"
"8ee4ac5c0bacb5d6373a050c13a5880936e99fe0","0d6436587c309cd68793fd45e1ca9b82b7d076cb80abd021856cc8731bcd2a6973ec8236584cfdf6a9e4c040e3724e40b6cf1dff40875c4ae7354a517eb71360","2026-04-30T22:30:00.000","2026-04-30T22:45:00.000","600","1.7",,,"7","6","9.52","0","0","0","9.52","Credit Card","Transit Administrative Center Inc","41.922686284","-87.649488729","POINT (-87.6494887289 41.9226862843)","41.944226601","-87.655998182","POINT (-87.6559981815 41.9442266014)"
"e3f05c7b5d11704e93728eedcc36a45e882f6158","db082c26203779f867e87e701c3c8dfebe3611670decbb96153651587a91e255ea0ab461508c603c164d4a70a0fb92099744f959a2ca6c4d3c15c3e8ce871a28","2026-04-30T22:30:00.000","2026-04-30T22:45:00.000","1223","10.22",,,"8","43","32.48","0","0","0","32.98","Mobile","Flash Cab","41.899602111","-87.633308037","POINT (-87.6333080367 41.899602111)","41.761577908","-87.572781987","POINT (-87.5727819867 41.7615779081)"
"28e77e732165012d1ca7cf485bdd5d6ef08b7475","f0d6376865e19a2dae04d7d5401649247eb526372356ac1effde0d73c4a46620829f36ddfdd3abdd2a9d68b6ee43812935341de11113d38c91f6a60ffd59b15d","2026-04-30T22:30:00.000","2026-04-30T22:30:00.000","640","1.42","17031839100","17031320600","32","32","9.41","0","0","0","9.91","Mobile","Taxicab Insurance Agency Llc","41.880994471","-87.632746489","POINT (-87.6327464887 41.8809944707)","41.870607372","-87.622172937","POINT (-87.6221729369 41.8706073724)"
"63b3a7827afbb2a0afa9f1b574f6e58854c528ba","780424fddffb94d4d8541780c7ad1a953ef87d12a20defd8dc6acf00a5d72b2ec302bd09117e3d4bbbbf9efcd6918f3f0ea7a46b98a4f009b380ce17e46df7a6","2026-04-30T22:30:00.000","2026-04-30T23:00:00.000","1663","13.77",,,"56","7","36","8.1","0","4","48.6","Mobile","Globe Taxi","41.79259236","-87.769615453","POINT (-87.7696154528 41.7925923603)","41.922686284","-87.649488729","POINT (-87.6494887289 41.9226862843)"
"aeb764e29c16df58552f5c4cb6e61a075b08acf5","6b6f2ce183a7e77eef94b47c394a3406b38810e76267db09fb51587939b5177027149488f831905f2008ad3dc3528e193ae17cc419ea0de09df614e93a09aeed","2026-04-30T22:30:00.000","2026-04-30T22:45:00.000","1375","9.21",,,"76",,"25.5","0","0","8","34","Credit Card","Blue Ribbon Taxi Association","41.980264315","-87.913624596","POINT (-87.913624596 41.9802643146)",,,
"e21eb150365144efda189bacf770caff235d4422","fbaffead610ff2c1399de672ab9c0be66b2305352b22e373a2f2ed4798c45cd6d1d53bfc1d3187ecddacbe0dd59c7b115b4bc7f3a7e159c4b333f0a25164618f","2026-04-30T22:30:00.000","2026-04-30T22:45:00.000","429","1.44","17031320100","17031839000","32","32","10.38","0","0","0","10.88","Mobile","Medallion Leasin","41.884987192","-87.620992913","POINT (-87.6209929134 41.8849871918)","41.87101588","-87.631406525","POINT (-87.6314065252 41.8710158803)"
"28b6ea73ca0bf1b3de3d560230dd5a03b4cb60a5","2fafc7aa7846c8562bbc8f919586ac42f20bde0c06bf147f3e3dffc3220fc6ed9b4ca7af0c9d7afc1081c7efb7d1073068dbf74aedd0193cd2aeb3ebfba85b74","2026-04-30T22:30:00.000","2026-04-30T22:45:00.000","1391","7.21",,,"32","3","22","4.5","0","0","27","Credit Card","Sun Taxi","41.878865584","-87.625192142","POINT (-87.6251921424 41.8788655841)","41.96581197","-87.655878786","POINT (-87.6558787862 41.96581197)"
"948eebc831e5f89f87a726689e9368af58ee827f","af6fed00f40ccaeabf990aca8ad19696c7f4d989805167471d060d8ea726471cfd8e9e13cf5a0e0e0724d274d1f79d389760e7d60710500cbf65ff23903eb301","2026-04-30T22:30:00.000","2026-04-30T22:45:00.000","884","4.13","17031980000","17031806600","76",,"30","6.9","0","4","41.4","Credit Card","Sun Taxi","41.97907082","-87.903039661","POINT (-87.9030396611 41.9790708201)",,,
"579c62cefcb46d83e48e1acf23e429df8160ec99","d2a9362483decbe7b2d28d38ff371f05fafd542a60e8c9e4d5e3150e2c0b41b9e2b69e561807859b9ccb8c0f27922c183460b9f858df03f53b9656b8b829ceb1","2026-04-30T22:30:00.000","2026-04-30T22:30:00.000","436","0.94","17031081403","17031081700","8","8","7.21","0","0","0","7.71","Mobile","Flash Cab","41.890922026","-87.618868355","POINT (-87.6188683546 41.8909220259)","41.892042136","-87.63186395","POINT (-87.6318639497 41.8920421365)"
"8d5043be9e3b48f0c342cb5b2109e4f1c195ea7e","0fdab9be71f6d88e3d3a2e115afc5a33d2bf74153792c50143688a9c285f33207c6dc6d558d09b16fe1d167e979b0daffaba4f089cac2517a1fab980a4386ade","2026-04-30T22:30:00.000","2026-04-30T22:45:00.000","854","0.84",,,"8","8","8.5","0","0","0","8.5","Cash","City Service","41.899602111","-87.633308037","POINT (-87.6333080367 41.899602111)","41.899602111","-87.633308037","POINT (-87.6333080367 41.899602111)"
"20ee32065f746dd4ca1768b67e735827edfa0330","a7dec7a6a14ca3ccab983e86c6a1dda2548319b8fe218c9e032135a0664ec4b6c0383f44225c77b505c15ec11eb8680c33f23d4152131689d20c9d81c93dcfbf","2026-04-30T22:30:00.000","2026-04-30T22:30:00.000","5","0",,,,,"50","10.1","0","0","60.6","Credit Card","Flash Cab",,,,,,
"e2d53f21565448738f2fbe6db85df3e9bd24fbbc","75cf3a53aae5e5858361a7ca64f75d3407dc0a44d7bc42843fd566a614cf1adcb57d543a15db44103c4801f879ceb236261b336079807dbfd2cd7a7775f166dc","2026-04-30T22:30:00.000","2026-04-30T23:15:00.000","2598","13.17",,,"8","69","34.86","0","0","0","34.86","Cash","Flash Cab","41.899602111","-87.633308037","POINT (-87.6333080367 41.899602111)","41.763246799","-87.616134111","POINT (-87.6161341112 41.7632467988)"
"dffe354e0ae8db6caa6f959e24550d840080013b","0090787181662a792d7a7adbc00cf267181d2d55994971ee4278edb91a8990d3680a598f256abb9fea2f83ed738ff8c3ad6c1bba7844fa60a3c4015e8cef04fb","2026-04-30T22:30:00.000","2026-04-30T23:15:00.000","2580","18.5",,,"76","28","45.5","12.38","0","4","61.88","Credit Card","Chicago City Taxi Association","41.980264315","-87.913624596","POINT (-87.913624596 41.9802643146)","41.874005383","-87.66351755","POINT (-87.6635175498 41.874005383)"
"20c0452e05ddd205db4e3db99bbff065cf577c1b","00fbd9a7e5fce4db91d74af6c82fc74f07d246b40435a71356a60c170ef136ab5f853dce0cd6a6443dc01eb817d4048e22537c521d508533b79574bad77e9c81","2026-04-30T22:30:00.000","2026-04-30T22:30:00.000","23","0.03",,,"32","32","3.25","0","0","0","3.25","Cash","Flash Cab","41.878865584","-87.625192142","POINT (-87.6251921424 41.8788655841)","41.878865584","-87.625192142","POINT (-87.6251921424 41.8788655841)"
"dfc9402e07b9f79925d7c32584d3920490cae52c","2fea69c8a6e08471bc4339a05e9ee7955bef68d791f77a202bd54f3ae41c805907d7ac13a89f86fac4494c976ca87883157baa32ea41f59056661884135f6bba","2026-04-30T22:30:00.000","2026-04-30T22:30:00.000","391","1.22","17031280100","17031833000","28","28","9.5","0","0","0","10","Mobile","Sun Taxi","41.885300022","-87.642808466","POINT (-87.6428084655 41.8853000224)","41.88528132","-87.6572332","POINT (-87.6572331997 41.8852813201)"
"50525f8909be12423dca1ed4a920d0a023840815","c55c7bdda5396af54fec98ebc976a0cbc1122339bceb8ddfd937b4728cce951449cb7aaba8bd1f2fd353da1b31fd655e28b15109db84326593a1be55f2664912","2026-04-30T22:30:00.000","2026-04-30T23:00:00.000","1491","10.86",,,"76","16","28.75","5.98","0","4","39.23","Mobile","Taxicab Insurance Agency Llc","41.980264315","-87.913624596","POINT (-87.913624596 41.9802643146)","41.953582125","-87.72345239","POINT (-87.7234523905 41.9535821253)"
"41cd3e0a0fa6884f3381576cfd87864a4021119a","19ccfdbec42380e8beda815e0a69bd92aaec6bc398264321fc2709fc30341d7d104e9690095764df21562c26e35ee94b3e9e0696ce56918b09640c245a4d9121","2026-04-30T22:30:00.000","2026-04-30T23:00:00.000","1560","5.5","17031980100","17031839100","56","32","31","0","0","5.5","36.5","Cash","Taxicab Insurance Agency  LLC","41.785998518","-87.750934289","POINT (-87.7509342894 41.785998518)","41.880994471","-87.632746489","POINT (-87.6327464887 41.8809944707)"
"def6c2d6ae2bd4e13f58b409c111f2e1eae92ab1","071d031c64f608418d27905c9ffe95bf52695615683d5f4e7072ed77fe2757fe623e369ce677a96e4535360841f5f1ad3f1d6de25ecb0e47e8848ec83bce4da3","2026-04-30T22:30:00.000","2026-04-30T22:45:00.000","312","2.33",,,"7","6","13.42","0","0","0","13.92","Mobile","Flash Cab","41.922686284","-87.649488729","POINT (-87.6494887289 41.9226862843)","41.944226601","-87.655998182","POINT (-87.6559981815 41.9442266014)"
"09e291495f6d39dc837a4ba02024797667500974","9290a8430ba3e8061554627a9b1ebc78fd78a446a92b55f693e94316ea69930e29180297a7df363fffe70f0b36e64b319e858a24ceffcbcb690d428779d6fd94","2026-04-30T22:30:00.000","2026-04-30T22:30:00.000","0","0","17031081500","17031081500","8","8","3.25","0","0","0","3.25","Cash","Transit Administrative Center Inc","41.892507781","-87.626214906","POINT (-87.6262149064 41.8925077809)","41.892507781","-87.626214906","POINT (-87.6262149064 41.8925077809)"
"ac1102118e9c58e16083bc2c15352c3455766330","135ae3e27e645db0d93702c52df40e6f0ae8b88c87869bdd6a7585a84ee4ed72641efefe7dd2d0bae191a6a6cb59f1da77fd207adffb4802e7042c296fa0e1a9","2026-04-30T22:30:00.000","2026-04-30T22:45:00.000","1249","7.32",,,"41","32","26.69","0","0","0","27.19","Mobile","Flash Cab","41.794090253","-87.592310855","POINT (-87.592310855 41.794090253)","41.878865584","-87.625192142","POINT (-87.6251921424 41.8788655841)"
"267b235efbc11e5743df235be31da519815c2dad","a712fead8a31c26ab7948b116a760ac22af166d63d2fc272bdb1ab031df2d1338737144b4571723cda5d05f0cabfc94803fd6911a1b6bd3df9e97847e8bba6f7","2026-04-30T22:30:00.000","2026-04-30T23:00:00.000","1931","15.64",,,"76","7","39.75","8.85","0","4","53.1","Credit Card","City Service","41.980264315","-87.913624596","POINT (-87.913624596 41.9802643146)","41.922686284","-87.649488729","POINT (-87.6494887289 41.9226862843)"
"58be3afcd260c7e6a3739a56ded193d1742b8284","599e7935e8f7321862152296420d8552c36d7fe97517f0bec1048c18ed7f2a434e06c55f5e16e5ec5d1da15f02eb49079258d610b196bd9eb0cf4183166878e4","2026-04-30T22:30:00.000","2026-04-30T23:00:00.000","1337","13.09","17031980000",,"76",,"32.75","13.31","0","20","66.56","Credit Card","Flash Cab","41.97907082","-87.903039661","POINT (-87.9030396611 41.9790708201)",,,
"10ae1d29495010833e31eba3ca76513458f263f8","1f041942ef7c61fea34c62c89aea8231e4277ca158d54ef1a738be59f3099e32f7f6626f22cdd82e425bdff13f179feb3f1b12f34b8c1addd999239551c17d2d","2026-04-30T22:30:00.000","2026-04-30T22:45:00.000","765","4.11",,,"8","28","15.57","0","0","0","16.07","Mobile","Flash Cab","41.899602111","-87.633308037","POINT (-87.6333080367 41.899602111)","41.874005383","-87.66351755","POINT (-87.6635175498 41.874005383)"
"1c6b8c4062031e7b07c0a64e420e9bd58c9c26b1","deec568f18d18fb40292b918b82311ac8006ada6a8a1fff177f4bab2b5925b4c0712813919884a696c8fa2bde1d0a283d372f72024785b3d9ef2b8d18857b0b4","2026-04-30T22:30:00.000","2026-04-30T22:30:00.000","520","1.07","17031081600","17031320100","8","32","6.75","3","0","0","10.25","Credit Card","City Service","41.892072635","-87.628874157","POINT (-87.6288741572 41.8920726347)","41.884987192","-87.620992913","POINT (-87.6209929134 41.8849871918)"
"172a1ecc1f9025a99949e8ec0b7484e97e71ee68","95d79f76bb7fe4bf9d4b93f501408e2cbe75db5f7a4aec57c560298deadd90a32c726e150cad26b6dfd0c7bd70dd99b146df23897b84a16ea4c88064ff08b340","2026-04-30T22:30:00.000","2026-04-30T23:00:00.000","1987","16.88","17031980000","17031080100","76","8","42.25","0","0","7.89","50.14","Cash","5 Star Taxi","41.97907082","-87.903039661","POINT (-87.9030396611 41.9790708201)","41.907520075","-87.6266589","POINT (-87.6266589003 41.9075200747)"
"8ac90027af9697b467018d3d6b1ef52ee2886b01","58ba68a5ed675f1dd391281aa8853366f7759face1a388abf6b64c8a9e5f24d65de820eb60b293a3a8b6dbd48e8019439535d20faf2576989701a5936c4e77b8","2026-04-30T22:30:00.000","2026-04-30T22:30:00.000","300","0.8",,,"8","32","7.56","0","0","0","7.56","Credit Card","Transit Administrative Center Inc","41.899602111","-87.633308037","POINT (-87.6333080367 41.899602111)","41.878865584","-87.625192142","POINT (-87.6251921424 41.8788655841)"
"d99b95f37af11c197e921a4a81c19f55a9fce6af","8023557dc87c352423d1acd20c4f6e8390d29f01902c2373f3098571125397d4b081e980e10361dde63a16a1d422175aa1589d6bd9bdffe99fcd59ebaea2ab08","2026-04-30T22:30:00.000","2026-04-30T23:00:00.000","1746","14.63",,,"76","24","37.75","0","0","6.5","44.25","Cash","Flash Cab","41.980264315","-87.913624596","POINT (-87.913624596 41.9802643146)","41.901206994","-87.676355989","POINT (-87.6763559892 41.9012069941)"
"d721c0210e5b29e5637094fe79013cf44994c821","223702c6155649517dcb9f4860ae0fa2669903bbe7d54fae5475cd9677fc8230ad3f1bf9721b88063fb7a3e7b153de9a2e27521d15392ae203f9b17169833607","2026-04-30T22:30:00.000","2026-04-30T22:30:00.000","240","0.9","17031320400","17031081500","32","8","5.25","0","0","0","5.25","Cash","Transit Administrative Center Inc","41.877406123","-87.621971652","POINT (-87.6219716519 41.8774061234)","41.892507781","-87.626214906","POINT (-87.6262149064 41.8925077809)"
"2be41defb04fe1aad28505d443acdf172d5c980b","84957c8960b674346784746bbc1d48cafff4976b162323d6bcd9cfa9ab5ebe8cb2956d54d7700d256e27f7fc2740ca2442e01592e4b4ccf48ba8f5bd267cc1e0","2026-04-30T22:30:00.000","2026-04-30T23:15:00.000","1997","17.85",,,"3","44","51.56","0","0","0","51.56","Cash","Flash Cab","41.96581197","-87.655878786","POINT (-87.6558787862 41.96581197)","41.740205756","-87.615969523","POINT (-87.6159695226 41.7402057565)"
"d6ef1a827ca995ae314a8cfa6353bb03c0e677cf","6551ba527f916e0b8187165d7e61705fc2641c9b3afd699f8bcf626970b1b9a9716a4602a084a254d9bcce8912eae21472ce82742c2479742528dfe7328309c7","2026-04-30T22:30:00.000","2026-04-30T23:00:00.000","1574","14.84",,,"76",,"37.75","9.68","0","26.25","74.18","Credit Card","Flash Cab","41.980264315","-87.913624596","POINT (-87.913624596 41.9802643146)",,,
"1969345e3b842a5857c57baf8358d9d0dddd021c","d743f0d95b31db0a9b399c91f0d9ed65afcc768406ebbb18f437dea811e80856183c076ae849654052309cff138fec1b18e59c72c42c1d4f45459f96b5fb103b","2026-04-30T22:30:00.000","2026-04-30T23:30:00.000","3300","17.6","17031980000","17031081201","76","8","45.25","9.95","0","4","59.2","Credit Card","Transit Administrative Center Inc","41.97907082","-87.903039661","POINT (-87.9030396611 41.9790708201)","41.899155613","-87.626210532","POINT (-87.6262105324 41.8991556134)"
"6d650348c1fcd3ac579f9d0c015aa958f6ac91bb","05d337d606e1d74e7f5fe3dbaccdd1cf9a3163b8f21780397ab42c9f0036f3121555c7fcd36fa68f96436e47806756906832dc90bc703ddb0970c422451842bb","2026-04-30T22:30:00.000","2026-04-30T23:00:00.000","2247","17.61","17031980000","17031081500","76","8","44.25","9.95","0","5","59.7","Credit Card","Sun Taxi","41.97907082","-87.903039661","POINT (-87.9030396611 41.9790708201)","41.892507781","-87.626214906","POINT (-87.6262149064 41.8925077809)"
"355345066404d78748147daafd9d74021bd8bb50","4136627ef25b9fad79910c55679c02d8e1f2a42925d29c89625b9a1b45192d184a2a2d368927e2eeccd104c0c21efb24cbe8a9d1c27bc3513911181e1c9ac216","2026-04-30T22:30:00.000","2026-04-30T22:45:00.000","1080","2.4",,,"22","8","12","0","0","0","12","Unknown","Transit Administrative Center Inc","41.92276062","-87.699155343","POINT (-87.6991553432 41.9227606205)","41.899602111","-87.633308037","POINT (-87.6333080367 41.899602111)"
"d9b79ef93260743901cc3fc0a421fa724c6f0b0c","f8f44c9d76773e3c761356078d786b151d2f206685454f64f76736d54bda25d7b9b96bb2271718561132707b3d65d14afbd26f146b8e6f659013376c82989ce0","2026-04-30T22:30:00.000","2026-04-30T23:00:00.000","1800","14.4",,,"76",,"36.75","10","3","24","73.75","Credit Card","Transit Administrative Center Inc","41.980264315","-87.913624596","POINT (-87.913624596 41.9802643146)",,,
"6ee91071db56ec5914675f4528f1670d84af70fe","aa972cd97c4aa1f6832b545cb455374068a1015ccda68cd845421c5708e502a54b503e6fa3a1328b0322184d70dc7e200f2ed0e4295c74fe5b838be5e72b52f9","2026-04-30T22:30:00.000","2026-04-30T23:00:00.000","2167","13.96",,,"76","77","36","8.1","0","4","48.6","Mobile","Taxicab Insurance Agency Llc","41.980264315","-87.913624596","POINT (-87.913624596 41.9802643146)","41.9867118","-87.663416405","POINT (-87.6634164054 41.9867117999)"
"4f4b642529021d32f49efb9a1ceae7867cbf21da","8989b51001d4b9175be9aedeb003a6a611d1a312dfe6d3f77bf51bc4371613805b7300f9573e01a705ffedb2618ff45e385b662a9389c507cddb1f0c12d43838","2026-04-30T22:30:00.000","2026-04-30T23:00:00.000","1593","12.31","17031980100","17031081403","56","8","33","6","0","4","43.5","Credit Card","Sun Taxi","41.785998518","-87.750934289","POINT (-87.7509342894 41.785998518)","41.890922026","-87.618868355","POINT (-87.6188683546 41.8909220259)"
"f7c23714084ae4e01460da646e8a4f6df3ef141f","2182f5a35823ac9d08d861dadd787f7fc399428b1b762d461df0c02d23a27005c88ee96ca30c6a21afdb8732fad57681b4107265099c17fbbb11482e0b96cd1f","2026-04-30T22:30:00.000","2026-04-30T22:45:00.000","1185","8.32",,,"76",,"23","5.5","0","4","33","Credit Card","Sun Taxi","41.980264315","-87.913624596","POINT (-87.913624596 41.9802643146)",,,
"89c2570031cf8e2292984566257481abd45b9143","15bd3003357b5782fa70b8adcb0690262b47d1ef234c124cd9137ecd4711707ad9a2e6445dd0426293fa40528c18da2f48d27d6fdac421d867055aff335b87ae","2026-04-30T22:30:00.000","2026-04-30T22:45:00.000","999","4.11",,,"7","3","15.56","5.72","0","0","21.78","Mobile","Taxicab Insurance Agency Llc","41.922686284","-87.649488729","POINT (-87.6494887289 41.9226862843)","41.96581197","-87.655878786","POINT (-87.6558787862 41.96581197)"
"db51d2a5c56f53471eef8bc7659539a4d9253e81","5cdde36a39ded2651da1686c7813baf589dac6eb873894c8d09897a60426f797790a9733c26060fcfb78ab34d938474c558db546687b5fed582732b2e120567d","2026-04-30T22:30:00.000","2026-04-30T22:45:00.000","1633","0",,,"32","3","1","0","0","0","1","Cash","Tac - Yellow Cab Association","41.878865584","-87.625192142","POINT (-87.6251921424 41.8788655841)","41.96581197","-87.655878786","POINT (-87.6558787862 41.96581197)"
"8925f1e33e591895b7c59d1ee5be7a1c7dff31aa","b889c2489ef79cdbcc7d26375dc93bdb4eb77de9f7e393990343d80168ff7bd7013ccd0b3dcd6456924ba204c257a8e145403a1f0ccc3ee9ed67e253863ac35c","2026-04-30T22:30:00.000","2026-04-30T22:45:00.000","525","3.61",,,"28","7","11.75","3","0","0","15.25","Credit Card","Flash Cab","41.874005383","-87.66351755","POINT (-87.6635175498 41.874005383)","41.922686284","-87.649488729","POINT (-87.6494887289 41.9226862843)"
"a780dc704fbfeb822d09d83694f21ee7e43c32f1","39c5b1afbd9856f33218efea0a669e7c7f8c186197b83e22ad2bce7b2339d83ba2bbfdb1b5ae01ddb17c64d6450f4507baeb350dbddf82e5bc4871519d9b33d8","2026-04-30T22:30:00.000","2026-04-30T22:45:00.000","674","2.04","17031833000","17031081403","28","8","11.87","0","0","0","12.37","Mobile","Flash Cab","41.88528132","-87.6572332","POINT (-87.6572331997 41.8852813201)","41.890922026","-87.618868355","POINT (-87.6188683546 41.8909220259)"
"04c3de408d06e74796d821027c176c9ecd29c185","da23cb9383e3ce659712920d1633a3d73b24f85ccf7d526cdbe694982af0c8a4a81147aaec2f3efecbec75ff2261a885a9c4c1c46f3b7ebc0322bc2e83028c24","2026-04-30T22:30:00.000","2026-04-30T22:30:00.000","272","0.98",,,"28","32","15","3.1","0","0","18.6","Credit Card","Sun Taxi","41.874005383","-87.66351755","POINT (-87.6635175498 41.874005383)","41.878865584","-87.625192142","POINT (-87.6251921424 41.8788655841)"
"d50439462bb1a10918a46fec7dd9385de5daf0a2","b7ac477e614f1f222f42c698e3f2841fb020060e62917217509f0d03770fa74a0684e6ca49d99a133b11b3fc7bc4ba058ee35d70c6a8c170454d1e05c889d202","2026-04-30T22:30:00.000","2026-04-30T22:45:00.000","1127","6.04",,,"76","76","17.5","0","0","6","24","Credit Card","Taxicab Insurance Agency Llc","41.980264315","-87.913624596","POINT (-87.913624596 41.9802643146)","41.980264315","-87.913624596","POINT (-87.913624596 41.9802643146)"
"aa56b5f1b94ec7b0208396f5ebf6d971697905b5","ddc0a237498a82a0803761188d0ea048623b5d91f29ad2b1ba514d1b4eec6f5bdaa2ed6e1d1df38960d9bce8935fc9cae8826d55b73261dc4f60d01af8a02617","2026-04-30T22:30:00.000","2026-04-30T22:45:00.000","491","1.48","17031281900","17031330100","28","33","7.5","2","0","0","10","Credit Card","Flash Cab","41.879255084","-87.642648998","POINT (-87.642648998 41.8792550844)","41.859349715","-87.617358006","POINT (-87.6173580061 41.859349715)"
"47332f413ed67ca41493043b3ba8e7a2eb238521","42bfc19863617733aaa5ef96de670e3307690921a42d3df9e13ff7a35fa621088d7656cf297d3bb44306fa4ebc03bc631afc3c050b0562dea4b0b833e85818d2","2026-04-30T22:30:00.000","2026-04-30T22:30:00.000","303","0.75",,,"7","6","5.66","0","0","0","6.16","Mobile","Sun Taxi","41.922686284","-87.649488729","POINT (-87.6494887289 41.9226862843)","41.944226601","-87.655998182","POINT (-87.6559981815 41.9442266014)"
"d3c5c1cf1fdadab461abf1aa23152033545cdc2d","99ec13d5d806f5f5fa7a57910f8e38d84f90630529f2f8766d65b47caae8cb7cacf3d4bb9ca6576dfa49bc45b9f0f615e79577ace618514c9c59dc52ffbf40b6","2026-04-30T22:30:00.000","2026-04-30T23:00:00.000","1259","5.53",,,"3","2","17","0","0","0","17","Prcard","5 Star Taxi","41.96581197","-87.655878786","POINT (-87.6558787862 41.96581197)","42.001571027","-87.695012589","POINT (-87.6950125892 42.001571027)"
"5f2c6562bc058b97980bd6826f5a3979c3547fc7","5a57e4c549bd2abf2adfbdb0227b67d03e3e9ad303bd63f3af6eb13d5922fe09ed079d7d578e41b78ef163bad5603c69412fc763eed8823915a69187d67efe64","2026-04-30T22:30:00.000","2026-04-30T23:00:00.000","1792","17.02","17031980000","17031833000","76","28","41.25","10.05","0","8.5","60.3","Credit Card","Chicago Independents","41.97907082","-87.903039661","POINT (-87.9030396611 41.9790708201)","41.88528132","-87.6572332","POINT (-87.6572331997 41.8852813201)"
"87f85f4ca8f7905ac584367cae8c243e8d46d0a9","c237d44351f69d2afc9dc0cbc54c7812080b78b0e6910e3e377cfb6a2ec338bdc84e791d2ad532b15ba06bd3164795153a05c2e8878839f026d9e5493899ab18","2026-04-30T22:30:00.000","2026-04-30T23:00:00.000","2025","17.41",,,,"22","43.75","12.06","0","4","60.31","Credit Card","Sun Taxi",,,,"41.92276062","-87.699155343","POINT (-87.6991553432 41.9227606205)"
"4f1c3aa846a7db5034f8f5057b084705de4445a0","847cf962bd6f62040673e6c24c24940aeb2d7fdaa54677eed6a0aaa4aeef61984916b32d763b4baa6c32476531543bb77e2346cd64f505618f6b9d562243f950","2026-04-30T22:30:00.000","2026-04-30T22:30:00.000","0","0","17031081500","17031081500","8","8","15","0","0","0","15","Credit Card","Transit Administrative Center Inc","41.892507781","-87.626214906","POINT (-87.6262149064 41.8925077809)","41.892507781","-87.626214906","POINT (-87.6262149064 41.8925077809)"
"25cfa95f736d7f5f18ad62308c808108476a721a","b14127641a021546acb76a38801c1d4589c7e30b95d156e085617eebc15b469315bb0a6414368cad53fb5732fd8eb995fa11ab364fb3a36af5bfae8d716f8826","2026-04-30T22:30:00.000","2026-05-01T08:45:00.000","36328","2.85",,,"6","2","9.5","0","0","0","9.5","Cash","Medallion Leasin","41.944226601","-87.655998182","POINT (-87.6559981815 41.9442266014)","42.001571027","-87.695012589","POINT (-87.6950125892 42.001571027)"
"55cbd381e93488b1eedd20630a0522175beb5b49","6541195d72fc76851f5588fc585d48acbc5228936f6c9a4d0930a0731eb49b4c5d86b83bf735ae55109337716511d34f6371c6bca4ae79fb0609c985d4e8e2cc","2026-04-30T22:30:00.000","2026-04-30T22:45:00.000","910","12.06",,,"34","54","30.25","0","0","0","30.25","Prcard","Blue Ribbon Taxi Association","41.842076117","-87.633973422","POINT (-87.6339734222 41.8420761168)","41.660136051","-87.60284764","POINT (-87.60284764 41.6601360507)"
"0aa4d5f369881511b5ce9235be4a803f823ce746","2780ead18beaa862cc67315ddabd9d1acaadcd6da82eba38b064d7d6f4acc260b68ef1ae3ce06dad845178107940b3493fa99640f0f70c25d15cf57336ab7b8f","2026-04-30T22:30:00.000","2026-04-30T22:30:00.000","639","1.74","17031833000","17031081403","28","8","10.65","0","0","0","11.15","Mobile","Flash Cab","41.88528132","-87.6572332","POINT (-87.6572331997 41.8852813201)","41.890922026","-87.618868355","POINT (-87.6188683546 41.8909220259)"
"d1a4d8568697fe1935eb7fde4138fbb131525d5c","6898e40854937399e0ef25dad63740d21b20593439090721b2f747b039ab24c5e74ebda726b98515a4b4c6b7dd9f87717cfc7c1b52e3a8b4d52245214f09d229","2026-04-30T22:30:00.000","2026-04-30T22:30:00.000","312","1.21",,,"42","69","45.6","0","0","0","45.6","Cash","Flash Cab","41.77887686","-87.594925439","POINT (-87.5949254391 41.7788768603)","41.763246799","-87.616134111","POINT (-87.6161341112 41.7632467988)"
"5f63b8d8cc1d485da1df3ccf9fa132cf23bf439a","26689c424d89796e95dd65b0fc8ecb7ae34e3dc24a498477483b315f49de20fb5829e51d8cf9ddc99e5140a5e0ee7753c9f4b4681c81635b53780991eb2a6640","2026-04-30T22:30:00.000","2026-04-30T22:45:00.000","966","4.4",,,"8","22","14.5","3","0","0","18","Credit Card","City Service","41.899602111","-87.633308037","POINT (-87.6333080367 41.899602111)","41.92276062","-87.699155343","POINT (-87.6991553432 41.9227606205)"
"564b5a9facab0b2e55321ee6c6a054b81b25126b","a3732f5e710a279cc9858c49f1d8da2306cfa3e5cbf9be0ca7a9fd3d41f269e7e1c5963d0db2b45da0d5c241f7ef9ce1030de95094c83de8cfef1cdfaf5bad7c","2026-04-30T22:30:00.000","2026-04-30T22:30:00.000","225","1.01",,,"16","16","9.5","0","0","0","10","Mobile","Flash Cab","41.953582125","-87.72345239","POINT (-87.7234523905 41.9535821253)","41.953582125","-87.72345239","POINT (-87.7234523905 41.9535821253)"
"403867f482a7622324ae308effea1bca315c0268","03cfe911366a3ec59f30b328348efcbcb5a55aabe3befeb0338b2655928e4da049a6cbaf6412ef5aed2ace6b67dd3e84c2e5d7507b50797b886796d051f1a893","2026-04-30T22:30:00.000","2026-04-30T22:30:00.000","537","1.71","17031281900","17031081403","28","8","9.44","0","0","0","9.94","Mobile","Flash Cab","41.879255084","-87.642648998","POINT (-87.642648998 41.8792550844)","41.890922026","-87.618868355","POINT (-87.6188683546 41.8909220259)"
"004cab1da465a493eda48a12de874e9f2cac998c","a325b14b280bbfdff06d740fb9ef083a12af4310f364020ea9b5eba3cb45fa79086de21ccaeca0ca83dd96c3454385d99e12aca779663208b1ea50edc8244856","2026-04-30T22:30:00.000","2026-04-30T22:45:00.000","1271","5.34",,,"28","6","20.11","5.41","0","0","26.02","Mobile","Tac - Yellow Cab Association","41.874005383","-87.66351755","POINT (-87.6635175498 41.874005383)","41.944226601","-87.655998182","POINT (-87.6559981815 41.9442266014)"
"d132312958d2a0899e29838dd01b2c6507b21da3","ea98fbfaa8f59a4ae8a4cff71e3ce1482c929ad59a6f4c8cff4c8c4befce4235679a0f37f47553c9536de7f284f78dc38e18787c442313fc874577679e0fb6a4","2026-04-30T22:30:00.000","2026-04-30T22:30:00.000","600","3.7",,,"28","35","15.67","0","0","0","15.67","Credit Card","Transit Administrative Center Inc","41.874005383","-87.66351755","POINT (-87.6635175498 41.874005383)","41.835117986","-87.618677767","POINT (-87.6186777673 41.8351179863)"
"2fc77e152612a812e5fd0bfdac84baf0952bc141","70bca78835e8e92b04b46d111508f56c7b847abad90561822f7c7d5ae937f7c4350d671563050ab06c16fad39727bdc8d6a79bb92a215bb14f4bb52c48f8a82d","2026-04-30T22:30:00.000","2026-04-30T22:45:00.000","607","1.52",,,"28","8","11.84","0","0","0","12.34","Mobile","Flash Cab","41.874005383","-87.66351755","POINT (-87.6635175498 41.874005383)","41.899602111","-87.633308037","POINT (-87.6333080367 41.899602111)"
"d01d13e29611ea03e98e692ee5e58f465a75bb8f","1d5610c060c7b1be89641621cff72e3ade46fa0734e4078dc46e0684ffaf6cbb740d23329c839f4aa96b1e3267a34895b9b02d9e9a878c563ad1c9694bccfdd8","2026-04-30T22:30:00.000","2026-04-30T22:45:00.000","929","4.36","17031280100","17031070600","28","7","14.5","0","0","0","14.5","Cash","Sun Taxi","41.885300022","-87.642808466","POINT (-87.6428084655 41.8853000224)","41.928763006","-87.665676837","POINT (-87.665676837 41.9287630064)"
"46c473347ab89896079edd471b142df2f7227d65","96c3fa383c9adacc965af778248d6ef1b3a20ada7e623e4985796abe3c1d7830790ffca74dfbf1cc755449845f215fade690da814458bd85e4387a6470acf64f","2026-04-30T22:30:00.000","2026-04-30T23:00:00.000","1885","10.98",,,"76",,"29.5","7.1","0","5.5","42.6","Credit Card","Flash Cab","41.980264315","-87.913624596","POINT (-87.913624596 41.9802643146)",,,
"7ad1e3c1b78fd421528272e2f21029f1f3942ebf","98218edd8c1afe2aa636693c931d34e5bdd76df10e1b6a6a27e60e8c986d6ea26ae13a0428854430b350cd2066a6e8e35d34e62b0549e813c75b408f155712e5","2026-04-30T22:30:00.000","2026-04-30T22:30:00.000","110","0.34",,,"12","16","4.25","0","0","0","4.25","Cash","5 Star Taxi","41.993930128","-87.758353588","POINT (-87.7583535876 41.9939301285)","41.953582125","-87.72345239","POINT (-87.7234523905 41.9535821253)"
"cf47aea422473ae35b6d76aa2f33233bf367a21c","687e4d96be3cc961be4ce4608d2ad3bfadf54e3bbe80d706e066fd268dea4bce387cfa66ad249143808d0fed4ac39b01ea5e1d00faca6f07496eabd519ad812f","2026-04-30T22:30:00.000","2026-04-30T22:45:00.000","487","1.51","17031839100","17031081800","32","8","9.66","0","0","0","10.16","Mobile","City Service","41.880994471","-87.632746489","POINT (-87.6327464887 41.8809944707)","41.89321636","-87.63784421","POINT (-87.6378442095 41.8932163595)"
"cf2d13a96a1492fd8dcc8936faf755d461583337","ffda53354c610fd3af1aee46d723028a49014e35f7280ca3d812716eb3cf1f0a763556368e4139b7183ee1fb36e26104de62bb86601f2fa16e3d96167e25b84e","2026-04-30T22:30:00.000","2026-04-30T22:45:00.000","534","0.72","17031081500","17031320100","8","32","9.5","4.34","0","0","14.34","Mobile","Flash Cab","41.892507781","-87.626214906","POINT (-87.6262149064 41.8925077809)","41.884987192","-87.620992913","POINT (-87.6209929134 41.8849871918)"
"46f1a3052d99f0f16fa1bfb1a8dedc26e1426ca6","f3e31800d0d53c00d6b0f4e35242f868b87fc31ebc11d59b4b85847af2ee0287625c0b9e2868f749372e06e6617fcb129d4c17b0d34b4f4845d3d8b9e3c6e811","2026-04-30T22:30:00.000","2026-04-30T23:00:00.000","1800","12.8",,,"76","6","33.25","0","0","4","37.25","Cash","Chicago City Taxi Association","41.980264315","-87.913624596","POINT (-87.913624596 41.9802643146)","41.944226601","-87.655998182","POINT (-87.6559981815 41.9442266014)"
"cf434b0235d1000a864c5bb0008be92d07fe111f","b587d7b411523ec3634b1f20e09baf59d90c74d746c8a0da76084b01132dcf224cb8c51cb4e8366a8067d3f9ccb028bd7af846c9fd4acf16e2fd7f00395ed6a7","2026-04-30T22:30:00.000","2026-04-30T23:00:00.000","1222","7.3",,,"41","8","25.03","0","0","0","25.53","Mobile","Wolley Taxi","41.794090253","-87.592310855","POINT (-87.592310855 41.794090253)","41.899602111","-87.633308037","POINT (-87.6333080367 41.899602111)"
"ce61e5c82fd3a9e8301166d3f566df5d507622be","a56f0fbe0cb06a001c2d19f0aef16588db5608f410d6af49aa1fdd80e2417706e63ba1fba69502b4948c9b9ee0d3400ef14f9fa85be00350909eef1a329aa2a6","2026-04-30T22:30:00.000","2026-04-30T23:15:00.000","2267","17.74","17031980000","17031081403","76","8","44.75","4.92","0","4","54.17","Mobile","5 Star Taxi","41.97907082","-87.903039661","POINT (-87.9030396611 41.9790708201)","41.890922026","-87.618868355","POINT (-87.6188683546 41.8909220259)"
"ce7988cf8371d5698c4a38277d25e4b7598168cf","ae31f2151e8b85c5c1981e09c227aa451a6fda9b739d6331d7edb934d6fc6419440b1fab1648164c4c814fdfb4dc04ab2b871230f2d2ab5cf880ae5203fd20c3","2026-04-30T22:30:00.000","2026-04-30T22:45:00.000","724","2.6","17031081800","17031071400","8","7","10.9","0","0","0","11.4","Mobile","Blue Ribbon Taxi Association","41.89321636","-87.63784421","POINT (-87.6378442095 41.8932163595)","41.922082541","-87.634156093","POINT (-87.6341560931 41.922082541)"
"00e21f7765227eb4d29a1bec9d26cfdb77830784","3f2bfdbb4c8687efc1618f15effbc93f8f04b12d712e38eb50122901937e5564ba654f42b7808a0f6b8ac0ac22de43db0ad4b192bc40d88c096050042667d8d3","2026-04-30T22:30:00.000","2026-04-30T22:30:00.000","314","0.95","17031081600","17031081201","8","8","5.75","1.45","0","1","8.7","Mobile","Choice Taxi Association Inc","41.892072635","-87.628874157","POINT (-87.6288741572 41.8920726347)","41.899155613","-87.626210532","POINT (-87.6262105324 41.8991556134)"
"90c5e68fa3bea6283a8825cf450b438a65b923f3","ca83178fa4ea3bcd66fe18442103abfb68222d7a44086870f2a2ad16a8ae091062277415b3eb36b5208e701f033ff98c5a3a1ec47abe044b0c475d49e7bb1950","2026-04-30T22:30:00.000","2026-04-30T23:00:00.000","1809","16.78",,,"76","8","41.75","0","0","0","41.75","Cash","Flash Cab","41.980264315","-87.913624596","POINT (-87.913624596 41.9802643146)","41.899602111","-87.633308037","POINT (-87.6333080367 41.899602111)"
"a381776fd0b4f425329b90af47091fba86981479","213cb87b9353531cbe1f6094a0456d586c651015cb15a5e4e1307a31abc82cb001a1648fe128e44775be12ae763caef3e468187344771118f8541e149c4548d9","2026-04-30T22:30:00.000","2026-04-30T22:30:00.000","300","1","17031081403","17031081700","8","8","5.75","1","0","1","7.75","Credit Card","Choice Taxi Association Inc","41.890922026","-87.618868355","POINT (-87.6188683546 41.8909220259)","41.892042136","-87.63186395","POINT (-87.6318639497 41.8920421365)"
"0dd0cf54b3804285684ecc6299cdf7e7ab2fed38","9c0139e741b745577a98691c70a6e8fcbbd27561f827cc1ab0aaf00a397179b0ec5bbac721fa43ae3abbd0da6c6c3b9d2e66f5fbacb59adfff75d19efdbc8344","2026-04-30T22:30:00.000","2026-04-30T22:45:00.000","1320","11.6",,,"28",,"30.25","0","0","0.5","30.75","Cash","Transit Administrative Center Inc","41.874005383","-87.66351755","POINT (-87.6635175498 41.874005383)",,,
"240765f03c5385caf7bb1bdb23d85637fb01aaf0","a0f44bc0a273e49230e4abe4d0a8d3a1e8305945f8fa0b0556bf2e6410a1c80ab39b5bacd926445645a577a13d52988ce42ef904e3a262c18f5c8c3eb3b901a2","2026-04-30T22:30:00.000","2026-04-30T22:45:00.000","1110","4.3","17031081700","17031061902","8","6","17.13","0","0","0","17.63","Mobile","Globe Taxi","41.892042136","-87.63186395","POINT (-87.6318639497 41.8920421365)","41.943155086","-87.640698076","POINT (-87.640698076 41.9431550855)"
"3fedb79ac4f5965e9bdc347b284ee95d1fd4652f","c8f2d4f28ea2a7d7fc9d8e55e2888dd72976ca3d3e3bef241e1455860f66824d51c2195030ffdc5c8937f633bfa17b73c3c46c1ec37065b39f9403043e9b3ecf","2026-04-30T22:30:00.000","2026-04-30T23:00:00.000","1559","14.57",,,"76","6","36.5","0","0","11.4","47.9","Cash","Blue Ribbon Taxi Association","41.980264315","-87.913624596","POINT (-87.913624596 41.9802643146)","41.944226601","-87.655998182","POINT (-87.6559981815 41.9442266014)"
"555e73b62ac1a270afbe47f72dddc9b0a7406700","813f13e9ed00615788ec81497e9585ef6ae4993a4491b8a6df14651b9b115b621096b4b77745a3f3fe79cf7ea63ee74731c5142de6476709c61f397dca53cfaa","2026-04-30T22:30:00.000","2026-04-30T22:30:00.000","161","0.53",,,"21","16","4.75","0","0","0","4.75","Cash","Flash Cab","41.938666196","-87.711210593","POINT (-87.7112105933 41.9386661962)","41.953582125","-87.72345239","POINT (-87.7234523905 41.9535821253)"
"5cbb327f169d4eed80faee3248aaca274174c082","e585218a9f728ba533db40a74237a1caa23f01212f0fa8ec83ade5c2774f20cead93dfeb12b3cb57108aee6d05d5e7b4a135733c9e90280b50ceb58047c2adda","2026-04-30T22:30:00.000","2026-04-30T22:45:00.000","491","1.54","17031081500","17031281900","8","28","9.46","0","0","0","9.96","Mobile","Blue Ribbon Taxi Association","41.892507781","-87.626214906","POINT (-87.6262149064 41.8925077809)","41.879255084","-87.642648998","POINT (-87.642648998 41.8792550844)"
"3f9b59ec5fdb8294e902a3c740771fd060395442","303612a451e04af3d6647e3785c9609872e76f12aeda1935772098e8ccd208a353c4b6f1462a7daff3dc8f100305d8d7a5a791475a3e6ae574a7437167c2b357","2026-04-30T22:30:00.000","2026-04-30T22:45:00.000","890","1.7","17031833000","17031320100","28","32","9","0","0","0","9","Cash","5 Star Taxi","41.88528132","-87.6572332","POINT (-87.6572331997 41.8852813201)","41.884987192","-87.620992913","POINT (-87.6209929134 41.8849871918)"
"79d20848b32fed0ab8c3b07b674a74635dd6759a","22b403ba1c4de25cb19049e9c08b6d1339a9eea3ec06f9bad7bca4f17a7ce1b237f980cc925abad84ec75963637c6c4c517ef5319e0db76ad7046e28f43ff9cf","2026-04-30T22:30:00.000","2026-04-30T22:45:00.000","958","3.13",,,"7","28","14.49","0","0","0","14.99","Mobile","Flash Cab","41.922686284","-87.649488729","POINT (-87.6494887289 41.9226862843)","41.874005383","-87.66351755","POINT (-87.6635175498 41.874005383)"
"78f7bddb70b61c306bfb0fe0b5471bc04aa7d9fb","c3fe9312c9722befcf39d581225faa3d8dfae24c783c7443d360a6ffd567782720616e61ad54176b81d68a5611199c2fa710d69cc8427bc3d9d08bd8f9bab052","2026-04-30T22:30:00.000","2026-04-30T22:45:00.000","1340","4.43","17031330100","17031071500","33","7","19.74","0","0","0","20.24","Mobile","City Service","41.859349715","-87.617358006","POINT (-87.6173580061 41.859349715)","41.914616286","-87.631717366","POINT (-87.6317173661 41.9146162864)"
"c91c4db05ed79807bafe9e4396ac3331a87fabcf","417500d2bdac7a8c104b98016c9518146be264963d79561964b21b504f9b5576d8d8ee51be1ad4425a2908d42ee3031e76df4f36c2e4306d000beecaa6d325f2","2026-04-30T22:30:00.000","2026-04-30T22:30:00.000","390","1.39",,,"28","28","8.28","0","0","0","8.78","Mobile","Taxicab Insurance Agency Llc","41.874005383","-87.66351755","POINT (-87.6635175498 41.874005383)","41.874005383","-87.66351755","POINT (-87.6635175498 41.874005383)"
"0292e9c6cb3f6e7d61d7b3889201490363fc6a72","52ca9a97ddafa021d0588c76040babc4e8ddeb917c9dc4a15b72e7348617e0dd086b830349f04a33a5d29e5eee3dfb7ec11abc598e1748a2b70b497662558f96","2026-04-30T22:30:00.000","2026-04-30T23:00:00.000","2282","17.75","17031980000","17031320100","76","32","43.75","9.85","0","5","59.1","Credit Card","Flash Cab","41.97907082","-87.903039661","POINT (-87.9030396611 41.9790708201)","41.884987192","-87.620992913","POINT (-87.6209929134 41.8849871918)"
"0a4271452c962d441d81d099e88056dc783187a4","00fbd9a7e5fce4db91d74af6c82fc74f07d246b40435a71356a60c170ef136ab5f853dce0cd6a6443dc01eb817d4048e22537c521d508533b79574bad77e9c81","2026-04-30T22:30:00.000","2026-04-30T22:30:00.000","241","0.57",,,"32","32","5.54","0","0","0","6.04","Mobile","Flash Cab","41.878865584","-87.625192142","POINT (-87.6251921424 41.8788655841)","41.878865584","-87.625192142","POINT (-87.6251921424 41.8788655841)"
"4d8ef25de71656d6b5e3347ef0f29203b8f9d912","1fa163575aa6ed611da56a6fbeca7a39ca28e5c410e1cc4df9bda16dbc3a0221ea75a18ee1ad63f2fe568cff59ae0356d19868e5322baf4edb6cb9082c030e79","2026-04-30T22:30:00.000","2026-04-30T22:30:00.000","300","0",,,"1","1","4","0","0","0","4","Cash","Chicago Independents","42.009622881","-87.670166857","POINT (-87.6701668569 42.0096228806)","42.009622881","-87.670166857","POINT (-87.6701668569 42.0096228806)"
"553731447c74de0158d5165c1181a795b68d6915","41a48c4607a84559d8760d511527018e3da952a7b33a8234bb476e04edbc3a59897c6bf50a68676f05ea3ffd1b5705d8d78e1f6926b530466299e5e15468753e","2026-04-30T22:30:00.000","2026-04-30T22:30:00.000","532","2.39",,,"5","6","10.92","3.35","0","0","14.77","Mobile","City Service","41.947791586","-87.683834942","POINT (-87.6838349425 41.9477915865)","41.944226601","-87.655998182","POINT (-87.6559981815 41.9442266014)"
"5bf597fa557c2c34ae28c55b44420a5ad86e5de4","6e40306a3a76d2e41f2530cc314ecfbd2520aae13202d7fcef97373649d1f5631936ac2b91bdfc48617f8837dc331171eaf7915604b75c8aa40ee707b68ad0da","2026-04-30T22:30:00.000","2026-04-30T22:30:00.000","682","0",,,,"41","9.5","0","0","0","9.5","Cash","Tac - Blue Diamond Dispatch",,,,"41.794090253","-87.592310855","POINT (-87.592310855 41.794090253)"
"c72664a17a9c9636558126d79807c2aae992f85d","6bc3520aa3e5055fdd502ad4db2b419e40a2579182d817a14746f40ac1a6e2fcba0d8592b2c1b58ca9e4d510871fdacb21c58f4f6172f14c54303b024ee3bd7b","2026-04-30T22:30:00.000","2026-04-30T22:45:00.000","975","2.29","17031081800","17031330100","8","33","12.43","0","0","0","12.93","Mobile","Sun Taxi","41.89321636","-87.63784421","POINT (-87.6378442095 41.8932163595)","41.859349715","-87.617358006","POINT (-87.6173580061 41.859349715)"
"c781b2d86884ffe7d8082458e9ddf6363b7810b0","417500d2bdac7a8c104b98016c9518146be264963d79561964b21b504f9b5576d8d8ee51be1ad4425a2908d42ee3031e76df4f36c2e4306d000beecaa6d325f2","2026-04-30T22:30:00.000","2026-04-30T22:45:00.000","303","1.24",,,"28","28","7.56","0","0","0","8.06","Mobile","Taxicab Insurance Agency Llc","41.874005383","-87.66351755","POINT (-87.6635175498 41.874005383)","41.874005383","-87.66351755","POINT (-87.6635175498 41.874005383)"
"7101e6a0d341df50d5134fa539d131dcebd63c98","1687eb3d8f78610072d379e526abf9ab71f0435e8116ccf873c30f04f200d032fd554eda66a682377aa90808f558a96eecaaaf4d285fdb32a51603e192c15be9","2026-04-30T22:30:00.000","2026-04-30T22:45:00.000","900","2.9","17031081403","17031071400","8","7","12.5","0","0","0","12.5","Cash","Transit Administrative Center Inc","41.890922026","-87.618868355","POINT (-87.6188683546 41.8909220259)","41.922082541","-87.634156093","POINT (-87.6341560931 41.922082541)"
"5545f35ad1a385dfa85196ea59fdb69b0043d7ba","9290a8430ba3e8061554627a9b1ebc78fd78a446a92b55f693e94316ea69930e29180297a7df363fffe70f0b36e64b319e858a24ceffcbcb690d428779d6fd94","2026-04-30T22:30:00.000","2026-04-30T22:30:00.000","540","1.1","17031081403","17031081000","8","8","7","0","0","0.5","7.5","Cash","Transit Administrative Center Inc","41.890922026","-87.618868355","POINT (-87.6188683546 41.8909220259)","41.900265687","-87.63210922","POINT (-87.6321092196 41.9002656868)"
"3f87b655e60735b6d2f14d80c0dc6ed89905ee8c","f705c825446b6687d3b45d5bb04a7a29720306923943f35ba050b6b5234e5dd564b074ace9b2e6c4c91c3dc09866a05908bed9d7f027d4f34f318274d5264b65","2026-04-30T22:30:00.000","2026-04-30T22:45:00.000","884","5.09",,,"8","31","16.31","2","0","0","18.81","Mobile","Tac - Yellow Cab Association","41.899602111","-87.633308037","POINT (-87.6333080367 41.899602111)","41.850266366","-87.667569312","POINT (-87.667569312 41.8502663663)"
"10b8c68b3d5bfa073717068a96ae3a8225025644","bec564bc76ead09ce3ff6220d91e4e0a1b7432a5dbeb76772259ac018af8e654b9898cf240da139399a0d5f6bdceebd4d3bbcda7bb711df2b53490d9b30087ea","2026-04-30T22:30:00.000","2026-04-30T22:45:00.000","540","3.6",,,"8","6","12.25","0","0","0","12.25","Credit Card","Transit Administrative Center Inc","41.899602111","-87.633308037","POINT (-87.6333080367 41.899602111)","41.944226601","-87.655998182","POINT (-87.6559981815 41.9442266014)"
"1c2bd335b7260c719775a8ddc839dfde6152fc2b","5539246b68c7768d162bca18989db8b05def2f91cdb60ff33cdeed5d80a48f6038147a2d8bfef7e7f5ffebcbe837c357606cb73eeab144808127608e5ac57a33","2026-04-30T22:30:00.000","2026-04-30T23:15:00.000","2296","28.93","17031980000",,"76",,"69","0","0","10","79","Cash","Choice Taxi Association Inc","41.97907082","-87.903039661","POINT (-87.9030396611 41.9790708201)",,,
"04e7f4d6b89d0aa4f5cb1b072173b6cf645a39c1","b7ac65c02ae59d09e31fdebdc18a4780593de3157d9c9c1df0abacb453555750a373908a539fd2e975c126fb2fbc2b227f19fd0c1c7581a8c7a7ea443c88c1d3","2026-04-30T22:30:00.000","2026-04-30T22:45:00.000","559","1.79",,,"32","8","9.5","0","0","0","10","Mobile","Chicago Independents","41.878865584","-87.625192142","POINT (-87.6251921424 41.8788655841)","41.899602111","-87.633308037","POINT (-87.6333080367 41.899602111)"
"858d663e3142e918afc28a22e229b70356edc558","4f7fd7c1ea16af4b1aaab270f6b0d7ddb68e9edd79b1b51ddb6311c63d792d4df306c4dda5ca258afdfdaea64778a161c2a5e381684b2683cbebb7404d1eaf23","2026-04-30T22:30:00.000","2026-04-30T22:30:00.000","850","2.04",,,"32","24","10.31","0","0","0","10.81","Mobile","Chicago Independents","41.878865584","-87.625192142","POINT (-87.6251921424 41.8788655841)","41.901206994","-87.676355989","POINT (-87.6763559892 41.9012069941)"
"421374766a2df07fbe5b78a57a03e2309b1bc7de","285cc167b1f961ba4c60c04be39e70d1776010b8c699e8d93ef78d7af4b9c9fa4fe5e3ff37dce0048156071270fefa81c0bd32824b21b3bb932e091585dba149","2026-04-30T22:30:00.000","2026-04-30T23:00:00.000","1880","16.03",,,"76","24","39.75","11.06","0","4","55.31","Credit Card","5 Star Taxi","41.980264315","-87.913624596","POINT (-87.913624596 41.9802643146)","41.901206994","-87.676355989","POINT (-87.6763559892 41.9012069941)"
"78e8221aaaede72362e48096604cc8d60a379901","bb08279cd46919b53bd08c537648561e45f81d557806eaaabc7d120c79a01c4116e898073c81f2394438c293ce49239700b2974da034122fbd795d1fc67061e4","2026-04-30T22:30:00.000","2026-04-30T22:45:00.000","1024","5.08",,,"8","24","13.93","0","0","0","14.43","Mobile","City Service","41.899602111","-87.633308037","POINT (-87.6333080367 41.899602111)","41.901206994","-87.676355989","POINT (-87.6763559892 41.9012069941)"
"17dabdbb75e3cba92e11951a7e91ffb14de7d332","6dd401969a491b3ea0d09788d990afdd053435e2ca9ee0600abff0f29754da22ec2594db7f80fe774df9fbe416f8c15bc768b274e1de95921965b571a495bf2a","2026-04-30T22:30:00.000","2026-04-30T23:15:00.000","2713","20.42","17031980000","17031833100","76","28","51.5","14.5","0","6","72.5","Credit Card","Taxicab Insurance Agency Llc","41.97907082","-87.903039661","POINT (-87.9030396611 41.9790708201)","41.879066994","-87.657005027","POINT (-87.657005027 41.8790669938)"
"ccc312d1c3020c850160cb8d7475815685c768a2","667b6c6c56d5ae56fc1adbc8f7a40c8ed2820ba98ecef617b81044092e38f6e0f32ac1616659bafae6628e82195d5ca786d05262e53c935b1cfbdb5586f6d2f8","2026-04-30T22:30:00.000","2026-04-30T23:00:00.000","2022","17.31",,,"76","8","43","0","0","4","47.5","Credit Card","City Service","41.980264315","-87.913624596","POINT (-87.913624596 41.9802643146)","41.899602111","-87.633308037","POINT (-87.6333080367 41.899602111)"
"9da0c843652fb209b6c2defb9af41ce73a14e3e8","6b1b1e151c90fecc87c9f51e5e607acea049dedc6c5091ce75b8960739a55d3e851502e8a32b082b7c56e3b73367f2d661372a641eab5898b89160b8a9f9b2dd","2026-04-30T22:30:00.000","2026-04-30T23:00:00.000","1843","17.17",,,"76","28","42.5","9.6","0","5","57.6","Mobile","Sun Taxi","41.980264315","-87.913624596","POINT (-87.913624596 41.9802643146)","41.874005383","-87.66351755","POINT (-87.6635175498 41.874005383)"
"87010e6bd4f481848c9a6aa0f2e285bd87da454f","7258715bd7bd72a008da8adcbd2dcf604ad7b53a349fdd215725e4c5bd49225453c3f9ac9a207617834923695b4a536224b4ace7de2f92c400ab2f271c2c735b","2026-04-30T22:30:00.000","2026-04-30T22:30:00.000","590","1.05","17031320400","17031081600","32","8","7.5","2","0","1","11","Credit Card","Blue Ribbon Taxi Association","41.877406123","-87.621971652","POINT (-87.6219716519 41.8774061234)","41.892072635","-87.628874157","POINT (-87.6288741572 41.8920726347)"
"2c8c38c1a96f687a3574cc672388f061008975f0","b2a007b1410c7208af92ef3a97b87c0af4c3e7b49c2b765a39fccd2f06b2f836ed410f8507081389b033082d814a0ee5598e1fa925facbc5c0d20e13b7bc0e5a","2026-04-30T22:30:00.000","2026-04-30T22:45:00.000","1020","12.82",,,"33","75","32.25","0","0","0","32.25","Prcard","5 Star Taxi","41.857183858","-87.620334624","POINT (-87.6203346241 41.8571838585)","41.689729914","-87.669054403","POINT (-87.6690544032 41.6897299145)"
"9c9b4f3091ebfb9abf2f48bbbe226529049de210","38d00610debf2306201a33902c298ea78df627880d3d19d0e190983205911a16a3ff9b26c952506731328985f618da9b074ef0d8d89970493748c8f8d2087f08","2026-04-30T22:30:00.000","2026-04-30T22:30:00.000","254","0.49","17031081500","17031081600","8","8","9.5","15","0","0","25","Mobile","Flash Cab","41.892507781","-87.626214906","POINT (-87.6262149064 41.8925077809)","41.892072635","-87.628874157","POINT (-87.6288741572 41.8920726347)"
"5b7f7e6ca577d1bd150099145f426793a5fdf4bc","f7753ec5feb07452f927f7e42c1808f1e6c34ee6a48e8db85179310e06759c3c19de2a4e5b769430ad1de96b98f668f23414e6dede866bf68525e1f81a33cb35","2026-04-30T22:30:00.000","2026-04-30T23:00:00.000","1914","17","17031980000","17031281900","76","28","42.25","9.35","0","4","56.1","Mobile","Sun Taxi","41.97907082","-87.903039661","POINT (-87.9030396611 41.9790708201)","41.879255084","-87.642648998","POINT (-87.642648998 41.8792550844)"
"697a460cd195239f67af36c585e68c2ca7a10bf5","68e1a2ea570e86d7ca0402907273138fa5aede37ae81eee6d9ea2ea521e6de1969f9437f82acb05c8c23f92cecdc4003f0ba3535da6a5a249ecbe67bd436fd65","2026-04-30T22:30:00.000","2026-04-30T23:00:00.000","1877","15.55",,,"76",,"38.75","9.05","0","6","54.3","Credit Card","5 Star Taxi","41.980264315","-87.913624596","POINT (-87.913624596 41.9802643146)",,,
"84d1ca150d8302e01b44c6e946a215a6d1626469","7ae35df0e9996a29e76fcb12863c5a1eee8d6512695aff517344da28f1baaac08d71a805c75ded64918bb9689430e65f11f33edf8201a29c24aa363b3f845707","2026-04-30T22:30:00.000","2026-04-30T22:45:00.000","1048","14.89",,,"27",,"36.75","0","0","0","36.75","Prcard","Flash Cab","41.878914496","-87.70589713","POINT (-87.7058971305 41.8789144956)",,,
"01edeae2600c0e94ae0b3cf6b25698608505218f","a0df6e84237fd11e0a52f45433e8067928dca5ce5ef04b96b69d0bac6b171fe346d9b3a005e5bd5c570143b7c48e9524f0a00f8315fd5a1e410b9b0b4943a747","2026-04-30T22:30:00.000","2026-04-30T22:30:00.000","541","1.03","17031839100","17031320600","32","32","9.5","3","0","0","13","Mobile","Taxicab Insurance Agency Llc","41.880994471","-87.632746489","POINT (-87.6327464887 41.8809944707)","41.870607372","-87.622172937","POINT (-87.6221729369 41.8706073724)"
"c24c2c3be6cf3e19b59d501bb5a8ddc3faa5679d","1a9f0188874ee240e95f2713388e0ee930b07996909b35a0b7731e45fbe7dec4c60b090d7ef8641e332ab12c9c379d4a81c6083c91442b42628a9e00ad25f71b","2026-04-30T22:30:00.000","2026-04-30T22:45:00.000","483","1.03","17031839100","17031839000","32","32","9.44","0","0","0","9.94","Mobile","Taxicab Insurance Agency Llc","41.880994471","-87.632746489","POINT (-87.6327464887 41.8809944707)","41.87101588","-87.631406525","POINT (-87.6314065252 41.8710158803)"
"83c9c1ab4cce4445229c00596f3934de7b96b8c0","f6c95de604709d60bb9e583806814e1187f12a74ce65c75669ba888d1e1d87527b69563a99e4b024ca374be6f9578fed56bc16b9087822f1e1fdcaabd9ed2409","2026-04-30T22:30:00.000","2026-04-30T22:45:00.000","964","4.74",,,"31","32","20.25","0","0","0","20.75","Mobile","5 Star Taxi","41.850266366","-87.667569312","POINT (-87.667569312 41.8502663663)","41.878865584","-87.625192142","POINT (-87.6251921424 41.8788655841)"
"c211e0229ba16779e03b47e0a571d7a14cf0e3a0","d21f47b3005e2a6d38a9ee8fdf739c56ee1c61a4ed00e7fbb2a0aa29134bbf73c9c5768848b446d6f6b01d75875ce85c03558ed3b9fcb4189ed0dada74837204","2026-04-30T22:30:00.000","2026-04-30T22:45:00.000","511","1.36",,,"77","3","7","0","0","0","7","Cash","Flash Cab","41.9867118","-87.663416405","POINT (-87.6634164054 41.9867117999)","41.96581197","-87.655878786","POINT (-87.6558787862 41.96581197)"
"83ec7a8a3ed87efba35039833d45eddf6a5827f2","1f25a2b2c1cf1bd6ad6733bfa6eacddf5c9475102bfcd76b39ecab3ebbb2bbbd03a359ed46994d173cc6ee81bb555cea2ab424228057ea4b4170c43cd226bff4","2026-04-30T22:30:00.000","2026-04-30T23:00:00.000","1620","14.8",,,,,"37.5","10.5","0","4","52","Credit Card","Taxicab Insurance Agency  LLC",,,,,,
"2e90e5a3141fdd532d65fb58d9140e7f974bd05a","ce261d848de6da143b8f88782c3e86196ebcbdac96e4d9aff669be33accbbebcc189590e6a9b1ae0f45bb1d83f0ec9557ae26a932266fc7ed972ae25b3692783","2026-04-30T22:30:00.000","2026-04-30T22:45:00.000","848","1.66",,,"8","8","11.84","0","0","0","12.34","Mobile","Taxicab Insurance Agency Llc","41.899602111","-87.633308037","POINT (-87.6333080367 41.899602111)","41.899602111","-87.633308037","POINT (-87.6333080367 41.899602111)"
"15fa39b91cdaef282f0c08aa4f35bb969c32184a","9f87b11be025b5dcc55e9472b8c2158664c97d193cf15d9b019bd2656290938cb5681d3c8c5a8094ce626f93e1243a8932e13f58a1df16ce3f096738159009f7","2026-04-30T22:30:00.000","2026-04-30T22:45:00.000","901","2.34",,,"28","8","13.89","0","0","0","14.39","Mobile","Taxicab Insurance Agency Llc","41.874005383","-87.66351755","POINT (-87.6635175498 41.874005383)","41.899602111","-87.633308037","POINT (-87.6333080367 41.899602111)"
"c23810ca192c3ff90ee1aca5f70916304c0fcbeb","455b6b5cae6ca5a17cddd251485f2266d13d6a2c92f07c2968c24f39032ecc76fcc1928d14ce8bba5214e04fe22bdcaa431471b0fbabbdf8fa62650c164e901a","2026-04-30T22:30:00.000","2026-04-30T22:45:00.000","1036","4.14",,,"22","8","17.79","0","0","0","18.29","Mobile","Sun Taxi","41.92276062","-87.699155343","POINT (-87.6991553432 41.9227606205)","41.899602111","-87.633308037","POINT (-87.6333080367 41.899602111)"
"83f3717bb36285ef23d1ef444cdce7451e79e056","137d4f780c3823fdc5f26cec160a8c9f8eb952f769c5bc70d0bc747b3eda1d77f6c5df60f9caccccfecc6ded275a85c2cb5afcf4994f42473c445e8ef4a71e35","2026-04-30T22:30:00.000","2026-04-30T22:45:00.000","660","2.54",,,"33","32","11.64","0","0","0","12.14","Mobile","5 Star Taxi","41.857183858","-87.620334624","POINT (-87.6203346241 41.8571838585)","41.878865584","-87.625192142","POINT (-87.6251921424 41.8788655841)"
"2923017ef6caddfe3c1e81422fe2a83b8232dffd","bf66d006c4634bdc6c98ee6d505187ed750e647a6b4d1cc7e6fa4c719d50ccd3e5968d0122c6667b2250d861b153392c24deaab293d88c5f04ba686a32486c8d","2026-04-30T22:30:00.000","2026-04-30T23:00:00.000","1082","5.04",,,"40","43","15.5","0","0","0","15.5","Cash","Flash Cab","41.792357223","-87.61793138","POINT (-87.6179313803 41.7923572233)","41.761577908","-87.572781987","POINT (-87.5727819867 41.7615779081)"
"120fa6623d310dac6b9b62034cfa469100cbac8f","edd72a023f2bffadbf0081c4bb036a7137fec79c3e9ce49125d9e5433be96896d5adf0ff5c5bae96d42d4e4c549cbfaed607629be4e7ff09649b67ad2c02e044","2026-04-30T22:30:00.000","2026-04-30T22:45:00.000","781","5.88",,,"33","68","17.25","0","0","0","17.25","Cash","Flash Cab","41.857183858","-87.620334624","POINT (-87.6203346241 41.8571838585)","41.777196255","-87.642497527","POINT (-87.6424975271 41.7771962546)"
"fd99604b9e96c18bd44eb60de350fafc8fff61b3","950af3418bda33a809615e29c0592a6ab8ed5f479173437b80b129e16694d099c13ac649b93c38a08e703f3bc8c11a16bf7c37ccca96824dd06c56709d6afeac","2026-04-30T22:30:00.000","2026-04-30T23:00:00.000","1937","11.51",,,"12","34","31.25","0","0","0","31.25","Prcard","Flash Cab","41.993930128","-87.758353588","POINT (-87.7583535876 41.9939301285)","41.842076117","-87.633973422","POINT (-87.6339734222 41.8420761168)"
"bfaf05dbf508847b3f90132344a8df66d618fc7e","879d97be59c78326dee0984df438f3eff4c16212284a13baa54cd7ccc0af9611188dc3ab908776ec1363933a63dfd55bc2b2d7690a4cb2fcbc3660148ec594a3","2026-04-30T22:30:00.000","2026-04-30T23:15:00.000","2640","15.8","17031980000","17031842300","76","24","40","11.1","0","4","55.1","Credit Card","Transit Administrative Center Inc","41.97907082","-87.903039661","POINT (-87.9030396611 41.9790708201)","41.89830587","-87.653613982","POINT (-87.6536139825 41.8983058696)"
"fd936e9dcde253ede3b76d5874a8220a33dc6a06","ebcc9ba7a913bf2458b5753d5fedc3f8a66cf9448a632745d2f88db6cc972ad6b8746ab4c2c91ba793d23b9b8b4333ad5736d457df1e0887bba9a52aff3874e5","2026-04-30T22:30:00.000","2026-04-30T22:45:00.000","937","3.78",,,"24","33","15.68","0","0","0","16.18","Mobile","Sun Taxi","41.901206994","-87.676355989","POINT (-87.6763559892 41.9012069941)","41.857183858","-87.620334624","POINT (-87.6203346241 41.8571838585)"
"fe31dffe78a9e2afa1e5b64321c59e2a6c483fc9","f3fc8f55d2be945710e53f0666e40cfc0e13930661a498f031d18f3dacd6277cc29022892b7b93cd88b70860e53e622652bf275e316b0d499e9cb7c8b79f7b50","2026-04-30T22:30:00.000","2026-04-30T22:45:00.000","1003","4.43","17031980000","17031806600","76",,"13.75","0","0","4","17.75","Cash","City Service","41.97907082","-87.903039661","POINT (-87.9030396611 41.9790708201)",,,
"770e2ca107e7489618fae36473e7906df5285b0f","68c0b0fe56f003592510e294a16c54e16f88bbbccb3ad0c04289e010a4e6c9949d92e005d985b97d7a569856e21b1a8dd0888baed4c9d0c75069ca8e544a401a","2026-04-30T22:30:00.000","2026-04-30T23:00:00.000","1980","14.5",,,"76","7","36.75","2.14","0","6","44.89","Credit Card","Transit Administrative Center Inc","41.980264315","-87.913624596","POINT (-87.913624596 41.9802643146)","41.922686284","-87.649488729","POINT (-87.6494887289 41.9226862843)"
"fd0fcccfc719d1282050ec5e1084122fe2082cbb","15ebaceb1f5e522414ecc2fb3af8775a525ccbb8427e69e5d58364f166a9f2bb11ad29b537e2363c505dec29d069e10ea10d6e836077ce25883c5d8fa0dad189","2026-04-30T22:30:00.000","2026-04-30T22:30:00.000","20","0.11","17031980000","17031980000","76","76","3.5","0","0","0","3.5","Cash","Flash Cab","41.97907082","-87.903039661","POINT (-87.9030396611 41.9790708201)","41.97907082","-87.903039661","POINT (-87.9030396611 41.9790708201)"
"fe7522c0a4e01275f3a7e49734a344776783d908","1e17dd9f6bce9b805ec3f6c6b510caa5a64e4b67e9f3b79fa7ca1781d0c7970d6b754f429a79075c22e353586076b9f2f6856e8f98b31f5022751d7eb321069b","2026-04-30T22:30:00.000","2026-04-30T22:30:00.000","319","0.79","17031081700","17031081700","8","8","6.34","0","0","0","6.84","Mobile","City Service","41.892042136","-87.63186395","POINT (-87.6318639497 41.8920421365)","41.892042136","-87.63186395","POINT (-87.6318639497 41.8920421365)"
"9aace3aabe12ab106f04de87b97d5fb11d7b78fb","7d2e7cdd59237335e96b9b1a897a5e48cb4df467e6c09242b1e9461256f36aa4f9ab9649279f19ab5c8ad32ad7eb683800a0fd566f3f4fbd48323bab81908955","2026-04-30T22:30:00.000","2026-04-30T22:30:00.000","216","0.8",,,"6","3","6.03","0","0","0","6.53","Mobile","City Service","41.944226601","-87.655998182","POINT (-87.6559981815 41.9442266014)","41.96581197","-87.655878786","POINT (-87.6558787862 41.96581197)"
"fa630c2402d80ef71cfc829d98e9d2607fb46157","411767ddfe72ac709e1442e69fb39ae68c97382b53bbdb21c1119751c427be211b0b1ee92d233b95b709ddde86934919ddce870afe1bfaaea9d9614a53e27d36","2026-04-30T22:30:00.000","2026-04-30T22:45:00.000","601","2.07","17031280100","17031320600","28","32","11.07","0","0","0","11.57","Mobile","Taxicab Insurance Agency Llc","41.885300022","-87.642808466","POINT (-87.6428084655 41.8853000224)","41.870607372","-87.622172937","POINT (-87.6221729369 41.8706073724)"
"453a2ad374ce0477a4546716f70c7986b15ff80a","878fad758bcb6e1a1444c81a48594c00962e442e20bb715f8724f74b42482ec5a745806a3e9e7dadd43494f6b469d0f1f2b6ba0e002a7a97b3f1e259c8411797","2026-04-30T22:30:00.000","2026-04-30T22:45:00.000","696","1.94",,,"8","28","10.08","0","0","0","10.58","Mobile","Blue Ribbon Taxi Association","41.899602111","-87.633308037","POINT (-87.6333080367 41.899602111)","41.874005383","-87.66351755","POINT (-87.6635175498 41.874005383)"
"0c470a691d3f5b72b4cfff21e26a06fdf7312765","291328f378f142203a6ffe5ac99c68d0e06c220b134093aa841dbf684207252b50a4ab24eb98ea3fe111e37c2288c09196bed631ac1de638d7be8a5f3121baf3","2026-04-30T22:30:00.000","2026-04-30T22:45:00.000","1079","6.45",,,"32","38","16.8","0","0","0","17.3","Mobile","Taxicab Insurance Agency Llc","41.878865584","-87.625192142","POINT (-87.6251921424 41.8788655841)","41.812948939","-87.617859676","POINT (-87.6178596758 41.8129489392)"
"fa8575688b35995565ab7459a44f6dfddad98065","99a996d079da15de20cb43da904ab1dfa54610da249cf2d04551ee0da726da7440a0733350f922be3b5ac6b14c2e3200aa5d2568c4862047e7d0a0a35ec97e69","2026-04-30T22:30:00.000","2026-04-30T22:30:00.000","278","0.78","17031330100","17031839000","33","32","5.5","0","0","0","5.5","Prcard","Flash Cab","41.859349715","-87.617358006","POINT (-87.6173580061 41.859349715)","41.87101588","-87.631406525","POINT (-87.6314065252 41.8710158803)"
"871917cc9c21138a577f2441f693fcc42bbf4119","213cb87b9353531cbe1f6094a0456d586c651015cb15a5e4e1307a31abc82cb001a1648fe128e44775be12ae763caef3e468187344771118f8541e149c4548d9","2026-04-30T22:30:00.000","2026-04-30T22:45:00.000","360","0.7",,,"8","8","5.5","2","0","1","8.5","Credit Card","Choice Taxi Association Inc","41.899602111","-87.633308037","POINT (-87.6333080367 41.899602111)","41.899602111","-87.633308037","POINT (-87.6333080367 41.899602111)"
"9aadc6fe2246c987867c959aa5a92088b89bc487","4b0be6b79d41fe7dd5d6951ad555da4d4964ea46762ed5801d205f573ba487cf17db500488ae3a698883784360ecb28828e64aa803027525e7762f008f75a60c","2026-04-30T22:30:00.000","2026-04-30T23:00:00.000","2198","17.87","17031980000","17031081300","76","8","44.5","7.35","0","4","56.35","Credit Card","Wolley Taxi","41.97907082","-87.903039661","POINT (-87.9030396611 41.9790708201)","41.898331794","-87.620762865","POINT (-87.6207628651 41.8983317935)"
"0776f63f844f81014c7c2e74252761466c796f28","eedaf85e681010352cafcdaa53bd17e14b0443e209f8b53eb23a8ca555437bd465e0d507a2f3ada85f86c006da826655a2c38c25fd995e552ca87ca34ecde30a","2026-04-30T22:30:00.000","2026-04-30T23:00:00.000","1872","18.06",,,"76","28","44.5","10","0","5","60","Credit Card","Taxicab Insurance Agency Llc","41.980264315","-87.913624596","POINT (-87.913624596 41.9802643146)","41.874005383","-87.66351755","POINT (-87.6635175498 41.874005383)"
"2e630a13800a32f151151a9d4ad850c0c0eecd72","b77a2dcc078698ea493d4d703014076e4272dc7d8b420e0517a7ad98d347f212120e0bcc215c8e84df2c589171b9590d4aa3352d21e519a35afad2ed1b42841b","2026-04-30T22:30:00.000","2026-04-30T23:00:00.000","2280","14.7",,,"76","7","37.75","10.55","0","4","52.3","Credit Card","Transit Administrative Center Inc","41.980264315","-87.913624596","POINT (-87.913624596 41.9802643146)","41.922686284","-87.649488729","POINT (-87.6494887289 41.9226862843)"
"836e45cf13bb4eea1e5ba2811421291e247cb862","66f8216873a0600e21f062160013aca41bc164549226a71f74b19054b0fc65384574bcb40fcf380bee86b450281c9ebb1d32796808158ff4aa833d1de9f966fd","2026-04-30T22:30:00.000","2026-04-30T22:30:00.000","474","1.89",,,"8","7","9.5","2.73","0","0","12.73","Mobile","Sun Taxi","41.899602111","-87.633308037","POINT (-87.6333080367 41.899602111)","41.922686284","-87.649488729","POINT (-87.6494887289 41.9226862843)"
"9c044dfc1e9eb649170ff68884d6a43d176c7b12","b8a5f651f4f7a0d48ff297f0d11840aac9079a42ebd3fc5a2449322107ffc02fc865ff5fb7bca1609d727b904d30aabe137eca8bbff35e6b5b2326862834fee7","2026-04-30T22:30:00.000","2026-04-30T23:00:00.000","1417","13.08",,,"76",,"33.5","5.5","0","21","60.5","Credit Card","Flash Cab","41.980264315","-87.913624596","POINT (-87.913624596 41.9802643146)",,,
"fe93cb54c45e3f927cd1d7fc041277e58a96bb42","40a5f28a4cc32b84ae18b3d21790daaf5801a655cf993ff609e996440fd43d43c559b8e4e780a2acee2e36babd1153d0ef527dccdfe4657e5e35cd1b63565417","2026-04-30T22:30:00.000","2026-04-30T23:00:00.000","1860","11.6",,,"76",,"32","12.15","0","8","52.15","Credit Card","Transit Administrative Center Inc","41.980264315","-87.913624596","POINT (-87.913624596 41.9802643146)",,,
"75e4f93412054049b7e051a60aca36e7d3f5472b","a4aa774267d068ec480649bab24c35ae8ea10b6149a81bc75c1fe5805b09685173f3a9ed1c1f84acad633fd0b0bb4fe2c37c23d7cbc2b7dff8561cbd1bb7c9eb","2026-04-30T22:30:00.000","2026-04-30T23:00:00.000","1991","17.89","17031980000","17031081300","76","8","44.5","9.8","0","4","58.8","Credit Card","Sun Taxi","41.97907082","-87.903039661","POINT (-87.9030396611 41.9790708201)","41.898331794","-87.620762865","POINT (-87.6207628651 41.8983317935)"
"bdf210430cffa25801af733b3f087f18c5fd1ff0","fc68d8f57ebef02a03efc9ed6c5ebd4488403fa6458091b2b8b02861363e1bb00c38faefdd0efed6578ecb869eea8e2ee3666bd5a7b88074368f98d9debca6e5","2026-04-30T22:30:00.000","2026-04-30T22:45:00.000","490","1.28","17031280100","17031081403","28","8","8.5","0","0","0","9","Mobile","Taxicab Insurance Agency Llc","41.885300022","-87.642808466","POINT (-87.6428084655 41.8853000224)","41.890922026","-87.618868355","POINT (-87.6188683546 41.8909220259)"
"3ece611f11ff9f17d8de7066d8ccb7181152b37e","b130cba438002c59995778af059b4665aa6602d70a185a311b160621b28a6b4affcb1fa5b859ac8567ab569f924f3ac76c2642c992498a9c1edcd632c34287bf","2026-04-30T22:30:00.000","2026-04-30T22:45:00.000","966","2.18","17031833000","17031081202","28","8","11.71","3.55","0","0","15.76","Mobile","Tac - Yellow Cab Association","41.88528132","-87.6572332","POINT (-87.6572331997 41.8852813201)","41.902788048","-87.62614559","POINT (-87.6261455896 41.9027880476)"
"53d175a4614ddd74c956b7f21ef6b70554a760ab","bb4e75d3065311c33024a434640731c43fd2cf9e4482eb9e17cbf9f0ff0ed005455ffe22797df66b7467489a738e7be52c5983e16615b31c7c1d6af3ee0eb965","2026-04-30T22:30:00.000","2026-04-30T22:45:00.000","1080","9.1","17031980100","17031841000","56","33","24.75","6","0","4","34.75","Credit Card","Transit Administrative Center Inc","41.785998518","-87.750934289","POINT (-87.7509342894 41.785998518)","41.849246754","-87.624135298","POINT (-87.6241352979 41.8492467545)"
"987136d29eb061cf049f3c19edb8863cb74471cf","222a0a55fe5180e292a8e128804e081fa50b05a0329775f9344b50ee230f23d12635ee6a2429af764d01221057af04260089849cfb0192fa29bfda38362ffad6","2026-04-30T22:30:00.000","2026-04-30T22:45:00.000","300","0.31","17031081500","17031081202","8","8","4.75","0","0","0","4.75","Cash","Flash Cab","41.892507781","-87.626214906","POINT (-87.6262149064 41.8925077809)","41.902788048","-87.62614559","POINT (-87.6261455896 41.9027880476)"
"975e490b7d35da14372a0b3006abfac8a34f2a3e","d9c1a29d847d2bc82ce5b2b45dcf03d2b0d72570afb8bd28a86aedcf38df2f6a3e0a72a334012817046c6daa139c74d71d6e6a3e5ab208eacb4c3f32ed475549","2026-04-30T22:30:00.000","2026-04-30T22:45:00.000","240","0","17031081500","17031081403","8","8","14.75","2","0","0","16.75","Credit Card","Transit Administrative Center Inc","41.892507781","-87.626214906","POINT (-87.6262149064 41.8925077809)","41.890922026","-87.618868355","POINT (-87.6188683546 41.8909220259)"
"378fd4ade8276cd81c1b3b0b3af1391a523bd74f","a81c9d35e36a74e51b5cff3a4c26189fd7033a776d27d1935aa40b27fc39de39e9a5c5a1f75bb7708456eae9e54d76dcf0b1ba845137356408564ec6979b6bfc","2026-04-30T22:30:00.000","2026-04-30T22:45:00.000","1373","6.81",,,"32","3","21.42","0","0","0","21.92","Mobile","Sun Taxi","41.878865584","-87.625192142","POINT (-87.6251921424 41.8788655841)","41.96581197","-87.655878786","POINT (-87.6558787862 41.96581197)"
"bdc078119cea476c6af57b408f2ae4da895b0036","14bb6996d155f550fb51bfc2563179aa64c76a534aa8ff851fe03f4bcf97a097abe755ed67356c43005dc16a0cc7245955730fb0d847fdfe21b4e3a855eccdc3","2026-04-30T22:30:00.000","2026-04-30T22:45:00.000","1232","5.95",,,"32","6","22.76","0","0","0","23.26","Mobile","Globe Taxi","41.878865584","-87.625192142","POINT (-87.6251921424 41.8788655841)","41.944226601","-87.655998182","POINT (-87.6559981815 41.9442266014)"
"82591337fa6be89be48f8db125f8b41a0235734a","4794c36af4c1852d90b5c8cf5f9f6cd38a8b9c1b68cf486e38a89f60c9226e0987ee8529cb2d550ff6c91ec8ff59e3b0607eccdfee8405f0edeb31023c1b50af","2026-04-30T22:30:00.000","2026-04-30T23:00:00.000","1847","18.64",,,"76","32","45.5","7.65","0","5","58.65","Credit Card","Blue Ribbon Taxi Association","41.980264315","-87.913624596","POINT (-87.913624596 41.9802643146)","41.878865584","-87.625192142","POINT (-87.6251921424 41.8788655841)"
"be78a8f80b6ed9e277db262ced1af15a185ccf4c","313f470ee7346b2b1dcbc922d0ee8d975354a91f92032cfb777fde63cac2b1c90858779071886f6a35dde001299a8b168ded9c0423b325e204a88f8d6600d4aa","2026-04-30T22:30:00.000","2026-04-30T23:00:00.000","1878","15.56",,,"76","7","39.75","8.85","0","4","53.1","Credit Card","Taxicab Insurance Agency Llc","41.980264315","-87.913624596","POINT (-87.913624596 41.9802643146)","41.922686284","-87.649488729","POINT (-87.6494887289 41.9226862843)"
"f67b079f1f036761168e9bf5c87d0bd2c9301b88","a700f56e643e08db0d6a189c37c6faa7fbf553b925b9b618766015ef416f06d6a05a329dc767f7c377da30d5773397c600c0de1fb6a55820f999c8e306765590","2026-04-30T22:30:00.000","2026-04-30T22:45:00.000","840","3.5",,,"8","6","14.05","0","0","0","14.05","Credit Card","Transit Administrative Center Inc","41.899602111","-87.633308037","POINT (-87.6333080367 41.899602111)","41.944226601","-87.655998182","POINT (-87.6559981815 41.9442266014)"
"10701bc01753877451f2c76c4f81027320de165f","f36031c69034b8b6eb20a4d0f07d5f6b07b923142e5b9cd62f5be5979eda0378a0de4243b16df4735f740cfa303a472d4c9c8a938ee7167765d077e68f6b0529","2026-04-30T22:30:00.000","2026-04-30T23:00:00.000","1803","16.35",,,"76","8","41","11.38","0","4","56.88","Credit Card","Taxicab Insurance Agency Llc","41.980264315","-87.913624596","POINT (-87.913624596 41.9802643146)","41.899602111","-87.633308037","POINT (-87.6333080367 41.899602111)"
"0e17430387fede76e4f330d9bbb046da55aad69f","9290a8430ba3e8061554627a9b1ebc78fd78a446a92b55f693e94316ea69930e29180297a7df363fffe70f0b36e64b319e858a24ceffcbcb690d428779d6fd94","2026-04-30T22:30:00.000","2026-04-30T22:45:00.000","1304","0",,,,"41","20.5","0","0","0","20.5","Cash","Tac - American United Dispatch",,,,"41.794090253","-87.592310855","POINT (-87.592310855 41.794090253)"
"8215d6e72ebb55ae8a6d87fc3a5f1945d0648415","f792ce9f8c7d6114fbda6b8d687014f3211b21dc8fe2b2bdd03c5df6b440b0149ba18bc7528be76b77b9f1e0e85ae2843fc8f34df9bbecb347993d293f3b8b15","2026-04-30T22:30:00.000","2026-04-30T22:45:00.000","566","1.53",,,"8","8","8.49","0","0","0","8.99","Mobile","Sun Taxi","41.899602111","-87.633308037","POINT (-87.6333080367 41.899602111)","41.899602111","-87.633308037","POINT (-87.6333080367 41.899602111)"
"26efabef5081adbcbc8ce93d119d4fef2a31cb38","ed631d46e4dbab43d42b2f661b91adca7f69e719b27427f33f399db421fc96670fe0bf19843918b48296f35e43899dbf7a54b45ef7398b315bc98be221c0324d","2026-04-30T22:30:00.000","2026-04-30T22:30:00.000","164","0.5",,,"21","16","4.5","0","0","0","4.5","Cash","Flash Cab","41.938666196","-87.711210593","POINT (-87.7112105933 41.9386661962)","41.953582125","-87.72345239","POINT (-87.7234523905 41.9535821253)"
"98e386c2f5d015286286d70915eb5e0fb9b5f440","a9264178aea9106814363f4ca92ca09da32ee79f8c67713eb5dc316e548c380d716965b7e6e39a1f74357b2fcae0e9222f0afc363cf29c366076461ab3b3e17b","2026-04-30T22:30:00.000","2026-04-30T22:45:00.000","906","5.09",,,"8","22","17.26","0","0","0","17.76","Mobile","City Service","41.899602111","-87.633308037","POINT (-87.6333080367 41.899602111)","41.92276062","-87.699155343","POINT (-87.6991553432 41.9227606205)"
"37722774d03523ba16cc148cc56687843886a2f5","e8f673c7d74913eef9b2c58975502e30884a6d7c93a80264c9ef1ee7a3a44652b66f8f74348e5f7b62dc458b19ef474b8c0801463178f03b03bd08f768c42c4e","2026-04-30T22:30:00.000","2026-04-30T22:30:00.000","720","5.2",,,"3","8","15.5","0","0","0","15.5","Unknown","Transit Administrative Center Inc","41.96581197","-87.655878786","POINT (-87.6558787862 41.96581197)","41.899602111","-87.633308037","POINT (-87.6333080367 41.899602111)"
"667ee229c7ae08850766981b45f612664e15ae2d","eaba3c6de5ce935b3e8e3c5e4c9f3ce3f116026145e3f4ebfeaf45ae4e2461f4f7bf522e44b89d7be078f864a7619b04e8cfde80608c6fd66322e99f2d4950d4","2026-04-30T22:30:00.000","2026-04-30T22:45:00.000","875","5.36",,,"76","10","15","3.9","0","4","23.4","Credit Card","Globe Taxi","41.980264315","-87.913624596","POINT (-87.913624596 41.9802643146)","41.985015101","-87.804532006","POINT (-87.8045320063 41.9850151008)"
"2dcb9f65aeee9ee13042d53e99b87bf8bb7e8fb9","19a89fbfe54b0564c6961e347f5faa1158413d94d42ac5f92d09417a75c4362f684b96c26fa660d1171cd110800d2b4e7c059ac469868867dd4ddda0844a8672","2026-04-30T22:30:00.000","2026-04-30T23:00:00.000","1751","16.67","17031980000","17031080202","76","8","41.5","11.88","0","5.5","59.38","Credit Card","Taxicab Insurance Agency Llc","41.97907082","-87.903039661","POINT (-87.9030396611 41.9790708201)","41.905857769","-87.630865027","POINT (-87.6308650266 41.9058577688)"
"817f7f935ff27398b8c43d15feae0a935294c15e","2b28c5925147c07cce6761560dd01e17d5fe37d95ec609a3bf2c55e822207e20075e19a3a8f324e16fbc8589e64d241428aa788b6e794083dab6747dc34d69cf","2026-04-30T22:30:00.000","2026-04-30T22:30:00.000","11","0",,,,,"3.25","0","0","0","3.25","Cash","Taxicab Insurance Agency Llc",,,,,,
"027120d1b399d136c97438c0ef54bc9ae5fb21d4","ddc663f04e24fa7fce113ffbe21c5b9ab291c12f76786fcd895f6771f3d17b794369b9a237bcde26cc5f1e95da6fc294371dbc607f8687f3b85b4a84f806a122","2026-04-30T22:30:00.000","2026-04-30T22:30:00.000","457","0.82","17031320100","17031081700","32","8","6.6","0","0","0","7.1","Mobile","Taxicab Insurance Agency Llc","41.884987192","-87.620992913","POINT (-87.6209929134 41.8849871918)","41.892042136","-87.63186395","POINT (-87.6318639497 41.8920421365)"
"52e7d4d2a4971b13d572118b9e0abcec6d007696","03acccaf023e2942553700e94a317e6070a0d35fe5964adaab79f622b76f05375fc56486262cebf483e406a7709370b1561283369c4c49c2ea02e9676cf56933","2026-04-30T22:30:00.000","2026-04-30T23:00:00.000","1813","14.37",,,"76",,"35.25","12.55","0","27","75.3","Credit Card","Chicago Independents","41.980264315","-87.913624596","POINT (-87.913624596 41.9802643146)",,,
"370e1e451d4ed951d3fd2b2564edf4738aba02eb","a3732f5e710a279cc9858c49f1d8da2306cfa3e5cbf9be0ca7a9fd3d41f269e7e1c5963d0db2b45da0d5c241f7ef9ce1030de95094c83de8cfef1cdfaf5bad7c","2026-04-30T22:30:00.000","2026-04-30T22:30:00.000","13","0",,,"16","16","9.5","0","0","0","10","Mobile","Flash Cab","41.953582125","-87.72345239","POINT (-87.7234523905 41.9535821253)","41.953582125","-87.72345239","POINT (-87.7234523905 41.9535821253)"
"96107fecd6df0fa20511b756b42680f562433d69","9a423881d4046f5590943c08ec5e58d59f5ebd91fe26aa9ef49ad0dfe587e3d3a78dc5e2d214e4d42120e5296ebadeb100494177de8b0fc8ef6a1b3e5290669b","2026-04-30T22:30:00.000","2026-04-30T22:45:00.000","540","1.5","17031770700","17031980000",,"76","8.5","0","0","0","8.5","Cash","Transit Administrative Center Inc","41.982775009","-87.8773054","POINT (-87.8773053996 41.9827750091)","41.97907082","-87.903039661","POINT (-87.9030396611 41.9790708201)"
"81556e515074b62de2d5a36ed4ae79e4f66bb60a","51d13e9ec1a04be36d87a3746e0e4f8c68ca5ed59e6f7af9b137af2d622f0d6bb6a4d3534788bd879e6841ba52d9b8efd7d1771a6a416cd441d1640987b63ec3","2026-04-30T22:30:00.000","2026-04-30T23:00:00.000","1526","11.21",,,"28","19","31.83","8.32","0","0","40.65","Mobile","City Service","41.874005383","-87.66351755","POINT (-87.6635175498 41.874005383)","41.927260956","-87.765501609","POINT (-87.7655016086 41.9272609555)"
"b90bd8f0a09abbf55e51ee32a912c972be5bdaeb","d1a7c7e8e9cf388f9923e529d82166c5a3baf4262ec9145752b28ddfec91d431d5e9d3d727fb78e595ca209548142c44d6b250817b4eff5676a05eec87d4227f","2026-04-30T22:30:00.000","2026-04-30T23:00:00.000","1951","18.19",,,"76","8","45","10.1","0","5","60.6","Credit Card","Chicago Independents","41.980264315","-87.913624596","POINT (-87.913624596 41.9802643146)","41.899602111","-87.633308037","POINT (-87.6333080367 41.899602111)"
"b74f234f89620b9d78003a6d913498e405551249","c3a8b014ee600ece10f8ac77cf6892688b9a468a976f5c7772861b85b3824c5462ea7d571128bfb92cafea22c1d590223a90c469fe848ebcd5bec80d787a8f33","2026-04-30T22:30:00.000","2026-04-30T22:45:00.000","524","1.28",,,"8","8","9.5","0","0","0","10","Mobile","City Service","41.899602111","-87.633308037","POINT (-87.6333080367 41.899602111)","41.899602111","-87.633308037","POINT (-87.6333080367 41.899602111)"
"f37c57617eaa78bbc8f37d617c5ec14dde2de2fe","0642efa0706335c4f47ec1f5d0f84bbc4cedaeb693a0f4ccdb39c0e88bc7b266e7030d46b59e379fdac0257d144f252520e12897429ce8da7981b9752fbd6736","2026-04-30T22:30:00.000","2026-05-01T00:30:00.000","6740","20.87",,,"33","76","75.25","0","0","0","75.25","Cash","Sun Taxi","41.857183858","-87.620334624","POINT (-87.6203346241 41.8571838585)","41.980264315","-87.913624596","POINT (-87.913624596 41.9802643146)"
"16cf0366d9fbc52e66e8ba6b745417521d2279a6","93ccda8a38077612a8f32b8bf1b430f8439cf114fefb22ce9c08d52ce90ae0769110db6a2dbde28bce0f0e33c69b79674e3cfa11cc38a93cce47eca43623c43b","2026-04-30T22:30:00.000","2026-04-30T22:45:00.000","853","5.48",,,"41","33","18.34","0","0","0","18.84","Mobile","Flash Cab","41.794090253","-87.592310855","POINT (-87.592310855 41.794090253)","41.857183858","-87.620334624","POINT (-87.6203346241 41.8571838585)"
"f34d8eb4cf7c26324e92cea826b9b9a696b5786b","0ccfc1f0f221ef68515db37020162334fcf99e9a7ccde2327823c9b43d09033020d1d4627af68268781594424c020042f5e95ca16acccf25aaf13281e8eefe75","2026-04-30T22:30:00.000","2026-04-30T22:45:00.000","603","1.72",,,"8","8","8.59","0","0","0","9.09","Mobile","Sun Taxi","41.899602111","-87.633308037","POINT (-87.6333080367 41.899602111)","41.899602111","-87.633308037","POINT (-87.6333080367 41.899602111)"
"664b4279ec994c1966cd80a4f9ec86f247ba226c","e8b60c43eaaae4c1bad2c23e45e93ad77c1e85d3a2f13d15a8ccaf2356d362920ab210c276a4cc794a29a4b7a2d38a2d095ab2554425339a57d7e2421cfeb0e6","2026-04-30T22:30:00.000","2026-04-30T23:00:00.000","2196","14.15",,,"76","77","36.5","7","0","4","48","Credit Card","Sun Taxi","41.980264315","-87.913624596","POINT (-87.913624596 41.9802643146)","41.9867118","-87.663416405","POINT (-87.6634164054 41.9867117999)"
"f5d5d7179432b10377ff799bb70d63acd70806e4","6e40306a3a76d2e41f2530cc314ecfbd2520aae13202d7fcef97373649d1f5631936ac2b91bdfc48617f8837dc331171eaf7915604b75c8aa40ee707b68ad0da","2026-04-30T22:30:00.000","2026-04-30T22:30:00.000","672","0",,,,"41",,,,,,"Cash","Tac - Blue Diamond Dispatch",,,,"41.794090253","-87.592310855","POINT (-87.592310855 41.794090253)"
"948f8802e8462b50182c4791c094feb3b912fe27","145704ff91badf2808dafedfa719dddb09643f1563f8f6e23f839f6f94e7b7bc9b4d1f1d1462866064db58fca57d61409368f4b36fd05dbfea8697efd3006bf0","2026-04-30T22:30:00.000","2026-04-30T22:45:00.000","863","2.18",,,"8","28","12.43","0","0","0","12.93","Mobile","Taxicab Insurance Agency Llc","41.899602111","-87.633308037","POINT (-87.6333080367 41.899602111)","41.874005383","-87.66351755","POINT (-87.6635175498 41.874005383)"
"ee85a947c8193a05ef2f2e65b790de25cf1412a8","46c35a5d6b3f0ef32ca102e6260ee9a8b1fe6c7831960fd5dcbdc50d03d03dbbf82143c24bf2d3d6766387c3a5774a6c51fb1555b01d532fbea1ac8ef8ff4e0a","2026-04-30T22:30:00.000","2026-04-30T22:45:00.000","905","4.38",,,"31","24","17.1","0","0","0","17.6","Mobile","Blue Ribbon Taxi Association","41.850266366","-87.667569312","POINT (-87.667569312 41.8502663663)","41.901206994","-87.676355989","POINT (-87.6763559892 41.9012069941)"
"73d91df5ff9868792af57f1823d46bc7984aa173","081ccd1ec8ea43f5aba0cfcc53977d1fa8cc826c708a4c9c1dde7cbe488e8e55b1427c6dbb87a287c7a317fdd368a4c2d76f06e5ed93b8cafd5861a482fa782b","2026-04-30T22:30:00.000","2026-04-30T22:45:00.000","801","4.27",,,"24","32","16.47","0","0","0","16.97","Mobile","Flash Cab","41.901206994","-87.676355989","POINT (-87.6763559892 41.9012069941)","41.878865584","-87.625192142","POINT (-87.6251921424 41.8788655841)"
"b604dfade4cdc6a7686e1a11dd3dd2cd9d9a6dd5","a6339ac0faf854f037370b311945d5e1e67b8fd7ff537d684bf60e2bb48e44e9d177d0634164819d996ac0148ff191a4a787c7a992dfea034a20a8ea72c4bc9b","2026-04-30T22:30:00.000","2026-04-30T23:30:00.000","4028","18.06","17031980000","17031081600","76","8","54","0","0","0","54","Cash","City Service","41.97907082","-87.903039661","POINT (-87.9030396611 41.9790708201)","41.892072635","-87.628874157","POINT (-87.6288741572 41.8920726347)"
"b62ceb51ebf402f009b2ff569e599209526e25d7","2981edd199f55bdc8b5ed188de69e9f5d8116ae8d7a434fa0574d57740840e697755e4e77bb4ce8265289b6548d53674a5ac16dde44c3cf653e3ce1c8e064265","2026-04-30T22:30:00.000","2026-04-30T22:45:00.000","480","1","17031081201","17031080100","8","8","6.5","3","0","2","11.5","Credit Card","Transit Administrative Center Inc","41.899155613","-87.626210532","POINT (-87.6262105324 41.8991556134)","41.907520075","-87.6266589","POINT (-87.6266589003 41.9075200747)"
"b441812c7ea7b2c0fa8db5b55172859862d99a11","54f9ba36584d6915e95cdf3394cdc46ed49c4a57cb0eb230a68ae6da9a6e7d7a6c7895c87389292b18960a61c843f530e9c653fe36d72f0d3174bd0a61ab264a","2026-04-30T22:30:00.000","2026-04-30T23:00:00.000","1090","7.21",,,"8","16","24.62","4.89","0","0","30.01","Mobile","Sun Taxi","41.899602111","-87.633308037","POINT (-87.6333080367 41.899602111)","41.953582125","-87.72345239","POINT (-87.7234523905 41.9535821253)"
"2da50ad3572fc5701600f346e0184981de804c65","e533bfdc483206f9c02c1c879a118d88f0a3ca1cd2703f3cf88e318716bbbb0c71d5f1c5f86b042b4ee1a06dbc750fa840acec0ebaf5fc1d90edbdc215114a1d","2026-04-30T22:30:00.000","2026-04-30T22:30:00.000","2","0","17031770700","17031770700",,,"20","4.1","0","0","24.6","Credit Card","Flash Cab","41.982775009","-87.8773054","POINT (-87.8773053996 41.9827750091)","41.982775009","-87.8773054","POINT (-87.8773053996 41.9827750091)"
"659b0a225c1da8eb43aae8323476f6b0642f9220","45a4ab4755e3c62bd2f587173e2931429758dc44c658678cfc6c0a0ee99bbca254c562b9e0007ec51562b58d85c97d59910080b1f4cfb75ed1914dfc0ab65b05","2026-04-30T22:30:00.000","2026-04-30T22:45:00.000","883","6.6","17031980000","17031806600","76",,"18.75","4.84","0","13","37.09","Credit Card","Blue Ribbon Taxi Association","41.97907082","-87.903039661","POINT (-87.9030396611 41.9790708201)",,,
"736917974589e21ccb27f732801d811fe68e9f2f","9c0139e741b745577a98691c70a6e8fcbbd27561f827cc1ab0aaf00a397179b0ec5bbac721fa43ae3abbd0da6c6c3b9d2e66f5fbacb59adfff75d19efdbc8344","2026-04-30T22:30:00.000","2026-04-30T22:30:00.000","0","0",,,"28","28","0","0","0","0","0","Cash","Transit Administrative Center Inc","41.874005383","-87.66351755","POINT (-87.6635175498 41.874005383)","41.874005383","-87.66351755","POINT (-87.6635175498 41.874005383)"
"0f32a8a47f2c9c6bcef6f3b64163af8774dd7d25","4b73d19af7e1fe6e8ad6b095cf52b354b0b5fad0edca75d686e3a87eb7f4dccb546d1ffb196e1252fa8481af1103c21041b2690a403c5f12c44d8b2961684885","2026-04-30T22:30:00.000","2026-04-30T22:30:00.000","26","0",,,"21","21","20.75","0","0","0","21.25","Mobile","Flash Cab","41.938666196","-87.711210593","POINT (-87.7112105933 41.9386661962)","41.938666196","-87.711210593","POINT (-87.7112105933 41.9386661962)"
"b4f711bd5667b774146a542d1e2500bf33f39349","3324712c665e5b70d271ba8f48ae939f361e0caf35973b73728f1cff0d97f1e4e465e7080b87e921d1942f8720371c0bc9c3cdfbf5a95501b5159eded8b0f083","2026-04-30T22:30:00.000","2026-04-30T22:45:00.000","682","4.91",,,"60","28","14.12","0","0","0","14.62","Mobile","Flash Cab","41.836150155","-87.648787952","POINT (-87.6487879519 41.8361501547)","41.874005383","-87.66351755","POINT (-87.6635175498 41.874005383)"
"3680bdf06e349c3d238b47301bd0076fa35ba501","db337a8ff5c8d3d3e7a3051de3868f279ddaed337f31413e130d031ced523ee2ca32c0d4b71aec6a46bbd9eb0a625902a617e7e5047835e7474373780ff7f4a6","2026-04-30T22:30:00.000","2026-04-30T22:45:00.000","652","3.1",,,"32","24","13.62","0","0","0","14.12","Mobile","Globe Taxi","41.878865584","-87.625192142","POINT (-87.6251921424 41.8788655841)","41.901206994","-87.676355989","POINT (-87.6763559892 41.9012069941)"
"b3ac48438a72b4dff7f70be66256c93b1c25409d","9d05bb1e4dcb09644d765e5a52fae9d211d80711befe07acc68054f62b98b1811c4245a6ed7d5c92c10156fef815a89689df2a8035e3170c91eb74c97965c816","2026-04-30T22:30:00.000","2026-04-30T23:00:00.000","1105","8.67",,,"75",,"30.09","0","0","0","30.09","Cash","Flash Cab","41.689729914","-87.669054403","POINT (-87.6690544032 41.6897299145)",,,
"9202da596d62c0f489792f1aa6d5a7fbf392615c","a3732f5e710a279cc9858c49f1d8da2306cfa3e5cbf9be0ca7a9fd3d41f269e7e1c5963d0db2b45da0d5c241f7ef9ce1030de95094c83de8cfef1cdfaf5bad7c","2026-04-30T22:30:00.000","2026-04-30T22:45:00.000","242","0.99",,,"16","16","9.5","0","0","0","10","Mobile","Flash Cab","41.953582125","-87.72345239","POINT (-87.7234523905 41.9535821253)","41.953582125","-87.72345239","POINT (-87.7234523905 41.9535821253)"
"0c0c1fb6a8b100eebff362d41899b445ec6f1098","847cf962bd6f62040673e6c24c24940aeb2d7fdaa54677eed6a0aaa4aeef61984916b32d763b4baa6c32476531543bb77e2346cd64f505618f6b9d562243f950","2026-04-30T22:30:00.000","2026-04-30T22:45:00.000","600","0","17031081500",,"8",,"20","0","0","0","20","Credit Card","Transit Administrative Center Inc","41.892507781","-87.626214906","POINT (-87.6262149064 41.8925077809)",,,
"923ab49054e23e627e47520e5f2e22a39b23f5b7","8ec0da05c40087092853b27e0c074c2170767afc9a2231aed23627510e9f91cb1518828b29c193d75451482bf3ffbd3052ddf44ed23cf70cab44deae390b27d3","2026-04-30T22:30:00.000","2026-04-30T23:00:00.000","2124","16.69","17031980000","17031080202","76","8","42.25","13.19","0","10","65.94","Credit Card","Flash Cab","41.97907082","-87.903039661","POINT (-87.9030396611 41.9790708201)","41.905857769","-87.630865027","POINT (-87.6308650266 41.9058577688)"
"b354fd8a49d9e55755e97a9615ea40eb92dabf19","c380f12a04a89cc0e1ec1fb024710f170f212d5211635d812d345461e686bd2e285f0a0bdc5faa02bd15ce258e2df170c4ae86627bb88535522aa7b1addcc960","2026-04-30T22:30:00.000","2026-04-30T22:30:00.000","344","0.6","17031839100","17031081800","32","8","5.5","0","0","0","5.5","Cash","City Service","41.880994471","-87.632746489","POINT (-87.6327464887 41.8809944707)","41.89321636","-87.63784421","POINT (-87.6378442095 41.8932163595)"
"912f1820e2765e33438f4a029360eda702c9fd6d","13c43cc60b31fb6b669b9754de06a37efa94e593ccf126b2ca7682ff4151b280e1e7e8c85c3f6b14070edf00416ce50ce4e867d503612ca76b2b0a032daa6bc4","2026-04-30T22:30:00.000","2026-04-30T22:45:00.000","661","1.88","17031320400","17031080100","32","8","10.52","3.24","0","0","14.26","Mobile","Globe Taxi","41.877406123","-87.621971652","POINT (-87.6219716519 41.8774061234)","41.907520075","-87.6266589","POINT (-87.6266589003 41.9075200747)"
"e8d47177b06be45f2f52e0d64b870ef04cec9083","9980554f20602531547b95999bd62f0e1c60ac5213e7fb410182a26dcf578cd2e57f4eabaa67c6a7588e7075af6416caae54bf200cc144e894cf656612f2d129","2026-04-30T22:30:00.000","2026-04-30T23:00:00.000","1964","17.55","17031980000","17031839100","76","32","43","9.5","0","4","57","Credit Card","Sun Taxi","41.97907082","-87.903039661","POINT (-87.9030396611 41.9790708201)","41.880994471","-87.632746489","POINT (-87.6327464887 41.8809944707)"
"e8f936944d286ac8d5446bc4f9e6809a735cfc2e","885174d7828889980b73d4a0e63d662c0f0b4e465de4e3c3a2aff75ca6ced8be7866bcd2b88fcd2b936d8419d45b1d6423c253c44989066515b9830f44e91995","2026-04-30T22:30:00.000","2026-04-30T22:45:00.000","623","1.77","17031833000","17031320100","28","32","10","0","0","0","10.5","Mobile","City Service","41.88528132","-87.6572332","POINT (-87.6572331997 41.8852813201)","41.884987192","-87.620992913","POINT (-87.6209929134 41.8849871918)"
"eb2b1641b1bd5f27107e253898e410c1bccfafe6","58a80cdb3c9c1a43c90bb9b1d4faa5da222f6b7cf92bc55bd4d0ab6293924f7516091832597425ff50cf147f0f60631bbf079aa4cbd467a437deae0324fbdb9a","2026-04-30T22:30:00.000","2026-04-30T22:30:00.000","355","0.94","17031081500","17031320100","8","32","6","0","0","0","6","Cash","Flash Cab","41.892507781","-87.626214906","POINT (-87.6262149064 41.8925077809)","41.884987192","-87.620992913","POINT (-87.6209929134 41.8849871918)"
"659004fa87c92d3b814d90966317ef14da263b44","91fda2978a4fc5dca34dbd897f28ee663d2492a2b452efbfe6bc381245733b27975f6415b5d333d99bf56c491a61a45eec1cd2f3a02765a8cc9328dac3b38bc7","2026-04-30T22:30:00.000","2026-04-30T22:45:00.000","743","1.93","17031081403","17031839000","8","32","10.99","0","0","0","11.49","Mobile","Taxicab Insurance Agency Llc","41.890922026","-87.618868355","POINT (-87.6188683546 41.8909220259)","41.87101588","-87.631406525","POINT (-87.6314065252 41.8710158803)"
"eb9258ac941ece90a153cb4e53e8fbf591a713c6","1147903107a545f4f4bdd87989e636c520c7f9a08f8342756d7e82378145f43a86f3db41e0ff1bce20967725d523d7a54354b5dcf9a98651d5edb67ead310052","2026-04-30T22:30:00.000","2026-04-30T23:00:00.000","1515","12.91",,,"76",,"33.25","5","0","23.5","62.25","Credit Card","Globe Taxi","41.980264315","-87.913624596","POINT (-87.913624596 41.9802643146)",,,
"ec964fdc30981c7002ddaa16628e31e6fbb9a61d","8ef1056519939d511d24008e394f83e925d2539d668a002c97c441c1d24ab86e29b31a6d8544356006c1eee49dda811760c872d4ddcbaffd55a681b17864a014","2026-04-30T22:30:00.000","2026-04-30T22:30:00.000","489","0.95","17031081700","17031839100","8","32","7.97","0","0","0","8.47","Mobile","Flash Cab","41.892042136","-87.63186395","POINT (-87.6318639497 41.8920421365)","41.880994471","-87.632746489","POINT (-87.6327464887 41.8809944707)"
"5d965f6d87b174b9aab446bcc57283a6cf218907","281b319a9b5b605e48fd6471258d8c61fa30438ddcd5f262282d47ca7fbddaff30f30b538efff19f0eacf39c8a3e9cf2e682bd5e87452fc07af91d489fefad65","2026-04-30T22:30:00.000","2026-04-30T22:30:00.000","761","1.84",,,"8","32","10.79","0","0","0","11.29","Mobile","Flash Cab","41.899602111","-87.633308037","POINT (-87.6333080367 41.899602111)","41.878865584","-87.625192142","POINT (-87.6251921424 41.8788655841)"
"b24682c2c53204fc6d229f4e103f23c7a7db757f","6dbac74c2838addb28d0bf34cf126cf1624cc61180bfb2f89753e3502a23830135b61ebb9ce5902c21cc58a8587ca4f9a369cba30ca46a136813508f1e3cc4c7","2026-04-30T22:30:00.000","2026-04-30T22:45:00.000","1706","15.53",,,"76","7","38.5","8.6","0","4","51.6","Credit Card","Taxicab Insurance Agency Llc","41.980264315","-87.913624596","POINT (-87.913624596 41.9802643146)","41.922686284","-87.649488729","POINT (-87.6494887289 41.9226862843)"
"e80e2a3f99cf50305041a8ff3eb4690fce010d91","ca2e49fc5f32316d5c59cabe4993d8f7b27ee126bc505836ae638a3a60ddf28a06fd497610cc6647831d8104f0574bcd8cea05fa5a8bd124061bfee79df6c1f2","2026-04-30T22:30:00.000","2026-04-30T22:45:00.000","1380","7.3",,,"32","6","21.5","2.5","0","0","24","Credit Card","Transit Administrative Center Inc","41.878865584","-87.625192142","POINT (-87.6251921424 41.8788655841)","41.944226601","-87.655998182","POINT (-87.6559981815 41.9442266014)"
"52504217361a330d46446638b98f0a7bba5c2f67","24515782c70f09819506a7724a57e77c78fea60c4dc91d5ded0c5ba8293b368b39b17e5b1ea2ea7ee81f9a4e6351a6741a2cc7c2055165a943d11113b0009509","2026-04-30T22:30:00.000","2026-04-30T23:00:00.000","2116","18.13","17031980000","17031081300","76","8","45.25","5","0","4","54.75","Credit Card","Sun Taxi","41.97907082","-87.903039661","POINT (-87.9030396611 41.9790708201)","41.898331794","-87.620762865","POINT (-87.6207628651 41.8983317935)"
"cd3cc8b721ce562dacfb5693be3c6e9e698207df","b5ad9d970e0745256fbb7517babae43abcb43115d076dfcf4f08b427f18135fe75de72c1e3ebba579bc0a464055ca9ae6869f49fab8cc793a829e5c9f11cdf0b","2026-04-30T22:30:00.000","2026-04-30T22:30:00.000","600","1.3",,,"22","22","7.25","9.45","0","39.5","56.2","Credit Card","Transit Administrative Center Inc","41.92276062","-87.699155343","POINT (-87.6991553432 41.9227606205)","41.92276062","-87.699155343","POINT (-87.6991553432 41.9227606205)"
"7218558cd66b76956428b8aed6a9d22e703f4fe1","dff961ecd817888f464f58b7438c55182ed09d92003ec46cf92bff17bd6a7411fbb2e62a529caba1762ae76d027cd34640c152047ddbe45cc693cf4a20f7201c","2026-04-30T22:30:00.000","2026-04-30T22:45:00.000","1308","5.31",,,"28","6","16.49","0","0","0","16.99","Mobile","Medallion Leasin","41.874005383","-87.66351755","POINT (-87.6635175498 41.874005383)","41.944226601","-87.655998182","POINT (-87.6559981815 41.9442266014)"
"64ab4c90420df9ab3c01fa0f21a79f2a24171d70","90eaf112d5270d578a5cb78201bc722e41a982e89736f9d5ef6c147cc4d75969f5d23ab9535e99ebd1db36b6dd5baa070cab20b854cc66adc5d9573d9e5fbd7a","2026-04-30T22:15:00.000","2026-04-30T22:45:00.000","2057","8.79","17031839100","17031031700","32","3","27.65","0","0","0","28.15","Mobile","Flash Cab","41.880994471","-87.632746489","POINT (-87.6327464887 41.8809944707)","41.965445784","-87.66319585","POINT (-87.6631958495 41.9654457842)"
"e480325a1653792761dfac5542d651c628941487","42bfc19863617733aaa5ef96de670e3307690921a42d3df9e13ff7a35fa621088d7656cf297d3bb44306fa4ebc03bc631afc3c050b0562dea4b0b833e85818d2","2026-04-30T22:15:00.000","2026-04-30T22:30:00.000","468","1.59",,,"8","7","9.05","0","0","0","9.55","Mobile","Sun Taxi","41.899602111","-87.633308037","POINT (-87.6333080367 41.899602111)","41.922686284","-87.649488729","POINT (-87.6494887289 41.9226862843)"
"0fd1be747104700b59245e52723060b49b3222ae","e60d18a367f2854569291d4b1a201ec4d9e1b0646f3f59a12d89ccb6460cc460d44e35a3e480976ca61edfe9be689ce99721390dc9484d2193aebde255cb71bd","2026-04-30T22:15:00.000","2026-04-30T22:15:00.000","651","2.51",,,"8","33","12.4","0","0","0","12.9","Mobile","City Service","41.899602111","-87.633308037","POINT (-87.6333080367 41.899602111)","41.857183858","-87.620334624","POINT (-87.6203346241 41.8571838585)"
"7e5d65787537417c08794e96061768fcfb5b099c","79219c93534ec6a4b5b0c1f4a417880aff508f62e8c21e48c7839da8b4791dae82108d4f1ebc576a84f913f045bfe4f9f49c24123a85a3923b4716511196853d","2026-04-30T22:15:00.000","2026-04-30T22:45:00.000","1366","13.65",,,"32",,"41.63","0","0","0","42.13","Mobile","Sun Taxi","41.878865584","-87.625192142","POINT (-87.6251921424 41.8788655841)",,,
"7159a62abf9d882c78364440063f5206942379b8","1aa27355c709dc0cba3790a2549861c6b7864165ccf0200acea758474b04eb0c3d30bb4b69311843dff9944351170a4d0d707b2e7bd4aef1c5979b050925d38d","2026-04-30T22:15:00.000","2026-04-30T23:00:00.000","2460","17",,,"8","76","44","0","0","0","44","Cash","Transit Administrative Center Inc","41.899602111","-87.633308037","POINT (-87.6333080367 41.899602111)","41.980264315","-87.913624596","POINT (-87.913624596 41.9802643146)"
"8fd85c80b152b3ff614c8c69d0c5ad54273f2aa5","6ac56232b10298edfb36d568c8f7e71db5a741c2f31c81985b330d81204f52dd0464af1383eacefc4d2c9b7c0bf5e38c29e8433f3e6f5401f3783be477b0fcc6","2026-04-30T22:15:00.000","2026-04-30T23:00:00.000","2361","14.36",,,"76","77","37.75","10.56","0","4","52.81","Credit Card","Sun Taxi","41.980264315","-87.913624596","POINT (-87.913624596 41.9802643146)","41.9867118","-87.663416405","POINT (-87.6634164054 41.9867117999)"
"63e0c90a15fd70ad498eb0aa2a4d1fabfa169946","1f25a2b2c1cf1bd6ad6733bfa6eacddf5c9475102bfcd76b39ecab3ebbb2bbbd03a359ed46994d173cc6ee81bb555cea2ab424228057ea4b4170c43cd226bff4","2026-04-30T22:15:00.000","2026-04-30T22:30:00.000","180","0",,,,,"4.25","0","0","0","4.25","Cash","Taxicab Insurance Agency  LLC",,,,,,
"514528e648dcb85b770f3a4cb7cbc0aad2adbc4b","e571c5fe8182d6ded4596be528c55bd4a011b726635dcf3180bd83b5b1928a9c47104440ab2d4ce9ca9e5525a9aeea126388728654cb09d2d0531235a9b5e6ca","2026-04-30T22:15:00.000","2026-04-30T22:45:00.000","2127","16.98","17031980000","17031839100","76","32","42.25","0","0","5","47.25","Cash","Taxicab Insurance Agency Llc","41.97907082","-87.903039661","POINT (-87.9030396611 41.9790708201)","41.880994471","-87.632746489","POINT (-87.6327464887 41.8809944707)"
"e4bee7f8ae874ff007b25b14db8264ebfb07e015","f35fcc7d28fd3ca0324ad6b42c6bf1dd0413320a9c4b65cb10b92def1ea763bd2bd706f4e189be46b08d37e56f1ddb72f06d89e6a64e0cb7172e3618e519c33e","2026-04-30T22:15:00.000","2026-04-30T22:30:00.000","979","2.62",,,"8","28","12.42","3.49","0","0","16.41","Mobile","Medallion Leasin","41.899602111","-87.633308037","POINT (-87.6333080367 41.899602111)","41.874005383","-87.66351755","POINT (-87.6635175498 41.874005383)"
"3114828714ed8355a626d2bb69cdc71ea3f88f64","3ccc4b1ea3dbdfa334014eeebc4fb862255314ce10aeac2b29f56f150eaf70e76a96a0ffb846e22a81f9d64e9d10c1c50bc035d810920684454600d3a1ff69fb","2026-04-30T22:15:00.000","2026-04-30T22:45:00.000","2316","17.49","17031980000","17031081500","76","8","43.5","9.6","0","4","57.6","Mobile","Sun Taxi","41.97907082","-87.903039661","POINT (-87.9030396611 41.9790708201)","41.892507781","-87.626214906","POINT (-87.6262149064 41.8925077809)"
"212d5860f081c19c047fdcff16fcbb9beb6f9a7e","e1cf6c401b0eff9128dad27435a344db33ed69d2be0a63a302a476bc9e332e10fbb4351f7bdb0db10288b691e1375e5f1aae4859451d3d65a68eac5bbce01e61","2026-04-30T22:15:00.000","2026-04-30T22:45:00.000","2027","14.93","17031980000","17031061902","76","6","38.25","10.69","0","4","53.44","Credit Card","5 Star Taxi","41.97907082","-87.903039661","POINT (-87.9030396611 41.9790708201)","41.943155086","-87.640698076","POINT (-87.640698076 41.9431550855)"
"58455cbe09c00099169e01ea7157e5a1e6839b15","56a4542ecb5adb7e4306cacc42ae81c53a711c6a658ff7ab6b8cbac8902240f63e4f073103d5ddf561244183057fef9f329a33d28c51f7fede513131084d8729","2026-04-30T22:15:00.000","2026-04-30T22:45:00.000","2239","17.36","17031980000","17031833100","76","28","42.75","11.81","0","4","59.06","Credit Card","5 Star Taxi","41.97907082","-87.903039661","POINT (-87.9030396611 41.9790708201)","41.879066994","-87.657005027","POINT (-87.657005027 41.8790669938)"
"710545c071bf8c6c8db7e152e710a3061f247f52","41235584d1969c7a37382dbbac8e063edfc824f5bddddea9da0299ff2dfb790081ed159c74bc5bc18366e3219a4885d5c881b538d083d8a72f4a3b9d3cbe7127","2026-04-30T22:15:00.000","2026-04-30T22:15:00.000","392","1.53","17031071500","17031081600","7","8","8.33","0","0","0","8.83","Mobile","5 Star Taxi","41.914616286","-87.631717366","POINT (-87.6317173661 41.9146162864)","41.892072635","-87.628874157","POINT (-87.6288741572 41.8920726347)"
"714358ecb6a08d6a301597d9da2f4bcee38bacc4","a9264178aea9106814363f4ca92ca09da32ee79f8c67713eb5dc316e548c380d716965b7e6e39a1f74357b2fcae0e9222f0afc363cf29c366076461ab3b3e17b","2026-04-30T22:15:00.000","2026-04-30T22:30:00.000","475","1.62","17031071500","17031081300","7","8","9.5","2.71","0","0","12.71","Mobile","City Service","41.914616286","-87.631717366","POINT (-87.6317173661 41.9146162864)","41.898331794","-87.620762865","POINT (-87.6207628651 41.8983317935)"
"8f4221837bf43c8b08caf0736584e0c94175ce40","a0f44bc0a273e49230e4abe4d0a8d3a1e8305945f8fa0b0556bf2e6410a1c80ab39b5bacd926445645a577a13d52988ce42ef904e3a262c18f5c8c3eb3b901a2","2026-04-30T22:15:00.000","2026-04-30T22:30:00.000","464","1.57","17031071500","17031081600","7","8","9.06","0","0","0","9.56","Mobile","Globe Taxi","41.914616286","-87.631717366","POINT (-87.6317173661 41.9146162864)","41.892072635","-87.628874157","POINT (-87.6288741572 41.8920726347)"
"35dc0a6717dfb6d0d4c187139c9744e33869449d","bd2bb222f12bbd1e738432cafdf7d8c345799df3118510528e37b0374b345cc4b3d418d33380e62572353ea34e7d6030b4fede789434364e2edd8d5e6a217575","2026-04-30T22:15:00.000","2026-04-30T23:15:00.000","3214","31.3",,,"76","72","74.5","15.8","0","4","94.8","Credit Card","Choice Taxi Association Inc","41.980264315","-87.913624596","POINT (-87.913624596 41.9802643146)","41.713148612","-87.675075312","POINT (-87.6750753124 41.713148612)"
"e411a8f038298255d3957ca6e254bb0814ad0102","fbaffead610ff2c1399de672ab9c0be66b2305352b22e373a2f2ed4798c45cd6d1d53bfc1d3187ecddacbe0dd59c7b115b4bc7f3a7e159c4b333f0a25164618f","2026-04-30T22:15:00.000","2026-04-30T22:30:00.000","862","1.81","17031081800","17031320100","8","32","10.21","0","0","0","10.71","Mobile","Medallion Leasin","41.89321636","-87.63784421","POINT (-87.6378442095 41.8932163595)","41.884987192","-87.620992913","POINT (-87.6209929134 41.8849871918)"
"63257120ec7ce64dd77646d9fb3c2bf05884e8fa","081ccd1ec8ea43f5aba0cfcc53977d1fa8cc826c708a4c9c1dde7cbe488e8e55b1427c6dbb87a287c7a317fdd368a4c2d76f06e5ed93b8cafd5861a482fa782b","2026-04-30T22:15:00.000","2026-04-30T22:30:00.000","540","2.55",,,"32","24","12.13","0","0","0","12.63","Mobile","Flash Cab","41.878865584","-87.625192142","POINT (-87.6251921424 41.8788655841)","41.901206994","-87.676355989","POINT (-87.6763559892 41.9012069941)"
"e3b02e24a4200c4d6a18ff150a4c153a2f87de3f","2e82e26afb77e809fe4a44b02a152bdc079623600ae1b767fa44969c1fecedae23b48b65a2e48b8d9e602673db6c2be9ce16f233c3391100efa4c11bd562dbad","2026-04-30T22:15:00.000","2026-04-30T22:30:00.000","120","0.2","17031320100","17031320100","32","32","4","3","0","1","8","Credit Card","Transit Administrative Center Inc","41.884987192","-87.620992913","POINT (-87.6209929134 41.8849871918)","41.884987192","-87.620992913","POINT (-87.6209929134 41.8849871918)"
"4956d1f28314f54b035cf0e1a3e98e9cda530f43","4030b29dd1ab83d0c992425e312f2f93405cfc7d07f8888c63f24372c957102285d867adb5654b0271719ab1854bd31951dbdd9293fd7ad1cbe39f41d39d115d","2026-04-30T22:15:00.000","2026-04-30T22:45:00.000","1177","4.69",,,"7","33","20.98","0","0","0","21.48","Mobile","Flash Cab","41.922686284","-87.649488729","POINT (-87.6494887289 41.9226862843)","41.857183858","-87.620334624","POINT (-87.6203346241 41.8571838585)"
"3147249a1308522ae6eccb501bef8d7253a501e0","14bb6996d155f550fb51bfc2563179aa64c76a534aa8ff851fe03f4bcf97a097abe755ed67356c43005dc16a0cc7245955730fb0d847fdfe21b4e3a855eccdc3","2026-04-30T22:15:00.000","2026-04-30T22:15:00.000","210","0.59","17031081403","17031081500","8","8","15","0","0","0","15.5","Credit Card","Globe Taxi","41.890922026","-87.618868355","POINT (-87.6188683546 41.8909220259)","41.892507781","-87.626214906","POINT (-87.6262149064 41.8925077809)"
"e359cb1bbbe27869a06149a95f7ed6a9959ba8e0","a34197ac89f410cc58ddae8479f237de5369606e4d42bca4a0c55a6feb7e13d2096a9814340c75eb6c75a2a17c8ac8cb43b2a7d59e024097bc5626a9aa1df514","2026-04-30T22:15:00.000","2026-04-30T23:00:00.000","2580","17.3","17031980000","17031833100","76","28","42.75","11.8","0","4","58.55","Credit Card","Transit Administrative Center Inc","41.97907082","-87.903039661","POINT (-87.9030396611 41.9790708201)","41.879066994","-87.657005027","POINT (-87.657005027 41.8790669938)"
"443b5a2b053288ecaa1571d4c2c7845e40079d6b","a65dede618671951baaba8f54ab330e12d5979765c8e68ca5877d91eb98595b5f72ef95fb5bfdb663cf0abf5474457a2cc859aa08da107be4ec430ec71a4c95d","2026-04-30T22:15:00.000","2026-04-30T22:30:00.000","1208","4.75",,,"28","6","18.75","0","0","0","19.25","Mobile","5 Star Taxi","41.874005383","-87.66351755","POINT (-87.6635175498 41.874005383)","41.944226601","-87.655998182","POINT (-87.6559981815 41.9442266014)"
"0807635671b100f6ad2864c52e0aa594c17f2a69","1fa163575aa6ed611da56a6fbeca7a39ca28e5c410e1cc4df9bda16dbc3a0221ea75a18ee1ad63f2fe568cff59ae0356d19868e5322baf4edb6cb9082c030e79","2026-04-30T22:15:00.000","2026-04-30T22:15:00.000","86","0",,,"1","1","3.5","0","0","0","3.5","Cash","Chicago Independents","42.009622881","-87.670166857","POINT (-87.6701668569 42.0096228806)","42.009622881","-87.670166857","POINT (-87.6701668569 42.0096228806)"
"7e5679ea8fd7d06cde27df20190e0e689a197c43","78d1ae230754ef2eca7aa3e828789bc4714b8a261a35d5a68ec99361a2ac78cadf9daceaf0feaf8965e9932ad127499fd270df74e1308b412a4da1ea8c0fbbfa","2026-04-30T22:15:00.000","2026-04-30T22:30:00.000","1098","3.37","17031833000","17031071400","28","7","15.6","0","0","0","16.1","Mobile","City Service","41.88528132","-87.6572332","POINT (-87.6572331997 41.8852813201)","41.922082541","-87.634156093","POINT (-87.6341560931 41.922082541)"
"e43f01c86a6f776506b79f074d2895af359e90cd","f7bcb9ff63826f85b491e1e945a6c7ae000f982f7ec23fcc9f754b78330fed4296e4a64d4ddb06c637c2cbe7bf616d91eae1fa9dbff4f952efd632d4a731e078","2026-04-30T22:15:00.000","2026-04-30T22:30:00.000","1083","5.42",,,"8","6","19.62","0","0","0","20.12","Mobile","5 Star Taxi","41.899602111","-87.633308037","POINT (-87.6333080367 41.899602111)","41.944226601","-87.655998182","POINT (-87.6559981815 41.9442266014)"
"8dbe6c11cda3a48c6e97d9ec8b53d1180c6c85b0","c9bda81f1aaad786527911c983b6be11f28c6f46469e1a12eda3bc4efa0b2c7b70b5560a4157b3c002b7b9bbcbfc0cc2063b45c11572a512ad669c78a717f7c4","2026-04-30T22:15:00.000","2026-04-30T22:45:00.000","2449","17.39",,,"76",,"43.75","9.65","0","4","57.9","Credit Card","Taxicab Insurance Agency Llc","41.980264315","-87.913624596","POINT (-87.913624596 41.9802643146)",,,
"ae2c6e8d993875b0c4f457366b51f4d0bf14af8a","a39edfa6e2ec6209ece046221d25bdb4c4fee327de239ab3ba59ccf24f5c0fa3ae1d2eae70dca967a16209a8c676b71e685759e76214095b11b8896f4080e607","2026-04-30T22:15:00.000","2026-04-30T23:15:00.000","3891","18.31","17031980000","17031320100","76","32","49.75","10.85","0","4","65.1","Credit Card","Sun Taxi","41.97907082","-87.903039661","POINT (-87.9030396611 41.9790708201)","41.884987192","-87.620992913","POINT (-87.6209929134 41.8849871918)"
"e2d2c17692c6c31b47b74779ac6d70a3734069cf","b2b3941b38fad492b956dc4ec546dab16697d7071bcb02e32dc134d60ff07af848f7cc28394204910ec2e442df14f07c7c48828f1d8a317f9365e8f394ac4a8b","2026-04-30T22:15:00.000","2026-04-30T22:45:00.000","2040","14.3","17031980000","17031070600","76","7","37","8.3","0","4","49.3","Credit Card","Transit Administrative Center Inc","41.97907082","-87.903039661","POINT (-87.9030396611 41.9790708201)","41.928763006","-87.665676837","POINT (-87.665676837 41.9287630064)"
"ae47b2a8ab62a960bdd79ab980e9e1dab92aed49","20f934fdbdc9a49b1c77a16499683727101bc8c3184739476513e131faebd5d84541834ef672ee50968f139dc7b8d0c4628d6c7a91ce1c54bd58588dcada9e87","2026-04-30T22:15:00.000","2026-04-30T23:00:00.000","2149","12.67",,,"76","4","33.75","0","0","0","33.75","Cash","Chicago Independents","41.980264315","-87.913624596","POINT (-87.913624596 41.9802643146)","41.975170943","-87.687515515","POINT (-87.6875155152 41.9751709433)"
"0f6b2e7e37646c53b0387d6fd22078e1ab96dafc","eb0f2345fdcb97ed52105cd4044ae6e3302eb4253ff9d804a0315deee7dc96462c233ee45be74d33d1560159854cef22fb70868070a162172d52876392cc948c","2026-04-30T22:15:00.000","2026-04-30T22:45:00.000","1987","21.39",,,"76",,"52","17.1","0","33","102.6","Credit Card","5 Star Taxi","41.980264315","-87.913624596","POINT (-87.913624596 41.9802643146)",,,
"addf261583168686964b47f22073ee231f80d773","90d1d06c9e82801007cabc6d76113e7b7d2589d6b808e0dca7155c27b277ea0968ba4271f4ccc7f986490648f0fcda9242f7f9056f11002103460da3673cc02e","2026-04-30T22:15:00.000","2026-04-30T22:15:00.000","0","0",,,"24","24","43","8.7","0","0","51.7","Credit Card","Transit Administrative Center Inc","41.901206994","-87.676355989","POINT (-87.6763559892 41.9012069941)","41.901206994","-87.676355989","POINT (-87.6763559892 41.9012069941)"
"ad851f28d06650d18822af20b98f2275e84c57c7","89fc6b1f0628f328ccd1021fcf4e7318bb2f9962da9259b522bde63ca44f9f201a016291bbd2801fad04845cfd5b30b954afedccb22f6c49fadda05821804a06","2026-04-30T22:15:00.000","2026-04-30T22:30:00.000","1127","6.35",,,"32","38","19.75","0","0","0","19.75","Prcard","Flash Cab","41.878865584","-87.625192142","POINT (-87.6251921424 41.8788655841)","41.812948939","-87.617859676","POINT (-87.6178596758 41.8129489392)"
"ad5213e2957c269a9794d579fd7309a3fd6be13f","eead1e2c21b26570411277cb384d3d8d072fc6da913b0617c841cfd3f6cdf40c508395c589a56d12afd2ec4002948fdeb56cb029227274b760200d7c0e2dcb1c","2026-04-30T22:15:00.000","2026-04-30T23:00:00.000","2496","17.96","17031980000","17031320100","76","32","45","9.9","0","4","59.4","Mobile","5 Star Taxi","41.97907082","-87.903039661","POINT (-87.9030396611 41.9790708201)","41.884987192","-87.620992913","POINT (-87.6209929134 41.8849871918)"
"70059e5966f21908362a7a69721a5452c950f4f2","a8107c5481ea5eed4d6fa93cd1648f3f69c6822a6fff49ffd923bb75143c36a7f99d7a4af12ec68d9a85591a64671de48d14ba70d22501698b01747effc01cb1","2026-04-30T22:15:00.000","2026-04-30T22:15:00.000","830","1.98","17031081402","17031281900","8","28","9.76","3.8","0","0","14.06","Mobile","Chicago Independents","41.891971508","-87.612945414","POINT (-87.6129454143 41.8919715078)","41.879255084","-87.642648998","POINT (-87.642648998 41.8792550844)"
"e12092ef00a2621714ffe958a6ffe75d6d4dbd19","10a1a12aaa298a258ad67d07cb3ad152e721f24494442a023a5ed2f66a740a18957a4cc7a47b3826d48c350b44e194941446d8d8a0da4f951b0be9885971af68","2026-04-30T22:15:00.000","2026-04-30T22:45:00.000","1856","7.16",,,"32","6","23.5","4.8","0","0","28.8","Credit Card","City Service","41.878865584","-87.625192142","POINT (-87.6251921424 41.8788655841)","41.944226601","-87.655998182","POINT (-87.6559981815 41.9442266014)"
"6243ca76966bbdbb36a64fd61589ca22e19b4b88","d156d4adff01addd62b65753ce67dc8e04bdaf60f7eb14a4a557f54062e2fc83ca1ebe1bf2cd9eb7aac4a12707cb5aa3e915d9fe1e729dfb5fa5657659e11eab","2026-04-30T22:15:00.000","2026-04-30T22:30:00.000","909","2.86","17031320400","17031080100","32","8","11.45","3.49","0","0","15.44","Mobile","Blue Ribbon Taxi Association","41.877406123","-87.621971652","POINT (-87.6219716519 41.8774061234)","41.907520075","-87.6266589","POINT (-87.6266589003 41.9075200747)"
"1cae7e40b588b25dc63f1ed88b6bc28357ce2f03","f2dc0cb125f6187de4f432b3c77c12e2e6d07477049dfe77b4d5b5e8c0882df155c52e9c126a38751ac646b7b23fb21fb6a2b6558e0d6d3495a2e3da6d6ef3f5","2026-04-30T22:15:00.000","2026-04-30T23:15:00.000","3488","21.93",,,"76","32","57.25","11.12","0","4","72.87","Mobile","Taxicab Insurance Agency Llc","41.980264315","-87.913624596","POINT (-87.913624596 41.9802643146)","41.878865584","-87.625192142","POINT (-87.6251921424 41.8788655841)"
"00c3e3ab41e376c1aa7bb28c7e1abd9d4354472e","062551a6a256e259d266eb4904910a6d2fe1b649bc71441bf11c66054074cf9baf7024dc1d632e89f19f3539d6fce906dfc13e45449f873cbb46509e03e52764","2026-04-30T22:15:00.000","2026-04-30T22:15:00.000","440","1.34","17031080300","17031081600","8","8","7.94","0","0","0","8.44","Mobile","Taxicab Insurance Agency Llc","41.90749193","-87.63576009","POINT (-87.6357600901 41.9074919303)","41.892072635","-87.628874157","POINT (-87.6288741572 41.8920726347)"
"abb3dd403a6eb5f831d47befe8f62c00f038d53e","a3732f5e710a279cc9858c49f1d8da2306cfa3e5cbf9be0ca7a9fd3d41f269e7e1c5963d0db2b45da0d5c241f7ef9ce1030de95094c83de8cfef1cdfaf5bad7c","2026-04-30T22:15:00.000","2026-04-30T22:15:00.000","213","0.56",,,"14","16","9.58","0","0","0","10.08","Mobile","Flash Cab","41.968069","-87.721559063","POINT (-87.7215590627 41.968069)","41.953582125","-87.72345239","POINT (-87.7234523905 41.9535821253)"
"8bc83ac15dbade7e8530192a1b98e9ca69200d99","0a30368c540c335327583787a08483af4f6e2bd6a80027cc5375e3ab856032a1cdf8b448f81cc00402691db5b2fb788d6460230de0d13bdd2920e3153043f123","2026-04-30T22:15:00.000","2026-04-30T22:30:00.000","1348","10.07","17031980000",,"76",,"26.75","11.31","1","17","56.56","Credit Card","Flash Cab","41.97907082","-87.903039661","POINT (-87.9030396611 41.9790708201)",,,
"8c3ec7b403abf46d9c8d3e1d75b8dbee48f9b27f","281b319a9b5b605e48fd6471258d8c61fa30438ddcd5f262282d47ca7fbddaff30f30b538efff19f0eacf39c8a3e9cf2e682bd5e87452fc07af91d489fefad65","2026-04-30T22:15:00.000","2026-04-30T22:15:00.000","503","0.86","17031320100","17031081300","32","8","7.64","0","0","0","8.14","Mobile","Flash Cab","41.884987192","-87.620992913","POINT (-87.6209929134 41.8849871918)","41.898331794","-87.620762865","POINT (-87.6207628651 41.8983317935)"
"504337b2a6e38dd44e637916a9c5b7302d0b487c","4628ef9dfa973bdfe877c5aa9d9738f9dc1204e54f2f1a4cc18141f37e2e66d080533f82510a96d1525b28eee833696f7e1337e9999a38f2fd5babf71585a344","2026-04-30T22:15:00.000","2026-04-30T22:45:00.000","2258","16.58","17031980000","17031080100","76","8","55","11.9","0","4","71.4","Credit Card","Chicago Independents","41.97907082","-87.903039661","POINT (-87.9030396611 41.9790708201)","41.907520075","-87.6266589","POINT (-87.6266589003 41.9075200747)"
"1832f4618623e8bc4bb54b882a4f51199ce3dd2f","1b81e5e78bcbbadeb6bba4699674e4b98c0ed19150c23962b4b65b2d3111a6251aedeedb47ea173b425584bb2946ad0c9acf854751ca0e3673bd89fe0de28814","2026-04-30T22:15:00.000","2026-04-30T22:45:00.000","1261","7.29",,,"32","20","23.3","0","0","0","23.8","Mobile","Taxicab Insurance Agency Llc","41.878865584","-87.625192142","POINT (-87.6251921424 41.8788655841)","41.924347077","-87.734739754","POINT (-87.7347397536 41.9243470769)"
"8bc26d9c5d1dabafa846816c414394476942c159","38f6145c9a2b848dc1baa16fd91087e606b12bcb8757a9eb003dfab2c031fcaeb931c1ae6b486fab5f1c21037f33a187d1cb97080f4334a63f7ce0713d0f47b4","2026-04-30T22:15:00.000","2026-04-30T22:30:00.000","600","2.3",,,"28","33","9.5","0","0","0","9.5","Credit Card","Transit Administrative Center Inc","41.874005383","-87.66351755","POINT (-87.6635175498 41.874005383)","41.857183858","-87.620334624","POINT (-87.6203346241 41.8571838585)"
"dc42d0af022c5f3524990a58ba182e13aa475f34","9254a08e0db3d3927e9cca4b40763bc6867c61350211ac81695e7282f8da382fe4a780827005bc1e361bfea4c54d655d4967405c34a156306a47fe5e6663e0c3","2026-04-30T22:15:00.000","2026-04-30T22:45:00.000","1403","8.47",,,"76","15","23.25","0","0","5","28.25","Cash","5 Star Taxi","41.980264315","-87.913624596","POINT (-87.913624596 41.9802643146)","41.954027649","-87.763399032","POINT (-87.7633990316 41.9540276487)"
"da5518dd6d42d67bbc964572279301ba9e197bf1","44049c7908303b494d2afeb82abce1695e2e9124a75016fcdcb62476f9d1da26c41c523270960f8e0aef78f27e5d311d33f726a40636e7a7db7e81633a949600","2026-04-30T22:15:00.000","2026-04-30T23:00:00.000","2318","18.18","17031980000","17031081500","76","8","45.5","10.2","0","5","61.2","Credit Card","Chicago Independents","41.97907082","-87.903039661","POINT (-87.9030396611 41.9790708201)","41.892507781","-87.626214906","POINT (-87.6262149064 41.8925077809)"
"51560b66e625cb6ac4686f56ce7d3786535afefb","b41e8c8124d8d600a4db8b7c176c2956756d378c749cb11c0a8e2c326a4c1cd83cac353869b657c398c9abc2c9d1d4c760905cfd5189595282dbfbe2fb0ce482","2026-04-30T22:15:00.000","2026-04-30T22:30:00.000","616","1.13","17031081402","17031081700","8","8","9.5","2.17","0","0","12.17","Mobile","Tac - Yellow Cab Association","41.891971508","-87.612945414","POINT (-87.6129454143 41.8919715078)","41.892042136","-87.63186395","POINT (-87.6318639497 41.8920421365)"
"ab206e2aad5b4a01efbd647e518fab929d6c0d15","fdc3156afe8accb70f5aea5f2cd2d7cefd089d13b6d930151e1a195fbb53b1caf1b110ebbb901077e295080c2a5a3e1b2d2b42595435d1defd965e1604c1cf90","2026-04-30T22:15:00.000","2026-04-30T22:30:00.000","540","1.6",,,"8","28","8","0","0","0","8","Cash","Transit Administrative Center Inc","41.899602111","-87.633308037","POINT (-87.6333080367 41.899602111)","41.874005383","-87.66351755","POINT (-87.6635175498 41.874005383)"
"08caa0b146b7559b3aca00b429331d4d1053976f","ddc0a237498a82a0803761188d0ea048623b5d91f29ad2b1ba514d1b4eec6f5bdaa2ed6e1d1df38960d9bce8935fc9cae8826d55b73261dc4f60d01af8a02617","2026-04-30T22:15:00.000","2026-04-30T22:15:00.000","208","0.34",,,"32","32","9.5","2.61","0","0","12.61","Mobile","Flash Cab","41.878865584","-87.625192142","POINT (-87.6251921424 41.8788655841)","41.878865584","-87.625192142","POINT (-87.6251921424 41.8788655841)"
"904e1514bb68d96db7780fcf41681de9e09de1ae","0fdab9be71f6d88e3d3a2e115afc5a33d2bf74153792c50143688a9c285f33207c6dc6d558d09b16fe1d167e979b0daffaba4f089cac2517a1fab980a4386ade","2026-04-30T22:15:00.000","2026-04-30T22:30:00.000","280","0.59",,,"8","8","5.25","0","0","1","8.75","Cash","City Service","41.899602111","-87.633308037","POINT (-87.6333080367 41.899602111)","41.899602111","-87.633308037","POINT (-87.6333080367 41.899602111)"
"da3ee4fa5f9eee146ecf6afb54a3b858c59dd949","d7de5a594d0efed735dbce1fe6b9ae0651df194867e00426b93f70cadd9c00ebb6e0951de8d95cf4a50a32eb302e46f0c092453bcae803baa0a3b1b547979592","2026-04-30T22:15:00.000","2026-04-30T22:30:00.000","513","1.72","17031081700","17031081402","8","8","9.55","0","0","0","10.05","Mobile","Taxicab Insurance Agency Llc","41.892042136","-87.63186395","POINT (-87.6318639497 41.8920421365)","41.891971508","-87.612945414","POINT (-87.6129454143 41.8919715078)"
"0555343e6fb7f39239112865cddbba76020f8967","58b84dbfd24a1b80b0cd6f1297fd9434948032b715b217dbdd9cf66340e43c39bda7bad5a62fa7c1de7b79076edd620175b887f11e8141d7baa1d50ade4077e8","2026-04-30T22:15:00.000","2026-04-30T22:15:00.000","630","3.53",,,"8","6","14.15","0","0","0","14.65","Mobile","Blue Ribbon Taxi Association","41.899602111","-87.633308037","POINT (-87.6333080367 41.899602111)","41.944226601","-87.655998182","POINT (-87.6559981815 41.9442266014)"
"8cb66e95cd131920ff929b8e50efa9a4bc8a143b","85c39e068db414d181c6252a89fd822afc2e169a9a9e853a14000c4e8d301ab4158f92ddb7d420aad7b979d438b7b61b5bd888bc8803a0050af936b7f6c3e370","2026-04-30T22:15:00.000","2026-04-30T22:30:00.000","810","2.35","17031839100","17031330100","32","33","11.61","0","0","0","12.11","Mobile","Blue Ribbon Taxi Association","41.880994471","-87.632746489","POINT (-87.6327464887 41.8809944707)","41.859349715","-87.617358006","POINT (-87.6173580061 41.859349715)"
"ab6cc65d7aa9f2a8ef2bc9a2cfa40d1c0702dbcb","1e17dd9f6bce9b805ec3f6c6b510caa5a64e4b67e9f3b79fa7ca1781d0c7970d6b754f429a79075c22e353586076b9f2f6856e8f98b31f5022751d7eb321069b","2026-04-30T22:15:00.000","2026-04-30T22:15:00.000","593","1.13","17031081403","17031081800","8","8","7.27","0","0","0","7.77","Mobile","City Service","41.890922026","-87.618868355","POINT (-87.6188683546 41.8909220259)","41.89321636","-87.63784421","POINT (-87.6378442095 41.8932163595)"
"df707d2b4713b1382089b8d2f4e105c0174afcfd","0671aa9764799e2893118b9adeedb4f1c542bc9cbe32cdd990f87f9f2954820cac7a5d933f1e322d949eae50a5e2ab44f04174b4fa659f64f516e152ad41a3db","2026-04-30T22:15:00.000","2026-04-30T22:30:00.000","720","3.5","17031980000","17031770700","76",,"11.5","15","0","4","30.5","Credit Card","Transit Administrative Center Inc","41.97907082","-87.903039661","POINT (-87.9030396611 41.9790708201)","41.982775009","-87.8773054","POINT (-87.8773053996 41.9827750091)"
"e338ffedc2742f21f788ccb3a56630d7c787c2a9","d2a9362483decbe7b2d28d38ff371f05fafd542a60e8c9e4d5e3150e2c0b41b9e2b69e561807859b9ccb8c0f27922c183460b9f858df03f53b9656b8b829ceb1","2026-04-30T22:15:00.000","2026-04-30T22:30:00.000","992","2.75","17031833000","17031081402","28","8","11.2","2.56","0","0","14.26","Mobile","Flash Cab","41.88528132","-87.6572332","POINT (-87.6572331997 41.8852813201)","41.891971508","-87.612945414","POINT (-87.6129454143 41.8919715078)"
"285b113e99d4a66804fd1a9cf90fb03446c5df48","f6c95de604709d60bb9e583806814e1187f12a74ce65c75669ba888d1e1d87527b69563a99e4b024ca374be6f9578fed56bc16b9087822f1e1fdcaabd9ed2409","2026-04-30T22:15:00.000","2026-04-30T22:30:00.000","944","3.46",,,"28","31","15.2","0","0","0","15.7","Mobile","5 Star Taxi","41.874005383","-87.66351755","POINT (-87.6635175498 41.874005383)","41.850266366","-87.667569312","POINT (-87.667569312 41.8502663663)"
"7d04be45b52ab2ee54905ba60092b76a45777ce0","8c76eb82f069c0731a0049cb78898f02cc5ac6990244c9f23ce4c5b179ff673b93b41388abfa1ffd3acdbeb4801f9dda7239b315c547c6fabced3482e927f7f2","2026-04-30T22:15:00.000","2026-04-30T22:30:00.000","1144","5.04",,,"41","46","19.83","0","0","0","20.33","Mobile","Chicago Independents","41.794090253","-87.592310855","POINT (-87.592310855 41.794090253)","41.741242728","-87.551428197","POINT (-87.551428197 41.7412427285)"
"d76ebd10cae943aefd7064af9beacd048f82560e","8b43f4a681efdaeb470b8570f8f98c822c7ba15a0f740a23f0daad0c5f3987cab4c12b3df5360160575f4580b037a75de9bed0a706ac9b36d0dbdcb57f8ed3fb","2026-04-30T22:15:00.000","2026-04-30T22:45:00.000","2305","17.6","17031980000","17031839100","76","32","43.5","9.6","0","4","57.6","Credit Card","Globe Taxi","41.97907082","-87.903039661","POINT (-87.9030396611 41.9790708201)","41.880994471","-87.632746489","POINT (-87.6327464887 41.8809944707)"
"a94f071e545f7175034003594ece0806e56c16d6","febf6bd82296f740d9ca26702c2c46792fb106edecf225ebce543d5856051e6ee8e730aa126d4d947856cce4d3dde767d4eb8ae5741b7d577203d21475f7f298","2026-04-30T22:15:00.000","2026-04-30T22:30:00.000","897","3.7","17031833000","17031080300","28","8","14.23","0","0","0","14.73","Mobile","5 Star Taxi","41.88528132","-87.6572332","POINT (-87.6572331997 41.8852813201)","41.90749193","-87.63576009","POINT (-87.6357600901 41.9074919303)"
"3a79ec86a47bbd4fa9d5d115e28bd939d665485e","b85dc52ae6e53698f26faf0615e8e3c74e7d16313d676de8647683ed178b52825502bda606bb82450795a642ee1900a5c462df9c6139b94c675ec7c67c765d22","2026-04-30T22:15:00.000","2026-04-30T22:45:00.000","2340","16","17031980000",,"76",,"40.25","0","0","4","44.25","Cash","Transit Administrative Center Inc","41.97907082","-87.903039661","POINT (-87.9030396611 41.9790708201)",,,
"09a008539cf9557ba72d65863c44a584a3b9cb3f","39f11f85b02552bb3a2181ea5a3465534d0993a5b7c2b3bcfa3b43cbd0e7723f967f44fbd6cda6080d0a0bf6eba0ca455f5a17e0be1bf1794b9ac48dcd5c6e77","2026-04-30T22:15:00.000","2026-04-30T22:15:00.000","360","1.1","17031281900","17031320100","28","32","6.25","1.25","0","0","7.5","Credit Card","Transit Administrative Center Inc","41.879255084","-87.642648998","POINT (-87.642648998 41.8792550844)","41.884987192","-87.620992913","POINT (-87.6209929134 41.8849871918)"
"3a6a5abd4613d9592dd201c78910a6db856e1241","e585218a9f728ba533db40a74237a1caa23f01212f0fa8ec83ade5c2774f20cead93dfeb12b3cb57108aee6d05d5e7b4a135733c9e90280b50ceb58047c2adda","2026-04-30T22:15:00.000","2026-04-30T22:30:00.000","647","1.87","17031833000","17031081700","28","8","9.5","0","0","0","10","Mobile","Blue Ribbon Taxi Association","41.88528132","-87.6572332","POINT (-87.6572331997 41.8852813201)","41.892042136","-87.63186395","POINT (-87.6318639497 41.8920421365)"
"60ac178000461d849fdd144abc21f9ce5e064006","475e530053ff463943d5cbfd3f32428952e88ea8f22244986d90d194524db4c3c0d7e09a98b36bf9ea5602b32a313ac18fb909d35bcfd34bdffc417a79b7ad72","2026-04-30T22:15:00.000","2026-04-30T22:45:00.000","1623","7.94",,,"28","6","35","7.1","0","0","42.6","Credit Card","Taxicab Insurance Agency Llc","41.874005383","-87.66351755","POINT (-87.6635175498 41.874005383)","41.944226601","-87.655998182","POINT (-87.6559981815 41.9442266014)"
"4934f56f08ea2eb3c7685084bb19be4b9e038160","26689c424d89796e95dd65b0fc8ecb7ae34e3dc24a498477483b315f49de20fb5829e51d8cf9ddc99e5140a5e0ee7753c9f4b4681c81635b53780991eb2a6640","2026-04-30T22:15:00.000","2026-04-30T22:30:00.000","1010","2.58","17031833000","17031081201","28","8","14.05","0","0","0","14.55","Mobile","City Service","41.88528132","-87.6572332","POINT (-87.6572331997 41.8852813201)","41.899155613","-87.626210532","POINT (-87.6262105324 41.8991556134)"
"d6783df648d1ee8e6d808f14fd45680119fe5279","8123ec5a70681a139fcd93fd477eec0ee05dda8298774835a80496c9e90fbb9443e5d116ba283712e1dec8fdaf9c8acb0f69a77dc20170984c5b380aa8ae3f96","2026-04-30T22:15:00.000","2026-04-30T22:30:00.000","555","2.71","17031081500","17031242000","8","24","11.92","0","0","0","12.42","Mobile","Globe Taxi","41.892507781","-87.626214906","POINT (-87.6262149064 41.8925077809)","41.899737388","-87.664953917","POINT (-87.6649539167 41.8997373884)"
"6e84cc42821914b6aab72700d2c9716c8cb69f1d","f792ce9f8c7d6114fbda6b8d687014f3211b21dc8fe2b2bdd03c5df6b440b0149ba18bc7528be76b77b9f1e0e85ae2843fc8f34df9bbecb347993d293f3b8b15","2026-04-30T22:15:00.000","2026-04-30T22:30:00.000","646","2.39",,,"7","8","9.5","1.37","0","0","11.37","Mobile","Sun Taxi","41.922686284","-87.649488729","POINT (-87.6494887289 41.9226862843)","41.899602111","-87.633308037","POINT (-87.6333080367 41.899602111)"
"07bdbfb3680d1a9273d37c9678364002ac1b8857","97402efdb69b8c1caecd2a1921d7aee7093f944c8afdf3463bef8cd0f4c09bdb2da2bf9f8902c2bb722abda8f3ac4765b8c8790832b00867b035b6956d7eb04f","2026-04-30T22:15:00.000","2026-04-30T22:30:00.000","1172","3.39",,,"32","7","13.6","3.79","0","0","17.89","Mobile","Chicago Independents","41.878865584","-87.625192142","POINT (-87.6251921424 41.8788655841)","41.922686284","-87.649488729","POINT (-87.6494887289 41.9226862843)"
"262375895efc77e9f45e7204ca9da0189f7a94f2","475e530053ff463943d5cbfd3f32428952e88ea8f22244986d90d194524db4c3c0d7e09a98b36bf9ea5602b32a313ac18fb909d35bcfd34bdffc417a79b7ad72","2026-04-30T22:15:00.000","2026-04-30T22:15:00.000","6","0",,,"28","28","3.25","0","0","0","3.25","Cash","Taxicab Insurance Agency Llc","41.874005383","-87.66351755","POINT (-87.6635175498 41.874005383)","41.874005383","-87.66351755","POINT (-87.6635175498 41.874005383)"
"094c26bf1f826217a6e32fd11bf4ea05fea00f84","92000228f17be4f549e0b09b6a1e362f0cca516b95306d0da98f6c073c3cde625f4a708972d29021a8478e3076a86dc30b1f8f6479820d9f3671c18e88016ab7","2026-04-30T22:15:00.000","2026-04-30T22:30:00.000","518","0.65","17031081401","17031081403","8","8","6.25","0","0","0","6.25","Cash","Chicago Independents","41.89503345","-87.619710672","POINT (-87.6197106717 41.8950334495)","41.890922026","-87.618868355","POINT (-87.6188683546 41.8909220259)"
"062aa7503eff0a542693ce9cfc19d9ae9cfa369b","68493b3174493e98d99b8493bc0902735bc099df7761d06718f1d63353a8ffbabad8499e26d59e3f7612050b815787d4699742b5b7f879a0cb92b797456e3642","2026-04-30T22:15:00.000","2026-04-30T22:15:00.000","488","1.66",,,"7","6","8.9","0","0","0","9.4","Mobile","Taxicab Insurance Agency Llc","41.922686284","-87.649488729","POINT (-87.6494887289 41.9226862843)","41.944226601","-87.655998182","POINT (-87.6559981815 41.9442266014)"
"a7879f448f1bcf2e249c1b5d4a96b57cf03448df","01480513a7f6f4664d6cc4c41ff3043ae6ecbc8cb17404f45de6db711747adf72cf309207bcde58413778d568f67a548640421aedac9a6f961b6919b6e662e8f","2026-04-30T22:15:00.000","2026-04-30T22:30:00.000","742","1.96","17031081700","17031320600","8","32","10.84","0","0","0","11.34","Mobile","Blue Ribbon Taxi Association","41.892042136","-87.63186395","POINT (-87.6318639497 41.8920421365)","41.870607372","-87.622172937","POINT (-87.6221729369 41.8706073724)"
"a6cf8307636d9f2f0111fd190db3711bb1effed3","5f4b687fcddac3ec50959a643b0068496ac8deb19f159968a6f1a340d83820c7103e06d6e198490215058d53afef64c18be7c48bec62a6b5f58d76e09898a84b","2026-04-30T22:15:00.000","2026-04-30T22:45:00.000","1858","11.88",,,"21","36","30.25","0","0","0","30.25","Prcard","Flash Cab","41.938666196","-87.711210593","POINT (-87.7112105933 41.9386661962)","41.82371281","-87.602350437","POINT (-87.6023504372 41.8237128095)"
"2bea670ce806c9ff76fd3d94d79778fe6ad0ab9c","e2ee1c538fd08e5d895c4d2a62d821b601034db0cebece847cee7bad31c3b479de3cda6182836fb5ef9ed360732c30bd7dbaccde463ac0a582ce1b44a941c73c","2026-04-30T22:15:00.000","2026-04-30T23:00:00.000","2051","17.02","17031980000","17031833000","76","28","42.25","12.94","0","9","64.69","Credit Card","Taxicab Insurance Agency Llc","41.97907082","-87.903039661","POINT (-87.9030396611 41.9790708201)","41.88528132","-87.6572332","POINT (-87.6572331997 41.8852813201)"
"6ce11bbf96c44e35af8e2d5f2edeabd38e677ca8","c6e0071dc1db129271f6d4833953bb62bd466a9aed33300620da9672656820ee26fc53346d5ddac565f783b3e1d9e54e55fa95ddaab38064dab331f8197822fd","2026-04-30T22:15:00.000","2026-04-30T22:30:00.000","581","1.4","17031980000","17031980000","76","76","7.25","2.35","0","4","14.1","Mobile","Sun Taxi","41.97907082","-87.903039661","POINT (-87.9030396611 41.9790708201)","41.97907082","-87.903039661","POINT (-87.9030396611 41.9790708201)"
"d5093274862673dc24de6219e90a8a5fd9876469","482715512ae3188462bf93fc4f177b431c98af939c7081d6ac7c08c5d1c19266f05ddb80864c3b681a8910f7a7065e9a4a1b245301fc6f65befeef9c1b5c0f7c","2026-04-30T22:15:00.000","2026-04-30T22:30:00.000","287","0","17031081500","17031081500","8","8","9.5","2.17","0","0","12.17","Mobile","Flash Cab","41.892507781","-87.626214906","POINT (-87.6262149064 41.8925077809)","41.892507781","-87.626214906","POINT (-87.6262149064 41.8925077809)"
"239ea1f4b1d330ba93744aa7293300f687290440","565d45f83a15ee7d65f7e519ebd063597b2e7e4ef6309038af538a0091ba887e72011276f3c1f3a051eb1194c6af5cff4e431e1628b6649b6092c43f7a48fcf1","2026-04-30T22:15:00.000","2026-04-30T22:15:00.000","636","2.23","17031833000","17031839000","28","32","10.18","3.94","0","0","14.62","Mobile","Sun Taxi","41.88528132","-87.6572332","POINT (-87.6572331997 41.8852813201)","41.87101588","-87.631406525","POINT (-87.6314065252 41.8710158803)"
"5658bcef58d634c144bc52ac8a69fa36a00a7225","d3b33673ee1a39325983e66d426003caf668f4509230cb06acb1138c0301b49ba4864d9f4257f37160454b20d3be0046781e9c96d10dfe095ae59e170d9cce84","2026-04-30T22:15:00.000","2026-04-30T22:45:00.000","1200","3.7",,,"69","41","14","0","0","0","14","Unknown","Transit Administrative Center Inc","41.763246799","-87.616134111","POINT (-87.6161341112 41.7632467988)","41.794090253","-87.592310855","POINT (-87.592310855 41.794090253)"
"48fe98f675c3184d4ae0fb854b83893badb53af9","4cd8c089400269de8fd55ec75eb1188d601802fdd3c2e3fa6f75e16820c90d779fa2898c0424568acb171f8153beccc0f9794ad1c6dd310cbe0681078a02107f","2026-04-30T22:15:00.000","2026-04-30T23:00:00.000","2463","11.17",,,"32","77","33.5","0","0","1.5","35.5","Credit Card","Flash Cab","41.878865584","-87.625192142","POINT (-87.6251921424 41.8788655841)","41.9867118","-87.663416405","POINT (-87.6634164054 41.9867117999)"
"aa34b985ff1f03d4484d5e495b910f1dd81ab1bd","92000228f17be4f549e0b09b6a1e362f0cca516b95306d0da98f6c073c3cde625f4a708972d29021a8478e3076a86dc30b1f8f6479820d9f3671c18e88016ab7","2026-04-30T22:15:00.000","2026-04-30T22:15:00.000","443","1.27","17031081800","17031081401","8","8","8.61","0","0","0","9.11","Mobile","Chicago Independents","41.89321636","-87.63784421","POINT (-87.6378442095 41.8932163595)","41.89503345","-87.619710672","POINT (-87.6197106717 41.8950334495)"
"6d6402824f48ab89f78797f95c0eeccc5dd47eef","2dcc9bbf2034d52dc606241500dacecd8bfe62de1814503a515e42a0c9c6dbaa68edd1f5d49e940eed441f36424e3bdd434c56a2597266d2cbe460b99e20ef04","2026-04-30T22:15:00.000","2026-04-30T22:30:00.000","966","5.59",,,"8","6","19.37","0","0","0","19.87","Mobile","City Service","41.899602111","-87.633308037","POINT (-87.6333080367 41.899602111)","41.944226601","-87.655998182","POINT (-87.6559981815 41.9442266014)"
"4f5e5164eecd027232d7078b460dad8ee81f2a09","f98ae5e71fdda8806710af321dce58002146886c013f411be2cd336e0c224e78ed85626eeee462f0d1f5e6b29a030514b95f7b1b8ca59888a10b52dfe55ddf99","2026-04-30T22:15:00.000","2026-04-30T22:30:00.000","486","1.18","17031081500","17031320600","8","32","9.5","2.9","0","0","12.9","Mobile","Globe Taxi","41.892507781","-87.626214906","POINT (-87.6262149064 41.8925077809)","41.870607372","-87.622172937","POINT (-87.6221729369 41.8706073724)"
"8b5e0e999ea0ff7ac108c6692041afbe5120cbd7","9fba6769e05fbc6ed6d35fadbe7c4b13907439ba4c06e678e7d85b967ac9d3ac15b26924199492a83d7dfd9e6efa044c683d88971c5807947748a72c0acae60e","2026-04-30T22:15:00.000","2026-04-30T22:45:00.000","1404","10",,,"76","16","27.25","6.35","0","4","38.1","Credit Card","Setare Inc","41.980264315","-87.913624596","POINT (-87.913624596 41.9802643146)","41.953582125","-87.72345239","POINT (-87.7234523905 41.9535821253)"
"a8264520bbe19389b112ae7bbab04db439d9885b","4324dfe74f160fb8c591887de768a75a7f87b58c3ff790795ed710b0a9f956375c4ee257e2ab4cc2e779b0fa3fe87d740351fbaf63c8e39a8331b974ed2d1232","2026-04-30T22:15:00.000","2026-04-30T22:30:00.000","600","1.61",,,"8","8","9.5","2.9","0","0","12.9","Mobile","Flash Cab","41.899602111","-87.633308037","POINT (-87.6333080367 41.899602111)","41.899602111","-87.633308037","POINT (-87.6333080367 41.899602111)"
"d525fc3cd13d9810a60ea0491a20e31904847791","fb1ed566274f6a66dfcddbe4c014bbe87ac3516412dfe6fd4c8cb8e1a6d673215953d8fc03cdb28fcfd3b60fc9379e6d27104879c16306fbf3a1fb45c1148d83","2026-04-30T22:15:00.000","2026-04-30T22:30:00.000","800","2.02",,,"8","28","11.59","0","0","0","12.09","Mobile","Sun Taxi","41.899602111","-87.633308037","POINT (-87.6333080367 41.899602111)","41.874005383","-87.66351755","POINT (-87.6635175498 41.874005383)"
"a5906cb222bad52ea3b733d36cb150bd9ff449ca","d626d13b670170414f2545181bb27d3f70edad7f0bffa49ce25215d50c7513ee2bb1baa9267df8a9e0fdc0a009dc453836e047de6a196010ecb2d803a7f00c69","2026-04-30T22:15:00.000","2026-04-30T22:45:00.000","2134","18.29",,,"76",,"45.25","10.75","0","8","64.5","Credit Card","Blue Ribbon Taxi Association","41.980264315","-87.913624596","POINT (-87.913624596 41.9802643146)",,,
"6c2bee46a7d3588c7d162e0cd3c25bf26a22d387","467e208aa360a74a2bfcc97dccac10220d7dfbe4ea17020a7f292dbbe0a8a66af760ccc66daabe708edad93abd1e0952de7a1c3a2a0bd34d89cd81bb705f32be","2026-04-30T22:15:00.000","2026-04-30T22:15:00.000","5","0","17031320400","17031320400","32","32","30","0","0","0","30.5","Credit Card","Taxicab Insurance Agency Llc","41.877406123","-87.621971652","POINT (-87.6219716519 41.8774061234)","41.877406123","-87.621971652","POINT (-87.6219716519 41.8774061234)"
"4085866977f91c9a446ced723e0558a22bb2802e","7a9c5c79f3e8300b7b106c5c5134357517a128617fb94fc017c7044b40ca46398b5d8d18feb78f335ffc03c51be7dfc3555a6ee5f811c0f2ab1cf16f3ffb9f23","2026-04-30T22:15:00.000","2026-04-30T22:45:00.000","2541","17.78","17031980000","17031320100","76","32","44.5","9.8","0","4","58.8","Credit Card","City Service","41.97907082","-87.903039661","POINT (-87.9030396611 41.9790708201)","41.884987192","-87.620992913","POINT (-87.6209929134 41.8849871918)"
"d2eef90a3da1e01b7de25f2053ecf8f2c9a3c68d","1d5610c060c7b1be89641621cff72e3ade46fa0734e4078dc46e0684ffaf6cbb740d23329c839f4aa96b1e3267a34895b9b02d9e9a878c563ad1c9694bccfdd8","2026-04-30T22:15:00.000","2026-04-30T22:15:00.000","344","0.77","17031833000","17031280100","28","28","5.75","0","0","0","8.25","Cash","Sun Taxi","41.88528132","-87.6572332","POINT (-87.6572331997 41.8852813201)","41.885300022","-87.642808466","POINT (-87.6428084655 41.8853000224)"
"30090cd38aef82cc70208b8c60f22318914a2151","e27637808fdcc919f32da6ab2329455ead04bf9b0fd5144c1ffd16a2923f1237b543ab66580ba9732739184798b1247b74206320eed5bcbe1ae0f9e6196ad10d","2026-04-30T22:15:00.000","2026-04-30T22:30:00.000","780","3.6",,,"48","52","12.25","0","0","0","12.25","Cash","Transit Administrative Center Inc","41.729676423","-87.572717134","POINT (-87.5727171342 41.7296764229)","41.707311449","-87.534902901","POINT (-87.5349029012 41.707311449)"
"34b07e1ca74a1ce16e1497d0a0c7d243f425a617","6e40306a3a76d2e41f2530cc314ecfbd2520aae13202d7fcef97373649d1f5631936ac2b91bdfc48617f8837dc331171eaf7915604b75c8aa40ee707b68ad0da","2026-04-30T22:15:00.000","2026-04-30T22:30:00.000","840","4.7",,,"44","51","15","0","0","0","15","Unknown","Transit Administrative Center Inc","41.740205756","-87.615969523","POINT (-87.6159695226 41.7402057565)","41.690633347","-87.570058269","POINT (-87.5700582686 41.6906333472)"
"0f7d031d21300fd15932cadffc75e55cdb0e6167","c8549ac4a2842a038f2a5b91ecf894ca7cb04d60558be3dc1878baa95aeb7614775727cacfe28797dae16b233792ff6784049cd5e881a2454604a3383beb70ed","2026-04-30T22:15:00.000","2026-04-30T22:15:00.000","480","1.65",,,"6","6","8.44","0","0","0","8.94","Mobile","Sun Taxi","41.944226601","-87.655998182","POINT (-87.6559981815 41.9442266014)","41.944226601","-87.655998182","POINT (-87.6559981815 41.9442266014)"
"39f9803791fbf968048db5ddc89131f718590126","2f57348301beee04e2eae23debf86a2a0d2ef144aa6b4ebd4a9795c6cf37b8c469bfab2eda85b9be2caa65eb4c0586b2b652f7638d478ad7d9ee8f8c63cadcba","2026-04-30T22:15:00.000","2026-04-30T23:15:00.000","4327","36.09",,,"76",,"88.25","0","0","8","96.25","Cash","Chicago Independents","41.980264315","-87.913624596","POINT (-87.913624596 41.9802643146)",,,
"4f2e340698554adebe0aedf2ff646e8d770a85ba","0d155321bfc93b437e0630bd155d06827999f3a0021d5b56ac5e4b71fe10ffc1bfaeaaee5a9c78319d9ac8919a22b62a590236283f6240d2697ce2ecda1740b0","2026-04-30T22:15:00.000","2026-04-30T22:45:00.000","1907","16.5",,,"76","24","40.75","9.45","0","6","56.7","Credit Card","5 Star Taxi","41.980264315","-87.913624596","POINT (-87.913624596 41.9802643146)","41.901206994","-87.676355989","POINT (-87.6763559892 41.9012069941)"
"d44aeaa73186a986fa505d793adec26913d99a68","4388ce18f1c58dc7660241a6c4133c135be764cc2abf753396a2bbcf6d9d78cfe12c2a8baed8fb8b3c69a1544a19dbea1a49fefb8ee8b01fec32d983fcfa87bc","2026-04-30T22:15:00.000","2026-04-30T22:30:00.000","1415","6.69",,,"28","3","22.17","5.92","0","0","28.59","Mobile","City Service","41.874005383","-87.66351755","POINT (-87.6635175498 41.874005383)","41.96581197","-87.655878786","POINT (-87.6558787862 41.96581197)"
"3629ba0423a64762657a671f0a18db92161c76c1","ef738636dac740adcf240763071fabab60321ac0908480cb625b06e050c45c590f22d8cb4bf4450d85bf175322ce513618335d432ed1be896a9f0e940a0672f1","2026-04-30T22:15:00.000","2026-04-30T22:45:00.000","1664","13.63","17031980000",,"76",,"35","15.5","0","26.5","77.5","Credit Card","Chicago Taxicab","41.97907082","-87.903039661","POINT (-87.9030396611 41.9790708201)",,,
"03fd86697531cbe304c502f1290012ca0de15594","d5c821e78bf25431862f40219794e4d023679198afeb74523a73a6e4e48c53331b592025b7ddcd4bcb44dbf6b059ccb1ea82bf9dcd894789f943b13267d781ca","2026-04-30T22:15:00.000","2026-04-30T22:45:00.000","1456","12.35",,,"76",,"31.75","5","0","20.12","57.37","Credit Card","Taxicab Insurance Agency Llc","41.980264315","-87.913624596","POINT (-87.913624596 41.9802643146)",,,
"2fa106e6e0b7dd84c408492e1820f624615904ff","8edce7ce70dba32066bbc7eed40b32a7602db0ceb6bb1d8312d788301e227531ce2ef21ead3932fd6fb9a1d02a54173009277fef819c9a9064176dddde4a5a58","2026-04-30T22:15:00.000","2026-04-30T22:45:00.000","1682","14.99",,,"76","7","37.5","10","0","12","60","Credit Card","Flash Cab","41.980264315","-87.913624596","POINT (-87.913624596 41.9802643146)","41.922686284","-87.649488729","POINT (-87.6494887289 41.9226862843)"
"198651eadfedaaf3707362038adfed96147d88a2","6534188baaa1a7e7770f8d9d965698eefd2f4a842666195c6af55cc472b55de525b134bdf0b6c9b486e20172492a633a5271a75c0641f6928748e586e5d08ce8","2026-04-30T22:15:00.000","2026-04-30T22:30:00.000","835","2.28",,,"28","8","12.59","0","0","0","13.09","Mobile","5 Star Taxi","41.874005383","-87.66351755","POINT (-87.6635175498 41.874005383)","41.899602111","-87.633308037","POINT (-87.6333080367 41.899602111)"
"3cbebd508ca5e484bc628ae569764914a3ce00bd","b00c5a92a2d7cd526d9ca9a5b63b98eb3111a00db69c57548bc256f9fb41046da0fc078b2c8843dc32558517ff09fc765e6c71ebe37bc3cc6368c33d259fda92","2026-04-30T22:15:00.000","2026-04-30T22:30:00.000","851","4.23",,,"76",,"13.75","0","0","5.5","19.25","Cash","City Service","41.980264315","-87.913624596","POINT (-87.913624596 41.9802643146)",,,
"2fe06cb825ba5040edbdc2dbf376108ce454f092","f962126062d38e2ef0fa177812eba73ccd30513c1c6cfa7c64885b4d33d72c12b197c9423b6a02645575c7aa08e7968b45b7f9aa0535135f9d3b848de31311ab","2026-04-30T22:15:00.000","2026-04-30T23:15:00.000","3676","17.43","17031980000","17031081500","76","8","47.25","11.15","0","8","66.9","Credit Card","City Service","41.97907082","-87.903039661","POINT (-87.9030396611 41.9790708201)","41.892507781","-87.626214906","POINT (-87.6262149064 41.8925077809)"
"502ba0a4e87e8458761d48bd2b2ef4f489773c62","4fd6cc40972b7fd3e026723f0fc4928d7f3159ea0e0822b1cb2cb763e6d3d419be787835d9dd08715f7447db097fd3ee08a599372ed9c2e99978e0447d6fa1d3","2026-04-30T22:15:00.000","2026-04-30T23:15:00.000","3120","18.8",,,"56","3","51.25","11.15","0","4","66.4","Credit Card","Transit Administrative Center Inc","41.79259236","-87.769615453","POINT (-87.7696154528 41.7925923603)","41.96581197","-87.655878786","POINT (-87.6558787862 41.96581197)"
"4e95e26e8020a235e10407e150ae3f39a401a4f0","25f401ef5193d27d5a1baced30b0597335466ae6f000b1bff87d0e6afe3ec2a58c91471f0325d2ab1a35c7debdc42ce4b96634b19b366495f4580dec7f825326","2026-04-30T22:15:00.000","2026-04-30T23:00:00.000","2534","20.1","17031980000","17031330100","76","33","49.75","5.75","0","4","60","Credit Card","Chicago Independents","41.97907082","-87.903039661","POINT (-87.9030396611 41.9790708201)","41.859349715","-87.617358006","POINT (-87.6173580061 41.859349715)"
"1e25ee3b7bedbae845436f52382ad5f5c6cda3ff","4aea2e625ae553b6dcd2d4ff71a76a90a15386cca21e03d27be9f0ee9b3cd99384135215316d24365bc36c1003d206872c8e60de1da1c49cef797b0b2bbbe7aa","2026-04-30T22:15:00.000","2026-04-30T22:45:00.000","1866","12.98",,,"76","5","32.25","7.35","0","4","44.1","Mobile","Blue Ribbon Taxi Association","41.980264315","-87.913624596","POINT (-87.913624596 41.9802643146)","41.947791586","-87.683834942","POINT (-87.6838349425 41.9477915865)"
"71f41c2eacfc0b32cb49aeb5a1cc0895f3082680","6fa14d5429bf60e4d0fdb5f5d737c7e58e2ba99e1c6f774f7fe851cf9ba1288c28bd0719b84f8acf75d8089d8cf17a05418fd38c1a9138df6183d1276bdf0239","2026-04-30T22:15:00.000","2026-04-30T22:45:00.000","2205","17.84","17031980000","17031838300","76","8","44.5","9.8","0","4","58.8","Credit Card","Sun Taxi","41.97907082","-87.903039661","POINT (-87.9030396611 41.9790708201)","41.90156691","-87.638404012","POINT (-87.6384040116 41.9015669095)"
"1c5db0b9d639acd50b25f5e88d77e1ec779ce077","847cf962bd6f62040673e6c24c24940aeb2d7fdaa54677eed6a0aaa4aeef61984916b32d763b4baa6c32476531543bb77e2346cd64f505618f6b9d562243f950","2026-04-30T22:15:00.000","2026-04-30T22:30:00.000","180","0","17031081700",,"8",,"25","0","0","0","25","No Charge","Transit Administrative Center Inc","41.892042136","-87.63186395","POINT (-87.6318639497 41.8920421365)",,,
"88ae9bc6162e7161b83c2131e985a9eba85a6d0f","d72ed03118fd7ae260a9ba024b3a2200b7da0e34a3ab9e5c73448910982a9123dcf3a28e699c1eb7f6a00c8c85a13fad9f80d922395ff56279d8077fd2148ef9","2026-04-30T22:15:00.000","2026-04-30T22:30:00.000","1700","13.75",,,"76","7","35.5","8","0","4","48","Mobile","Sun Taxi","41.980264315","-87.913624596","POINT (-87.913624596 41.9802643146)","41.922686284","-87.649488729","POINT (-87.6494887289 41.9226862843)"
"183139bc7291e9cf7c8c535c830cbd80c67763b8","3d77b9fc21a6484a88ca7f79552d5ea5e712563dfa3051170a20ec433a6eb2146859a352e46b9c6da70766f36166a2b7b68422aaaef89b241e500b7e9b206c55","2026-04-30T22:15:00.000","2026-04-30T22:15:00.000","480","0",,,"56",,"30","0","0","0","30","Credit Card","Transit Administrative Center Inc","41.79259236","-87.769615453","POINT (-87.7696154528 41.7925923603)",,,
"5f7f848ff2e0f354ee806f719dff5f2b7dd4380e","008dda45db57cb6daa679a86ce8c8149ddc05446d545b19f3b6e201071e93b3a0d30a0a46204415c1d145a47e256bab70c8b0aebeb37ffefc985fdfc288d38d6","2026-04-30T22:15:00.000","2026-04-30T22:45:00.000","2101","15.77",,,"76","24","39.25","8.75","0","4","52.5","Credit Card","Taxicab Insurance Agency Llc","41.980264315","-87.913624596","POINT (-87.913624596 41.9802643146)","41.901206994","-87.676355989","POINT (-87.6763559892 41.9012069941)"
"b220883682997d6a5e3add92464d8d2ff2d2e16c","137d4f780c3823fdc5f26cec160a8c9f8eb952f769c5bc70d0bc747b3eda1d77f6c5df60f9caccccfecc6ded275a85c2cb5afcf4994f42473c445e8ef4a71e35","2026-04-30T22:15:00.000","2026-04-30T22:30:00.000","1263","3.74","17031081201","17031330100","8","33","15.77","0","0","0","16.27","Mobile","5 Star Taxi","41.899155613","-87.626210532","POINT (-87.6262105324 41.8991556134)","41.859349715","-87.617358006","POINT (-87.6173580061 41.859349715)"
"d4e981d64676438a5bbbc642f87f2b7152d89371","ee4f6cc4f34fd53727da7a1cf6fa1f33a4d4f02b4fd08529e6097647f2fff997d946756dcda2e43a90c496ce32dfd685b505bdc580a013759dccd839233f4f1e","2026-04-30T22:15:00.000","2026-04-30T22:15:00.000","4","0","17031071500","17031071500","7","7","70","14.1","0","0","84.6","Credit Card","Sun Taxi","41.914616286","-87.631717366","POINT (-87.6317173661 41.9146162864)","41.914616286","-87.631717366","POINT (-87.6317173661 41.9146162864)"
"3fbf9d51f769428054add2128b8af147b922728d","c60633c5d2053dd1c2076286b88196cf83f4fe0ecc194556cb7405d8056f3faa11d83458699f8a332e522c255b47a8daf820c31baed2a84873ddbf60941b1c0c","2026-04-30T22:15:00.000","2026-04-30T22:30:00.000","939","11.63",,,"37",,"29.75","0","0","0","29.75","Prcard","Chicago Independents","41.80908443","-87.632424524","POINT (-87.6324245245 41.8090844303)",,,
"2a8e4da1c227adeb88e259bc5c26d9a780ee2031","e4a357e5c2629c335cb1016e9655b867b458aea8d94f541153701edc7b9681c0cdcc65c82a420a12b0f3f6e4097fb6751b2f5a9e612a38b0bb2fff3b272e26e5","2026-04-30T22:15:00.000","2026-04-30T22:45:00.000","2010","14.55","17031980000","17031070600","76","7","37.75","10.56","0","4","52.81","Credit Card","City Service","41.97907082","-87.903039661","POINT (-87.9030396611 41.9790708201)","41.928763006","-87.665676837","POINT (-87.665676837 41.9287630064)"
"5cfa5b32e8a884f14b5b561b4308bdffd848ba99","a0144e27e6b11720292c08c38cc696f14e6254bbbad9719b78f017a6b01f99447cb485124377fdcc851e412403e14575490b637104cf6f1bf65858571a8e1e9f","2026-04-30T22:15:00.000","2026-04-30T23:15:00.000","3300","32.4",,,"76","72","77.25","17.25","0","8.5","103","Credit Card","Transit Administrative Center Inc","41.980264315","-87.913624596","POINT (-87.913624596 41.9802643146)","41.713148612","-87.675075312","POINT (-87.6750753124 41.713148612)"
"798d8c04474ae41255f2b32dd880f87793424643","bedb270bce40664555c0e645a3f6c242d8f64ed541f6f56b1ecfd2d03ef229fb32cce2312110d6cb17459770dd6d9f6acbb6ca70f999ff852f59d348c3e52681","2026-04-30T22:15:00.000","2026-04-30T22:30:00.000","1734","15.04","17031980000",,"76",,"38.5","0","0","9.5","48","Cash","Blue Ribbon Taxi Association","41.97907082","-87.903039661","POINT (-87.9030396611 41.9790708201)",,,
"cbb92b6815f920f1cf3885eb813762264d93c4b2","bef8b8ce015170bb9aa8b1572ae3c5b704aafc09cf971cdcfdbd774d5a0450bb7a4f1fb8ba710b5239a24ae37bae6573bc43eca85c439458f9691c1e0607cb3c","2026-04-30T22:15:00.000","2026-04-30T22:45:00.000","2173","14.64",,,"76","6","37.75","5","0","6","49.25","Credit Card","Blue Ribbon Taxi Association","41.980264315","-87.913624596","POINT (-87.913624596 41.9802643146)","41.944226601","-87.655998182","POINT (-87.6559981815 41.9442266014)"
"6acc62937b2a90110ea32af1e780d68b3e865ac5","0f831bff43d83f396f2e4950126c6137dcdb60fb4c8580ffe860203747a83a789b22f2f9e4fbdd0dd8ed8c310366d8935228ddbcadf708fb9691ca5dd1b6c802","2026-04-30T22:15:00.000","2026-04-30T22:45:00.000","2368","17.5","17031980000","17031839000","76","32","65","9.82","0","0","75.32","Credit Card","Flash Cab","41.97907082","-87.903039661","POINT (-87.9030396611 41.9790708201)","41.87101588","-87.631406525","POINT (-87.6314065252 41.8710158803)"
"6acc92d2b5fafd26be71d98e361a20a8b0885f3d","a79d72d3d49bed13558577cc0608caf7e8da5b9cee67b608b53567d1be89e0ad257654a59e271e1a0239e5ef4a926668d7edb9e1a798a7b1e6726b64113518c6","2026-04-30T22:15:00.000","2026-04-30T22:45:00.000","951","8.55",,,"75",,"22.75","0","0","0","22.75","Prcard","Flash Cab","41.689729914","-87.669054403","POINT (-87.6690544032 41.6897299145)",,,
"cb95a66e2eefd188521ff3cc14d092017445f0c6","774404e103b0efff86c009f1f384bff4e09c0aba9d20f66723edb6b02bedd26de0e41c62bc9c42052c8349e2f393df719ab4e82ef46ad4c4cd80cfd64dadf456","2026-04-30T22:15:00.000","2026-04-30T22:30:00.000","968","5.47",,,"28","36","22.33","0","0","0","22.83","Mobile","Flash Cab","41.874005383","-87.66351755","POINT (-87.6635175498 41.874005383)","41.82371281","-87.602350437","POINT (-87.6023504372 41.8237128095)"
"cc57bb3f2abd581a60e1f39c357cce7b6e9a0903","cea7a9702e82637b2250c3f993e1eab21b2674a4ccea3068c09e27006ba33e4f988e6f418663baf1f013adb57af97701ab769f08eb3f9f1e44da5f1e618a32fe","2026-04-30T22:15:00.000","2026-04-30T22:30:00.000","580","2.09",,,"8","7","9.5","2.49","0","0","12.49","Mobile","Taxicab Insurance Agency Llc","41.899602111","-87.633308037","POINT (-87.6333080367 41.899602111)","41.922686284","-87.649488729","POINT (-87.6494887289 41.9226862843)"
"05fcdf6f1680d11eb4cec0d0c1f78bbc9e79f90f","ca2e49fc5f32316d5c59cabe4993d8f7b27ee126bc505836ae638a3a60ddf28a06fd497610cc6647831d8104f0574bcd8cea05fa5a8bd124061bfee79df6c1f2","2026-04-30T22:15:00.000","2026-04-30T22:30:00.000","720","1.5","17031081403","17031320100","8","32","8.71","0","0","0","8.71","Credit Card","Transit Administrative Center Inc","41.890922026","-87.618868355","POINT (-87.6188683546 41.8909220259)","41.884987192","-87.620992913","POINT (-87.6209929134 41.8849871918)"
"4e1f80e11eac9eca262bde0bb0117d2738d6a116","8f4cde3f6d55c38289233d1679f415c6442273549398887146c6322c8410b29bb3b72514e950e4f7fd080c47f88a53fa8454f8662ae92f84de30fb3da315fa89","2026-04-30T22:15:00.000","2026-04-30T22:30:00.000","1071","5.05",,,"8","6","18.83","0","0","0","19.33","Mobile","Chicago Independents","41.899602111","-87.633308037","POINT (-87.6333080367 41.899602111)","41.944226601","-87.655998182","POINT (-87.6559981815 41.9442266014)"
"86cce500a45d66ac79498f12429cd734423564c8","d2e7412183332088cd57ff24413111d9e80428f27c127aa1edfafda1075a534e1de25ba29b84b2639fc3ea25a9efd6aaa4f1924200d7732ec67f66c00e0de5ff","2026-04-30T22:15:00.000","2026-04-30T22:45:00.000","1620","9.6",,,"76",,"26.75","9.55","0","11","47.3","Credit Card","Transit Administrative Center Inc","41.980264315","-87.913624596","POINT (-87.913624596 41.9802643146)",,,
"5559349087d839d8c600b6c2e3ea690d9a1bdd5c","3c5b4f29aac78c145bf09a567d547e22ab95655e4288d93bb78ac65c87a6843c6cc87c02dadd0a8652f43c3206f416b11dd7e03bb438be1c5a176902f1afb742","2026-04-30T22:15:00.000","2026-04-30T22:45:00.000","1877","15.01",,,"76","7","38.25","8.55","0","4","51.3","Credit Card","Sun Taxi","41.980264315","-87.913624596","POINT (-87.913624596 41.9802643146)","41.922686284","-87.649488729","POINT (-87.6494887289 41.9226862843)"
"79207a8fb1741487ac3c2889d6f602c0f7163741","829dced7036593da33254d88a2d065c1698fc377e76c93f5401b6421fcb3c618860b632a5932a359a4893a40a0e75a5f3106811716625dd84ff683aff0dd7877","2026-04-30T22:15:00.000","2026-04-30T22:30:00.000","1260","9.3",,,"76",,"24.75","9.25","0","21","55","Credit Card","Transit Administrative Center Inc","41.980264315","-87.913624596","POINT (-87.913624596 41.9802643146)",,,
"5ca5ddeff84402d445484afc9064ea60d0cba4fe","8b0626a2cc765818c25fb1178c457cb29d37ba815071ce4620095ed0b202c4e372d224339bd0121f237704797103823042f2d240e0ad71ebc7cfcdacebf561d7","2026-04-30T22:15:00.000","2026-04-30T23:00:00.000","2721","18.07",,,"76","77","46.5","10.2","0","4","61.2","Credit Card","Taxicab Insurance Agency Llc","41.980264315","-87.913624596","POINT (-87.913624596 41.9802643146)","41.9867118","-87.663416405","POINT (-87.6634164054 41.9867117999)"
"9f17ccd12573359a0ae6bf49eec504d2a61223e1","f54427c55effd88638382dbec9828c89fd2580d13c166a073866fcc687db98a55b1b7a96b05669e887ca9ca72fef361546d4c5608c75b82afb62bd042e6d1489","2026-04-30T22:15:00.000","2026-04-30T22:30:00.000","997","6.58",,,,,"60.87","0","0","0","60.87","Cash","Flash Cab",,,,,,
"c86eeccf93e9adb3bb5ad95ec975bb0fa9e1c470","291328f378f142203a6ffe5ac99c68d0e06c220b134093aa841dbf684207252b50a4ab24eb98ea3fe111e37c2288c09196bed631ac1de638d7be8a5f3121baf3","2026-04-30T22:15:00.000","2026-04-30T22:15:00.000","525","1.71",,,"8","32","9.58","0","0","0","10.08","Mobile","Taxicab Insurance Agency Llc","41.899602111","-87.633308037","POINT (-87.6333080367 41.899602111)","41.878865584","-87.625192142","POINT (-87.6251921424 41.8788655841)"
"c86f9ad3bd0e80f112e867e41736fa1a3883986a","eb7a89d19be898811c37c619c60ca577d03d0fef742f66d96792b7bfa8c4cdfd37cfd0012dce1ea175f6f845aa6557d638b9b569459f9136dbc964acd76f1eac","2026-04-30T22:15:00.000","2026-04-30T22:15:00.000","825","2.3",,,"24","8","11.74","3.32","0","0","15.56","Mobile","5 Star Taxi","41.901206994","-87.676355989","POINT (-87.6763559892 41.9012069941)","41.899602111","-87.633308037","POINT (-87.6333080367 41.899602111)"
"5d50c6b0aa1971ac52ef14810b3d7cf869c00bd9","ea98fbfaa8f59a4ae8a4cff71e3ce1482c929ad59a6f4c8cff4c8c4befce4235679a0f37f47553c9536de7f284f78dc38e18787c442313fc874577679e0fb6a4","2026-04-30T22:15:00.000","2026-04-30T22:15:00.000","480","1.4",,,"28","32","8.8","0","0","0","8.8","Credit Card","Transit Administrative Center Inc","41.874005383","-87.66351755","POINT (-87.6635175498 41.874005383)","41.878865584","-87.625192142","POINT (-87.6251921424 41.8788655841)"
"3119569562f964c3c0e8854fbc6f9ba12b2a91a3","e2d8418fcdb061eee0a4318fba0a6a1200aaff0143feb0a74c7175a02ec7afca09f8c24de278cd0dee124d29dbfb2796407d069b90dfc13353d5d4ed02ecb0d5","2026-04-30T22:15:00.000","2026-04-30T22:30:00.000","964","2.05","17031839100","17031080100","32","8","10.25","0","0","0","10.25","Prcard","Flash Cab","41.880994471","-87.632746489","POINT (-87.6327464887 41.8809944707)","41.907520075","-87.6266589","POINT (-87.6266589003 41.9075200747)"
"4658db6df1a679b050e4ffd95c815323e66f6c78","dd38b7cebd5414ae2b17595c68048ff8745c5147487c6c21819daf489517055192acf8e79b37a52b929601021940f63b5fcae96aa07346acff8bc4298fdc9be6","2026-04-30T22:15:00.000","2026-04-30T22:30:00.000","600","2.1",,,"32","33","12.04","0","0","0","12.04","Credit Card","Transit Administrative Center Inc","41.878865584","-87.625192142","POINT (-87.6251921424 41.8788655841)","41.857183858","-87.620334624","POINT (-87.6203346241 41.8571838585)"
"cc7d80c18ef801d31ed9d57fd57f00bfa4ac8d09","c8c4c65cc778b708aece3ef05e900039be751c9286699fa1002eea7167ccc2f2e25545e859ecedb1d2bcf92f03fb6155a5e5c0676c78aa06a2cbb624fb0e1440","2026-04-30T22:15:00.000","2026-04-30T22:30:00.000","696","3.8",,,"8","7","16.35","0","0","0","16.85","Mobile","Flash Cab","41.899602111","-87.633308037","POINT (-87.6333080367 41.899602111)","41.922686284","-87.649488729","POINT (-87.6494887289 41.9226862843)"
"07718d013d3f4079ade158155d4ea6bfa5ffbe9d","99ec13d5d806f5f5fa7a57910f8e38d84f90630529f2f8766d65b47caae8cb7cacf3d4bb9ca6576dfa49bc45b9f0f615e79577ace618514c9c59dc52ffbf40b6","2026-04-30T22:15:00.000","2026-04-30T22:15:00.000","545","1.87",,,"6","4","8.25","0","0","0","8.25","Cash","5 Star Taxi","41.944226601","-87.655998182","POINT (-87.6559981815 41.9442266014)","41.975170943","-87.687515515","POINT (-87.6875155152 41.9751709433)"
"78b0478a3cb27b5d5bcbe0795888b8ec9766e90a","1249594d6e0c09060fa37f6e8a22ec1f59786f0322fe9f18518494528920ffa36d4c48ad42478411e137fd42250fcb2590c62498f62495a0dce6d14d37631397","2026-04-30T22:15:00.000","2026-04-30T22:15:00.000","31","0.09",,,"53","53","46.79","0","0","0","46.79","Cash","Flash Cab","41.673819904","-87.635739777","POINT (-87.6357397768 41.6738199043)","41.673819904","-87.635739777","POINT (-87.6357397768 41.6738199043)"
"85d7b9d967efad562546cf5c48fd0a862650f3b4","913c95ba782fa447b7c55fbfc38d040907d13e7ddf7282a75fe448d2a25082dcdab927cd930805ea14e62bc534d5288669b15f73751bd43a746cc9e3bbddb2f4","2026-04-30T22:15:00.000","2026-04-30T22:30:00.000","1391","13.65",,,"71","8","36.06","0","0","0","36.06","Cash","Flash Cab","41.744205146","-87.656305986","POINT (-87.6563059862 41.7442051463)","41.899602111","-87.633308037","POINT (-87.6333080367 41.899602111)"
"466906f83af3112a38eb68bf42b48e9f999187d2","b130cba438002c59995778af059b4665aa6602d70a185a311b160621b28a6b4affcb1fa5b859ac8567ab569f924f3ac76c2642c992498a9c1edcd632c34287bf","2026-04-30T22:15:00.000","2026-04-30T22:45:00.000","1620","12.3",,,"8","65","32.5","0","0","0","32.5","Credit Card","Transit Administrative Center Inc","41.899602111","-87.633308037","POINT (-87.6333080367 41.899602111)","41.769778059","-87.726929842","POINT (-87.7269298425 41.7697780588)"
"9e115ed71072750aa1b567a711a31e424c8c99cd","c3ebfce9cb4f64d18d29e3e416e9f64dfe671eb8226d44719da28eff8fb2204be6684d86097d4ebc3eb951e8e21977035ecbcc5d96bce6105af21c56d794322a","2026-04-30T22:15:00.000","2026-04-30T22:15:00.000","358","0.52","17031081201","17031081600","8","8","12","2.5","0","0","15","Credit Card","Globe Taxi","41.899155613","-87.626210532","POINT (-87.6262105324 41.8991556134)","41.892072635","-87.628874157","POINT (-87.6288741572 41.8920726347)"
"4d33349b70856edd8c4026e93c24e54e091e08f4","d94ecbd1167693d3854fac6b4d884eae97f0ba5f43e5a6a224a21bdda396edb7aab1646024ec87b937bf8959b3ae6f3c07fb93fea7a218fad5e989bc971a607e","2026-04-30T22:15:00.000","2026-04-30T22:45:00.000","2220","15.3",,,"76","24","38","1","0","4","43","Credit Card","Transit Administrative Center Inc","41.980264315","-87.913624596","POINT (-87.913624596 41.9802643146)","41.901206994","-87.676355989","POINT (-87.6763559892 41.9012069941)"
"858172fe8c197689401c48d3edad9021fd6eb11d","66f8216873a0600e21f062160013aca41bc164549226a71f74b19054b0fc65384574bcb40fcf380bee86b450281c9ebb1d32796808158ff4aa833d1de9f966fd","2026-04-30T22:15:00.000","2026-04-30T22:15:00.000","519","1.25","17031839100","17031081600","32","8","10.51","0","0","0","11.01","Mobile","Sun Taxi","41.880994471","-87.632746489","POINT (-87.6327464887 41.8809944707)","41.892072635","-87.628874157","POINT (-87.6288741572 41.8920726347)"
"1fdcc50c2964c997fbd65dca6986441bc7cb327a","5d58f628a7d8340722380e52d042fb43ba69ae9e42559ffcfa754703a6b87c0657d99dea71548b0b26976cc6920848eae73db0e15e3a8146ce9941128c6f0ae0","2026-04-30T22:15:00.000","2026-04-30T23:00:00.000","2764","32.15","17031980000",,"76",,"76.25","0","1.5","5","82.75","Cash","5 Star Taxi","41.97907082","-87.903039661","POINT (-87.9030396611 41.9790708201)",,,
"27dc80628694c1c8a14d0210777abbfd8651c36f","41235584d1969c7a37382dbbac8e063edfc824f5bddddea9da0299ff2dfb790081ed159c74bc5bc18366e3219a4885d5c881b538d083d8a72f4a3b9d3cbe7127","2026-04-30T22:15:00.000","2026-04-30T22:45:00.000","1033","3.87",,,"8","60","14.78","0","0","0","15.28","Mobile","5 Star Taxi","41.899602111","-87.633308037","POINT (-87.6333080367 41.899602111)","41.836150155","-87.648787952","POINT (-87.6487879519 41.8361501547)"
"9d7394abd6e7805475241683fa3987f0fa97acaa","bd148166cee8cd0aa6477ae76e191ac3ac647166ff5a860b8339a793facb0dcbca00c90f51b3678ca3bb649367636e501b116f34fc9a8d655f70c7b7d985f50c","2026-04-30T22:15:00.000","2026-04-30T22:30:00.000","296","0.79",,,"24","24","9.5","0.68","0","0","10.68","Mobile","Flash Cab","41.901206994","-87.676355989","POINT (-87.6763559892 41.9012069941)","41.901206994","-87.676355989","POINT (-87.6763559892 41.9012069941)"
"38d01053258cc0582f8e5128f8c3d959ec47da5c","4ea76937237d234148f31343797e28d4616f50891cb565129299236d6404d4427e7b23f376f58a84e51bf05a2755080f45c6b464037703e2efb17443357f732e","2026-04-30T22:15:00.000","2026-04-30T22:15:00.000","7","0","17031320100","17031320100","32","32","20","4.1","0","0","24.6","Credit Card","Sun Taxi","41.884987192","-87.620992913","POINT (-87.6209929134 41.8849871918)","41.884987192","-87.620992913","POINT (-87.6209929134 41.8849871918)"
"2f7184793d23f0ea7be320d318e80a594c79b300","d3f80bdd3e5bf4eb1171818d77e3a26f979115958059a7beeee2bc26d116222641381f751f44b4b944b7917aa6850aa9dfbac4088f70a0cfa04f53fb25bc5755","2026-04-30T22:15:00.000","2026-04-30T22:45:00.000","1911","14.91",,,"76","7","38","8.7","0","5","52.2","Credit Card","Top Cab","41.980264315","-87.913624596","POINT (-87.913624596 41.9802643146)","41.922686284","-87.649488729","POINT (-87.6494887289 41.9226862843)"
"2f45e68f05bb64ee1f10b972fdf5b5d85c5608cc","a81c9d35e36a74e51b5cff3a4c26189fd7033a776d27d1935aa40b27fc39de39e9a5c5a1f75bb7708456eae9e54d76dcf0b1ba845137356408564ec6979b6bfc","2026-04-30T22:15:00.000","2026-04-30T22:15:00.000","682","2.31",,,"8","32","11.58","0","0","0","12.08","Mobile","Sun Taxi","41.899602111","-87.633308037","POINT (-87.6333080367 41.899602111)","41.878865584","-87.625192142","POINT (-87.6251921424 41.8788655841)"
"2f005fd33edc80cb9572aba38982a35f87bdfd21","db082c26203779f867e87e701c3c8dfebe3611670decbb96153651587a91e255ea0ab461508c603c164d4a70a0fb92099744f959a2ca6c4d3c15c3e8ce871a28","2026-04-30T22:15:00.000","2026-04-30T22:30:00.000","633","2.11",,,"8","8","11.93","0","0","0","12.43","Mobile","Flash Cab","41.899602111","-87.633308037","POINT (-87.6333080367 41.899602111)","41.899602111","-87.633308037","POINT (-87.6333080367 41.899602111)"
"c33c8c625bfabeac02dcc407f028ca4431bb038f","bc71b5d2cb8320a69947adef34a809194621917747c14bae6b3f3c163c59f57102f65a33c3d0598ff30d468a756c170931cea53d236f0e0bcff8a5b858351730","2026-04-30T22:15:00.000","2026-04-30T22:30:00.000","1080","0",,,"56","59","35","7.1","0","0","42.1","Credit Card","Transit Administrative Center Inc","41.79259236","-87.769615453","POINT (-87.7696154528 41.7925923603)","41.829922304","-87.672502646","POINT (-87.6725026464 41.8299223039)"
"9c9d6cfb1eca7e961c69f75a67ae64356f23fbef","64701560a769b6e4b86576d7b01b3be69e369f22653bb58e838b2a2aafbae6d4e908a019cf8547b514e798d01e0a2dd66053ba57f0731bbec6662cf250f35522","2026-04-30T22:15:00.000","2026-04-30T22:30:00.000","1038","5.22",,,"7","32","19.79","0","0","0","20.29","Mobile","Flash Cab","41.922686284","-87.649488729","POINT (-87.6494887289 41.9226862843)","41.878865584","-87.625192142","POINT (-87.6251921424 41.8788655841)"
"9c7d577fba3cbfb8a8b6a5aed6a44f198506ae9c","9dc2e0578dc153302955faa509065c083d18c91767f762237b9a73e6d20503840732229b9661c011226e0cd92e1c02557caf7226975145b888d398bc5a9574ec","2026-04-30T22:15:00.000","2026-04-30T23:00:00.000","2819","34.44",,,"76","75","82.5","14.55","0.01","14","111.56","Credit Card","Medallion Leasin","41.980264315","-87.913624596","POINT (-87.913624596 41.9802643146)","41.689729914","-87.669054403","POINT (-87.6690544032 41.6897299145)"
"22be3f5927bd65e9fdf27570f8c45f8bbbe119e2","e721bbad6011a0096c3d8b0b6ad61b4762e4ac3707938464452fc77cb22e28569b21054a82c6f080b4144a42b643bc644d5bd9fa25cbb61e1077371a0d2522b1","2026-04-30T22:15:00.000","2026-04-30T22:30:00.000","625","3.32",,,"8","6","13.47","0","0","0","13.97","Mobile","5 Star Taxi","41.899602111","-87.633308037","POINT (-87.6333080367 41.899602111)","41.944226601","-87.655998182","POINT (-87.6559981815 41.9442266014)"
"0b38fab8dbca9cbafeba7e622027eb428323ae37","21f210e0f7e9291dd7f3643f0130d0221f153dc8d9ba615181d97c1350126f3d017139b6f9b5a3e04ac3b529bdb82c6632540b1ec7a8490190a5d4c7604e25d1","2026-04-30T22:15:00.000","2026-04-30T22:30:00.000","909","2.08",,,"32","8","10.51","0","0","0","11.01","Mobile","Wolley Taxi","41.878865584","-87.625192142","POINT (-87.6251921424 41.8788655841)","41.899602111","-87.633308037","POINT (-87.6333080367 41.899602111)"
"388bedc6e297e44a6fb6e7422688a266051c792b","ff31006332ba8816d747b0d2e002d6aaf4187fd1f3728cc34f6b1ea222011d2cdd6dbd5d0283a5026c7c000b236f1741516527ba314bc732dc93fda5976bd737","2026-04-30T22:15:00.000","2026-04-30T23:30:00.000","4190","18.3",,,"76",,"68.75","5","0","0","74.25","Credit Card","5 Star Taxi","41.980264315","-87.913624596","POINT (-87.913624596 41.9802643146)",,,
"03517a75ae0cc2c321a3c0848396338472ef8c4a","a46aedb114a720df392300b351493f1a65cd0e8f485f70aa9f75583c3322994498fc75d3edef03ceff07def05b3761fedc38268ef8bb3c5c97446bc4bbb752da","2026-04-30T22:15:00.000","2026-04-30T22:45:00.000","1543","9.43",,,"4",,"26","0","0","0","26","Cash","Flash Cab","41.975170943","-87.687515515","POINT (-87.6875155152 41.9751709433)",,,
"838c122176b6703256167bb953445b669b28e1eb","ef5eff6bb140de6acea46bf7980c2547b6d2486f1f8310ba85cfe00587782d44aacc427d6bb339df8ce753fe4f13b44bd325a38c03146d743f26ebfbcb629231","2026-04-30T22:15:00.000","2026-04-30T23:00:00.000","2618","18.82","17031980000","17031081403","76","8","48","0","0","5","53","Cash","Sun Taxi","41.97907082","-87.903039661","POINT (-87.9030396611 41.9790708201)","41.890922026","-87.618868355","POINT (-87.6188683546 41.8909220259)"
"38437ab389a44e9d884130d0e584904056fe1389","d51d7320d994f73bc976378ef9c4bc657664d5b8581ef17027b19db7f91b389fde264842f3af92e9738a7f0f98251274effdbb814c0213411db0f8b6bb6147d2","2026-04-30T22:15:00.000","2026-04-30T22:15:00.000","13","0",,,,,"3.25","3.82","0","21.75","29.32","Credit Card","Medallion Leasin",,,,,,
"2a48be7c65ac2657b1bf40447beb76b9e92d4820","9a8899dcdf0d6b8a716018392bed8c6dafe929b0b7ea7d2699742d9dc84a2755dffbcfab23f3c730acfdb729bde6a509479084b3eb294f0aa17c4672e6058bfb","2026-04-30T22:15:00.000","2026-04-30T22:45:00.000","1843","14.02","17031980000","17031060900","76","6","36","10","0","4","50.5","Credit Card","City Service","41.97907082","-87.903039661","POINT (-87.9030396611 41.9790708201)","41.949829346","-87.64396537","POINT (-87.6439653703 41.949829346)"
"9ce1b480b834e4b865e7fc5b0772531467110eeb","01613b6148c4887be30ad6082c980f8862f35c998495af37dbb126fd32b6534f743270d695e6f386cb82cee9b3ba861cd78b0cd65aa66563808a7f63d2b00a62","2026-04-30T22:15:00.000","2026-04-30T22:15:00.000","300","0.55",,,"8","8","5.23","0","0","0","5.73","Mobile","Taxicab Insurance Agency Llc","41.899602111","-87.633308037","POINT (-87.6333080367 41.899602111)","41.899602111","-87.633308037","POINT (-87.6333080367 41.899602111)"
"4566d1bc3b64084a173c824022abe1f75960fe39","bec564bc76ead09ce3ff6220d91e4e0a1b7432a5dbeb76772259ac018af8e654b9898cf240da139399a0d5f6bdceebd4d3bbcda7bb711df2b53490d9b30087ea","2026-04-30T22:15:00.000","2026-04-30T22:15:00.000","360","0.9",,,"8","7","6.25","1.39","0","3","10.64","Credit Card","Transit Administrative Center Inc","41.899602111","-87.633308037","POINT (-87.6333080367 41.899602111)","41.922686284","-87.649488729","POINT (-87.6494887289 41.9226862843)"
"1394ea8d8cc96ebe8205cd2b73ff901240fffe58","f5dba6c5cdc1520493ef3d4a8dc0e787aae7d08780d2457feebd2bec94839aecb5b88fad0ebc61c2accf01b5bbe1fa925fa8fdc4908eac20ea7dabeec2fb4a30","2026-04-30T22:15:00.000","2026-04-30T23:00:00.000","2696","28.72",,,"76","8","46.25","0","0","4","50.25","Cash","Taxicab Insurance Agency Llc","41.980264315","-87.913624596","POINT (-87.913624596 41.9802643146)","41.899602111","-87.633308037","POINT (-87.6333080367 41.899602111)"
"bfb5c47047df7599987ce6cccedf9a55936a591d","5b5468decf044923a204b5c6ff4b428569133158717d9e64929a3cdc65c9c3f075ed540e8099c69e20fdd624ebee7d702a6cdbe872859f62410a057328933375","2026-04-30T22:15:00.000","2026-04-30T22:30:00.000","561","3.21","17031833000","17031832600","28","7","12.25","3.45","0","0","16.2","Mobile","Taxicab Insurance Agency Llc","41.88528132","-87.6572332","POINT (-87.6572331997 41.8852813201)","41.914747305","-87.654007029","POINT (-87.6540070286 41.9147473049)"
